Network,Annotation
MyList,"R-HSA-1640170|Cell Cycle|-25.8;R-HSA-69278|Cell Cycle, Mitotic|-22.1;R-HSA-69620|Cell Cycle Checkpoints|-16.4"
MyList_MCODE_ALL,R-HSA-69620|Cell Cycle Checkpoints|-23.0;R-HSA-2500257|Resolution of Sister Chromatid Cohesion|-22.9;R-HSA-68882|Mitotic Anaphase|-22.7
MyList_SUB1_MCODE_1,R-HSA-2500257|Resolution of Sister Chromatid Cohesion|-33.2;R-HSA-68877|Mitotic Prometaphase|-30.2;R-HSA-68882|Mitotic Anaphase|-29.2
MyList_SUB1_MCODE_2,R-HSA-416476|G alpha (q) signalling events|-12.7;R-HSA-500792|GPCR ligand binding|-10.7;R-HSA-388396|GPCR downstream signalling|-9.9
MyList_SUB1_MCODE_3,R-HSA-69620|Cell Cycle Checkpoints|-7.9;R-HSA-69017|CDK-mediated phosphorylation and removal of Cdc6|-7.2;R-HSA-174184|Cdc20:Phospho-APC/C mediated degradation of Cyclin A|-7.2
MyList_SUB1_MCODE_5,R-HSA-380108|Chemokine receptors bind chemokines|-8.1;GO:0070098|chemokine-mediated signaling pathway|-7.5;GO:1990869|cellular response to chemokine|-7.4
