Cluster,Score,Type,Gene,Symbol,Network
1,6.5,Seed,147841,SPC24,MyList_SUB1
1,6.5,Clustered,9133,CCNB2,MyList_SUB1
1,6.5,Clustered,5516,PPP2CB,MyList_SUB1
1,6.5,Clustered,79023,NUP37,MyList_SUB1
1,6.5,Clustered,54908,SPDL1,MyList_SUB1
1,6.5,Clustered,113130,CDCA5,MyList_SUB1
1,6.5,Clustered,55166,CENPQ,MyList_SUB1
1,6.5,Clustered,983,CDK1,MyList_SUB1
1,6.5,Clustered,9212,AURKB,MyList_SUB1
1,6.5,Clustered,57405,SPC25,MyList_SUB1
1,6.5,Clustered,1063,CENPF,MyList_SUB1
1,6.5,Clustered,891,CCNB1,MyList_SUB1
1,6.5,Clustered,991,CDC20,MyList_SUB1
1,6.5,Clustered,332,BIRC5,MyList_SUB1
2,2.5,Clustered,10911,UTS2,MyList_SUB1
2,2.5,Clustered,94235,GNG8,MyList_SUB1
2,2.5,Clustered,5031,P2RY6,MyList_SUB1
2,2.5,Clustered,6915,TBXA2R,MyList_SUB1
2,2.5,Seed,56413,LTB4R2,MyList_SUB1
2,2.5,Clustered,57105,CYSLTR2,MyList_SUB1
3,1.5,Clustered,8697,CDC23,MyList_SUB1
3,1.5,Clustered,890,CCNA2,MyList_SUB1
3,1.5,Seed,672,BRCA1,MyList_SUB1
3,1.5,Clustered,11065,UBE2C,MyList_SUB1
4,1.25,Clustered,55723,ASF1B,MyList_SUB1
4,1.25,Seed,259307,IL4I1,MyList_SUB1
4,1.25,Clustered,8329,H2AC13,MyList_SUB1
4,1.25,Clustered,723790,H2AC19,MyList_SUB1
5,1.0,Seed,1524,CX3CR1,MyList_SUB1
5,1.0,Clustered,3627,CXCL10,MyList_SUB1
5,1.0,Clustered,3579,CXCR2,MyList_SUB1
6,1.0,Clustered,51650,MRPS33,MyList_SUB1
6,1.0,Clustered,10240,MRPS31,MyList_SUB1
6,1.0,Clustered,79922,MRM1,MyList_SUB1
7,1.0,Clustered,51728,POLR3K,MyList_SUB1
7,1.0,Clustered,4298,MLLT1,MyList_SUB1
7,1.0,Seed,2968,GTF2H4,MyList_SUB1
8,1.0,Clustered,55552,ZNF823,MyList_SUB1
8,1.0,Seed,9477,MED20,MyList_SUB1
8,1.0,Clustered,7554,ZNF8,MyList_SUB1
