_MEMBER_MyList,_LogP_MyList,GO,_PATTERN_,_RANK_,GiniIndex,Category,CategoryID,Description,PARENT_GO,LogP,Enrichment,Z-score,#TotalGeneInLibrary,#GeneInGO,#GeneInHitList,#GeneInGOAndHitList,%InGO,STDV %InGO,GeneID,Hits,Log(q-value),EvidenceCutoff
1,-18,COVID193,M1,1,0,COVID,200,RNA_Stukalov_A549-ACE2_30h_Up,,-18,16,17,28162,300,114,20,18,3.6,374|467|1316|1545|1843|2353|2354|3280|4509|4929|5144|7128|7538|8013|8061|22822|23099|49854|51330|60370,AREG|ATF3|KLF6|CYP1B1|DUSP1|FOS|FOSB|HES1|ATP8|NR4A2|PDE4D|TNFAIP3|ZFP36|NR4A3|FOSL1|PHLDA1|ZBTB43|ZBTB21|TNFRSF12A|AVPI1,-14,0
1,-14,COVID191,M1,1,0,COVID,200,RNA_Stukalov_A549-ACE2_24h_Up,,-14,30,18,28162,98,114,12,11,2.9,374|467|1316|1843|2353|7128|7538|8061|22822|23099|51330|84807,AREG|ATF3|KLF6|DUSP1|FOS|TNFAIP3|ZFP36|FOSL1|PHLDA1|ZBTB43|TNFRSF12A|NFKBID,-10,0
1,-13,COVID243,M1,1,0,COVID,200,RNA_Riva_Vero-E6_24h_Up,,-13,13,14,28162,300,114,16,14,3.3,467|1316|1843|2353|4929|5144|5209|7128|7538|7862|8013|8061|23082|54541|57162|84807,ATF3|KLF6|DUSP1|FOS|NR4A2|PDE4D|PFKFB3|TNFAIP3|ZFP36|BRPF1|NR4A3|FOSL1|PPRC1|DDIT4|PELI1|NFKBID,-9,0
1,-11,COVID010,M1,1,0,COVID,200,RNA_Blanco-Melo_A549-ACE2_Up,,-11,12,12,28162,300,114,14,12,3.1,467|2353|2354|3280|5144|5366|7128|7538|7862|8013|23099|49854|51132|57693,ATF3|FOS|FOSB|HES1|PDE4D|PMAIP1|TNFAIP3|ZFP36|BRPF1|NR4A3|ZBTB43|ZBTB21|RLIM|ZNF317,-6.9,0
1,-11,COVID034,M1,1,0,COVID,200,RNA_Liao_BALF-severe-vs-mild_Up,,-11,12,12,28162,300,114,14,12,3.1,374|444|1545|2354|5055|5366|8061|8460|9509|10501|22822|51330|114548|135228,AREG|ASPH|CYP1B1|FOSB|SERPINB2|PMAIP1|FOSL1|TPST1|ADAMTS2|SEMA6B|PHLDA1|TNFRSF12A|NLRP3|CD109,-6.9,0
1,-9.5,COVID008,M1,1,0,COVID,200,RNA_Blanco-Melo_A549_Up,,-9.5,11,11,28162,300,114,13,11,3,467|1316|1545|1831|1843|2273|3685|5366|6385|7128|8061|22822|23138,ATF3|KLF6|CYP1B1|TSC22D3|DUSP1|FHL1|ITGAV|PMAIP1|SDC4|TNFAIP3|FOSL1|PHLDA1|N4BP3,-5.9,0
1,-9.5,COVID016,M1,1,0,COVID,200,RNA_Blanco-Melo_Calu-3_Up,,-9.5,11,11,28162,300,114,13,11,3,467|969|1316|1545|1843|2354|5055|5366|6385|7128|7538|57162|94120,ATF3|CD69|KLF6|CYP1B1|DUSP1|FOSB|SERPINB2|PMAIP1|SDC4|TNFAIP3|ZFP36|PELI1|SYTL3,-5.9,0
1,-8.4,COVID036,M1,1,0,COVID,200,RNA_Sun_Calu-3_0h_Up,,-8.4,9.9,9.9,28162,300,114,12,11,2.9,467|969|1843|2353|4814|5209|5366|6385|7128|8061|22822|57162,ATF3|CD69|DUSP1|FOS|NINJ1|PFKFB3|PMAIP1|SDC4|TNFAIP3|FOSL1|PHLDA1|PELI1,-5,0
1,-8.4,COVID050,M1,1,0,COVID,200,RNA_Wyler_Calu-3_24h_Up,,-8.4,9.9,9.9,28162,300,114,12,11,2.9,374|467|1316|1843|2353|5055|5366|6385|7128|7538|8061|57162,AREG|ATF3|KLF6|DUSP1|FOS|SERPINB2|PMAIP1|SDC4|TNFAIP3|ZFP36|FOSL1|PELI1,-5,0
1,-7.4,COVID032,M1,1,0,COVID,200,RNA_Liao_BALF-severe_Up,,-7.4,9.1,8.9,28162,300,114,11,9.6,2.8,5055|5144|5366|5790|8061|8460|9509|9877|9997|22822|114548,SERPINB2|PDE4D|PMAIP1|PTPRCAP|FOSL1|TPST1|ADAMTS2|ZC3H11A|SCO2|PHLDA1|NLRP3,-4.2,0
1,-6.9,COVID046,M1,1,0,COVID,200,RNA_Wyler_Caco-2_24h_Up,,-6.9,18,11,28162,95,114,7,6.1,2.2,467|1316|1843|2353|2354|7128|8061,ATF3|KLF6|DUSP1|FOS|FOSB|TNFAIP3|FOSL1,-3.8,0
1,-6.9,COVID247,M1,1,0,COVID,200,RNA_Wilk_CD14+Monocytes_patient-C1B-severe_Down,,-6.9,26,12,28162,58,114,6,5.3,2.1,1316|1831|1843|2353|2354|7538,KLF6|TSC22D3|DUSP1|FOS|FOSB|ZFP36,-3.8,0
1,-6.4,COVID038,M1,1,0,COVID,200,RNA_Sun_Calu-3_12h_Up,,-6.4,8.2,8,28162,300,114,10,8.8,2.6,467|1316|1545|1843|5366|7128|9877|23099|49854|153020,ATF3|KLF6|CYP1B1|DUSP1|PMAIP1|TNFAIP3|ZC3H11A|ZBTB43|ZBTB21|RASGEF1B,-3.3,0
1,-6.4,COVID040,M1,1,0,COVID,200,RNA_Sun_Calu-3_24h_Up,,-6.4,8.2,8,28162,300,114,10,8.8,2.6,467|1316|1843|5366|7128|7538|23099|49854|57162|153020,ATF3|KLF6|DUSP1|PMAIP1|TNFAIP3|ZFP36|ZBTB43|ZBTB21|PELI1|RASGEF1B,-3.3,0
1,-6,COVID244,M1,1,0,COVID,200,RNA_Wilk_CD14+Monocytes_patient-C1A-mild_Up,,-6,19,10,28162,80,114,6,5.3,2.1,929|6279|7128|9332|9997|79887,CD14|S100A8|TNFAIP3|CD163|SCO2|PLBD1,-3.1,0
1,-5.7,COVID255,M1,1,0,COVID,200,RNA_Wilk_CD14+Monocytes_patient-C5_Down,,-5.7,12,8.5,28162,142,114,7,6.1,2.2,1316|1831|1843|2353|2354|4688|7538,KLF6|TSC22D3|DUSP1|FOS|FOSB|NCF2|ZFP36,-2.9,0
1,-5.5,COVID253,M1,1,0,COVID,200,RNA_Wilk_CD14+Monocytes_patient-C4_Down,,-5.5,15,9,28162,97,114,6,5.3,2.1,1316|1831|1843|2353|2354|7538,KLF6|TSC22D3|DUSP1|FOS|FOSB|ZFP36,-2.7,0
1,-5,COVID346,M1,1,0,COVID,200,RNA_Wilk_B-cells_patient-C5_Down,,-5,9.6,7.4,28162,181,114,7,6.1,2.2,1316|1831|1843|2353|2354|5790|7852,KLF6|TSC22D3|DUSP1|FOS|FOSB|PTPRCAP|CXCR4,-2.3,0
1,-4.8,COVID338,M1,1,0,COVID,200,RNA_Wilk_B-cells_patient-C1B-severe_Down,,-4.8,16,8.5,28162,76,114,5,4.4,1.9,1316|1831|1843|5790|7852,KLF6|TSC22D3|DUSP1|PTPRCAP|CXCR4,-2.2,0
1,-4.7,COVID319,M1,1,0,COVID,200,RNA_Wilk_CD4+T-cells_patient-C1A-mild_Up,,-4.7,25,9.6,28162,40,114,4,3.5,1.7,1316|2353|6279|7128,KLF6|FOS|S100A8|TNFAIP3,-2.1,0
1,-4.5,COVID048,M1,1,0,COVID,200,RNA_Wyler_Calu-3_12h_Up,,-4.5,6.6,6.2,28162,300,114,8,7,2.4,467|1316|1843|5366|7128|7538|57162|153020,ATF3|KLF6|DUSP1|PMAIP1|TNFAIP3|ZFP36|PELI1|RASGEF1B,-2,0
1,-4.3,COVID262,M1,1,0,COVID,200,RNA_Wilk_CD16+Monocytes_patient-C1B-severe_Up,,-4.3,20,8.6,28162,49,114,4,3.5,1.7,929|4814|6279|9332,CD14|NINJ1|S100A8|CD163,-1.8,0
1,-4.2,COVID344,M1,1,0,COVID,200,RNA_Wilk_B-cells_patient-C4_Down,,-4.2,8.8,6.5,28162,169,114,6,5.3,2.1,969|1316|1831|1843|5790|7852,CD69|KLF6|TSC22D3|DUSP1|PTPRCAP|CXCR4,-1.7,0
1,-3.9,COVID240,M1,1,0,COVID,200,RNA_Lieberman_Nasopharynx_High_vs_Low_Down,,-3.9,7.9,6,28162,188,114,6,5.3,2.1,2204|2353|7852|56172|84807|100423062,FCAR|FOS|CXCR4|ANKH|NFKBID|IGLL5,-1.5,0
1,-3.8,COVID189,M1,1,0,COVID,200,RNA_Stukalov_A549-ACE2_18h_Up,,-3.8,15,7.2,28162,66,114,4,3.5,1.7,467|1316|1843|2354,ATF3|KLF6|DUSP1|FOSB,-1.4,0
1,-3.8,COVID209,M1,1,0,COVID,200,Proteome_Li_Urine-recovery-vs-healthy_Down,,-3.8,9.8,6.3,28162,126,114,5,4.4,1.9,1475|6279|6385|51330|100423062,CSTA|S100A8|SDC4|TNFRSF12A|IGLL5,-1.4,0
1,-3.6,COVID246,M1,1,0,COVID,200,RNA_Wilk_CD14+Monocytes_patient-C1B-severe_Up,,-3.6,13,6.6,28162,77,114,4,3.5,1.7,929|1545|6279|79887,CD14|CYP1B1|S100A8|PLBD1,-1.2,0
1,-3.5,COVID287,M1,1,0,COVID,200,RNA_Wilk_NK-cells_patient-C1A-mild_Up,,-3.5,22,7.7,28162,34,114,3,2.6,1.5,6279|7128|7852,S100A8|TNFAIP3|CXCR4,-1.2,0
1,-3.4,COVID256,M1,1,0,COVID,200,RNA_Wilk_CD14+Monocytes_patient-C6_Up,,-3.4,8,5.6,28162,154,114,5,4.4,1.9,929|1545|6279|9332|79887,CD14|CYP1B1|S100A8|CD163|PLBD1,-1.1,0
1,-3.3,COVID264,M1,1,0,COVID,200,RNA_Wilk_CD16+Monocytes_patient-C3_Up,,-3.3,19,7.2,28162,39,114,3,2.6,1.5,929|6279|9332,CD14|S100A8|CD163,-1,0
1,-3.1,COVID268,M1,1,0,COVID,200,RNA_Wilk_CD16+Monocytes_patient-C5_Up,,-3.1,9.9,5.7,28162,100,114,4,3.5,1.7,929|9332|9997|79887,CD14|CD163|SCO2|PLBD1,-0.95,0
1,-2.9,COVID250,M1,1,0,COVID,200,RNA_Wilk_CD14+Monocytes_patient-C3_Up,,-2.9,15,6.2,28162,51,114,3,2.6,1.5,1545|6279|79887,CYP1B1|S100A8|PLBD1,-0.82,0
1,-2.8,COVID006,M1,1,0,COVID,200,RNA_Appelberg_Huh-7_72h_Up,,-2.8,4.9,4.4,28162,300,114,6,5.3,2.1,1|467|2353|7128|64388|135228,A1BG|ATF3|FOS|TNFAIP3|GREM2|CD109,-0.76,0
1,-2.8,COVID024,M1,1,0,COVID,200,RNA_Keller_B-cells-Infected_CD21pos_Up,,-2.8,4.9,4.4,28162,300,114,6,5.3,2.1,969|3597|5366|7852|8460|160622,CD69|IL13RA1|PMAIP1|CXCR4|TPST1|TAMALIN,-0.76,0
1,-2.8,COVID054,M1,1,0,COVID,200,RNA_Xiong_PBMC_Up,,-2.8,4.9,4.4,28162,300,114,6,5.3,2.1,374|6004|8460|9332|9509|100131234,AREG|RGS16|TPST1|CD163|ADAMTS2|MIR181A1HG,-0.76,0
1,-2.8,COVID245,M1,1,0,COVID,200,RNA_Wilk_CD14+Monocytes_patient-C1A-mild_Down,,-2.8,13,5.9,28162,55,114,3,2.6,1.5,1843|2353|2354,DUSP1|FOS|FOSB,-0.76,0
1,-2.8,COVID251,M1,1,0,COVID,200,RNA_Wilk_CD14+Monocytes_patient-C3_Down,,-2.8,13,5.7,28162,58,114,3,2.6,1.5,1831|1843|2353,TSC22D3|DUSP1|FOS,-0.7,0
1,-2.7,COVID353,M1,1,0,COVID,200,RNA_Zhang_Monocytes_severe-and-moderate_Up,,-2.7,7.8,4.9,28162,127,114,4,3.5,1.7,929|5790|6279|79887,CD14|PTPRCAP|S100A8|PLBD1,-0.68,0
1,-2.7,COVID154,M1,1,0,COVID,200,Proteome_Stukalov_A549_72h_NSP1_Down,,-2.7,5.8,4.5,28162,214,114,5,4.4,1.9,929|5144|9997|10018|55197,CD14|PDE4D|SCO2|BCL2L11|RPRD1A,-0.68,0
1,-2.7,COVID248,M1,1,0,COVID,200,RNA_Wilk_CD14+Monocytes_patient-C2_Up,,-2.7,12,5.5,28162,63,114,3,2.6,1.5,929|6279|79887,CD14|S100A8|PLBD1,-0.64,0
1,-2.5,COVID260,M1,1,0,COVID,200,RNA_Wilk_CD16+Monocytes_patient-C1A-mild_Up,,-2.5,10,5,28162,74,114,3,2.6,1.5,929|7128|9332,CD14|TNFAIP3|CD163,-0.51,0
1,-2.4,COVID266,M1,1,0,COVID,200,RNA_Wilk_CD16+Monocytes_patient-C4_Up,,-2.4,9.6,4.8,28162,77,114,3,2.6,1.5,929|6279|9332,CD14|S100A8|CD163,-0.47,0
1,-2.4,COVID252,M1,1,0,COVID,200,RNA_Wilk_CD14+Monocytes_patient-C4_Up,,-2.4,9.5,4.8,28162,78,114,3,2.6,1.5,6279|9332|79887,S100A8|CD163|PLBD1,-0.46,0
1,-2.4,COVID017,M1,1,0,COVID,200,RNA_Blanco-Melo_Lung_Down,,-2.4,4.8,3.9,28162,259,114,5,4.4,1.9,969|1475|6279|64581|84807,CD69|CSTA|S100A8|CLEC7A|NFKBID,-0.45,0
1,-2.3,COVID018,M1,1,0,COVID,200,RNA_Blanco-Melo_Lung_Up,,-2.3,8.9,4.6,28162,83,114,3,2.6,1.5,2353|2354|5900,FOS|FOSB|RALGDS,-0.42,0
1,-2.1,COVID030,M1,1,0,COVID,200,RNA_Liao_BALF-mild_Up,,-2.1,4.1,3.5,28162,300,114,5,4.4,1.9,4509|5790|8460|9877|9997,ATP8|PTPRCAP|TPST1|ZC3H11A|SCO2,-0.27,0
1,-2.1,COVID254,M1,1,0,COVID,200,RNA_Wilk_CD14+Monocytes_patient-C5_Up,,-2.1,7.1,4,28162,104,114,3,2.6,1.5,6279|9332|79887,S100A8|CD163|PLBD1,-0.22,0
