_MEMBER_MyList,_LogP_MyList,GO,_PATTERN_,_RANK_,GiniIndex,Category,CategoryID,Description,PARENT_GO,LogP,Enrichment,Z-score,#TotalGeneInLibrary,#GeneInGO,#GeneInHitList,#GeneInGOAndHitList,%InGO,STDV %InGO,GeneID,Hits,Log(q-value),EvidenceCutoff
1,-8.5,C4552091,M1,1,0,DisGeNET,35,"Polyarthritis, Juvenile, Rheumatoid Factor Negative",,-8.5,17,12,28162,131,114,9,7.9,2.5,374|929|1843|2353|2354|4929|7852|8013|153020,AREG|CD14|DUSP1|FOS|FOSB|NR4A2|CXCR4|NR4A3|RASGEF1B,-5,0
1,-8.5,C4704862,M1,1,0,DisGeNET,35,"Polyarthritis, Juvenile, Rheumatoid Factor Positive",,-8.5,17,12,28162,131,114,9,7.9,2.5,374|929|1843|2353|2354|4929|7852|8013|153020,AREG|CD14|DUSP1|FOS|FOSB|NR4A2|CXCR4|NR4A3|RASGEF1B,-5,0
1,-8.3,C3714758,M1,1,0,DisGeNET,35,Juvenile psoriatic arthritis,,-8.3,16,11,28162,138,114,9,7.9,2.5,374|929|1843|2353|2354|4929|7852|8013|153020,AREG|CD14|DUSP1|FOS|FOSB|NR4A2|CXCR4|NR4A3|RASGEF1B,-4.9,0
1,-8.1,C0027121,M1,1,0,DisGeNET,35,Myositis,,-8.1,11,9.9,28162,254,114,11,9.6,2.8,825|2273|4688|6279|7538|7852|9332|23435|51330|84617|114548,CAPN3|FHL1|NCF2|S100A8|ZFP36|CXCR4|CD163|TARDBP|TNFRSF12A|TUBB6|NLRP3,-4.7,0
1,-7.5,C0087031,M1,1,0,DisGeNET,35,Juvenile-Onset Still Disease,,-7.5,13,10,28162,171,114,9,7.9,2.5,374|929|1843|2353|2354|4929|7852|8013|153020,AREG|CD14|DUSP1|FOS|FOSB|NR4A2|CXCR4|NR4A3|RASGEF1B,-4.2,0
1,-7.4,C1397307,M1,1,0,DisGeNET,35,Cardiac fibrosis,,-7.4,9.1,9,28162,297,114,11,9.6,2.8,374|467|728|969|1843|4092|6533|7852|51330|64388|114548,AREG|ATF3|C5AR1|CD69|DUSP1|SMAD7|SLC6A6|CXCR4|TNFRSF12A|GREM2|NLRP3,-4.2,0
1,-7.4,C3495559,M1,1,0,DisGeNET,35,Juvenile arthritis,,-7.4,7.1,8.4,28162,450,114,13,11,3,374|929|1843|2353|2354|4929|6279|6615|7128|7852|8013|114548|153020,AREG|CD14|DUSP1|FOS|FOSB|NR4A2|S100A8|SNAI1|TNFAIP3|CXCR4|NR4A3|NLRP3|RASGEF1B,-4.2,0
1,-7.2,C0011615,M1,1,0,DisGeNET,35,"Dermatitis, Atopic",,-7.2,5.3,7.5,28162,751,114,16,14,3.3,929|1475|1843|2353|2354|3597|5144|6279|7128|7852|9332|9509|28984|51330|64581|114548,CD14|CSTA|DUSP1|FOS|FOSB|IL13RA1|PDE4D|S100A8|TNFAIP3|CXCR4|CD163|ADAMTS2|RGCC|TNFRSF12A|CLEC7A|NLRP3,-4,0
1,-7.2,C0151744,M1,1,0,DisGeNET,35,Myocardial Ischemia,,-7.2,5.2,7.5,28162,756,114,16,14,3.3,374|929|1843|3280|5055|5209|6279|6533|6804|7056|7538|7852|28984|54541|64581|114548,AREG|CD14|DUSP1|HES1|SERPINB2|PFKFB3|S100A8|SLC6A6|STX1A|THBD|ZFP36|CXCR4|RGCC|DDIT4|CLEC7A|NLRP3,-4,0
1,-7.1,C0376618,M1,1,0,DisGeNET,35,Endotoxemia,,-7.1,7.4,8.2,28162,401,114,12,11,2.9,467|728|929|2353|2354|4146|5209|6279|7056|7852|54541|114548,ATF3|C5AR1|CD14|FOS|FOSB|MATN1|PFKFB3|S100A8|THBD|CXCR4|DDIT4|NLRP3,-3.9,0
1,-7,C1519346,M1,1,0,DisGeNET,35,Skin Carcinogenesis,,-7,11,9.3,28162,194,114,9,7.9,2.5,2353|2354|3685|4092|5055|5900|6279|6615|8013,FOS|FOSB|ITGAV|SMAD7|SERPINB2|RALGDS|S100A8|SNAI1|NR4A3,-3.9,0
1,-6.8,C0024115,M1,1,0,DisGeNET,35,Lung diseases,,-6.8,5.3,7.3,28162,700,114,15,13,3.2,2|374|728|929|1843|2353|2354|4092|5366|6279|6615|7852|54984|57162|114548,A2M|AREG|C5AR1|CD14|DUSP1|FOS|FOSB|SMAD7|PMAIP1|S100A8|SNAI1|CXCR4|PINX1|PELI1|NLRP3,-3.7,0
1,-6.3,C0042344,M1,1,0,DisGeNET,35,Varicose Ulcer,,-6.3,33,12,28162,38,114,5,4.4,1.9,467|1475|4092|6279|6385,ATF3|CSTA|SMAD7|S100A8|SDC4,-3.3,0
1,-6.3,C3875321,M1,1,0,DisGeNET,35,Inflammatory dermatosis,,-6.3,7.1,7.7,28162,382,114,11,9.6,2.8,1831|1843|2353|2354|4092|6279|7056|7128|51330|114548|135228,TSC22D3|DUSP1|FOS|FOSB|SMAD7|S100A8|THBD|TNFAIP3|TNFRSF12A|NLRP3|CD109,-3.3,0
1,-6.3,C0947751,M1,1,0,DisGeNET,35,Vascular inflammations,,-6.3,8.1,7.9,28162,305,114,10,8.8,2.6,1831|1843|2353|2354|4092|6279|7056|7538|54541|114548,TSC22D3|DUSP1|FOS|FOSB|SMAD7|S100A8|THBD|ZFP36|DDIT4|NLRP3,-3.3,0
1,-6.1,C0011603,M1,1,0,DisGeNET,35,Dermatitis,,-6.1,6,7.1,28162,496,114,12,11,2.9,1831|1843|2353|2354|4092|6279|7056|7128|7538|51330|114548|135228,TSC22D3|DUSP1|FOS|FOSB|SMAD7|S100A8|THBD|TNFAIP3|ZFP36|TNFRSF12A|NLRP3|CD109,-3.1,0
1,-6.1,C0374997,M1,1,0,DisGeNET,35,Helicobacter pylori (H. pylori) infection in conditions classified elsewhere and of unspecified site,,-6.1,5.4,6.9,28162,593,114,13,11,3,374|467|929|969|2353|2354|3090|4092|4688|5055|6279|7852|8061,AREG|ATF3|CD14|CD69|FOS|FOSB|HIC1|SMAD7|NCF2|SERPINB2|S100A8|CXCR4|FOSL1,-3.1,0
1,-6.1,C1691215,M1,1,0,DisGeNET,35,Penile hypospadias,,-6.1,14,9.1,28162,127,114,7,6.1,2.2,467|1316|1545|2353|2354|10847|51132,ATF3|KLF6|CYP1B1|FOS|FOSB|SRCAP|RLIM,-3.1,0
1,-6,C3714636,M1,1,0,DisGeNET,35,Pneumonitis,,-6,5,6.8,28162,696,114,14,12,3.1,467|728|929|2353|2354|3685|4814|6385|7128|7538|7852|8061|64581|114548,ATF3|C5AR1|CD14|FOS|FOSB|ITGAV|NINJ1|SDC4|TNFAIP3|ZFP36|CXCR4|FOSL1|CLEC7A|NLRP3,-3.1,0
1,-6,C2745900,M1,1,0,DisGeNET,35,Promyelocytic leukemia,,-6,8.7,7.9,28162,255,114,9,7.9,2.5,1316|2353|3280|4146|5366|6279|7538|7852|28984,KLF6|FOS|HES1|MATN1|PMAIP1|S100A8|ZFP36|CXCR4|RGCC,-3.1,0
1,-5.9,C0008495,M1,1,0,DisGeNET,35,Chorioamnionitis,,-5.9,13,8.9,28162,132,114,7,6.1,2.2,467|929|4092|6279|9332|57162|114548,ATF3|CD14|SMAD7|S100A8|CD163|PELI1|NLRP3,-3,0
1,-5.9,C0031069,M1,1,0,DisGeNET,35,Familial Mediterranean Fever,,-5.9,13,8.8,28162,133,114,7,6.1,2.2,728|929|2353|7056|7128|54541|114548,C5AR1|CD14|FOS|THBD|TNFAIP3|DDIT4|NLRP3,-3,0
1,-5.8,C0034067,M1,1,0,DisGeNET,35,Pulmonary Emphysema,,-5.8,7,7.2,28162,352,114,10,8.8,2.6,2|929|1880|2353|2354|4092|6279|8061|54541|114548,A2M|CD14|GPR183|FOS|FOSB|SMAD7|S100A8|FOSL1|DDIT4|NLRP3,-2.9,0
1,-5.7,C4529962,M1,1,0,DisGeNET,35,Fatty Liver Disease,,-5.7,4.7,6.4,28162,741,114,14,12,3.1,2|374|929|1880|2353|3685|4688|5055|6279|6615|7056|7128|7852|114548,A2M|AREG|CD14|GPR183|FOS|ITGAV|NCF2|SERPINB2|S100A8|SNAI1|THBD|TNFAIP3|CXCR4|NLRP3,-2.9,0
1,-5.6,C0017661,M1,1,0,DisGeNET,35,IGA Glomerulonephritis,,-5.6,6,6.8,28162,456,114,11,9.6,2.8,728|929|1316|1880|2204|2353|2354|8061|9332|51330|114548,C5AR1|CD14|KLF6|GPR183|FCAR|FOS|FOSB|FOSL1|CD163|TNFRSF12A|NLRP3,-2.7,0
1,-5.6,C0003130,M1,1,0,DisGeNET,35,Anoxia,,-5.6,7.7,7.3,28162,287,114,9,7.9,2.5,444|1316|1843|2353|5209|5366|7128|7852|54541,ASPH|KLF6|DUSP1|FOS|PFKFB3|PMAIP1|TNFAIP3|CXCR4|DDIT4,-2.7,0
1,-5.5,C0021368,M1,1,0,DisGeNET,35,Inflammation,,-5.5,5.8,6.7,28162,467,114,11,9.6,2.8,2|728|2204|4092|6279|7056|7128|7538|9332|51330|114548,A2M|C5AR1|FCAR|SMAD7|S100A8|THBD|TNFAIP3|ZFP36|CD163|TNFRSF12A|NLRP3,-2.7,0
1,-5.5,C1840264,M1,1,0,DisGeNET,35,IMMUNE SUPPRESSION,,-5.5,8.9,7.5,28162,222,114,8,7,2.4,374|929|1843|7056|7852|9332|51330|114548,AREG|CD14|DUSP1|THBD|CXCR4|CD163|TNFRSF12A|NLRP3,-2.6,0
1,-5.4,C1841972,M1,1,0,DisGeNET,35,Glucocorticoid Receptor Deficiency,,-5.4,14,8.6,28162,104,114,6,5.3,2.1,1843|2353|2354|6279|10018|114548,DUSP1|FOS|FOSB|S100A8|BCL2L11|NLRP3,-2.6,0
1,-5.4,C0007785,M1,1,0,DisGeNET,35,Cerebral Infarction,,-5.4,4.7,6.2,28162,687,114,13,11,3,929|1316|2353|2354|3280|4929|5055|5144|5209|7056|23435|51330|114548,CD14|KLF6|FOS|FOSB|HES1|NR4A2|SERPINB2|PDE4D|PFKFB3|THBD|TARDBP|TNFRSF12A|NLRP3,-2.6,0
1,-5.3,C0017658,M1,1,0,DisGeNET,35,Glomerulonephritis,,-5.3,6.3,6.8,28162,391,114,10,8.8,2.6,728|2204|2273|2353|2354|6279|7056|7852|9332|114548,C5AR1|FCAR|FHL1|FOS|FOSB|S100A8|THBD|CXCR4|CD163|NLRP3,-2.6,0
1,-5.3,C1290884,M1,1,0,DisGeNET,35,Inflammatory disorder,,-5.3,6.3,6.8,28162,391,114,10,8.8,2.6,374|969|3685|5144|6279|7128|7538|7852|64581|114548,AREG|CD69|ITGAV|PDE4D|S100A8|TNFAIP3|ZFP36|CXCR4|CLEC7A|NLRP3,-2.6,0
1,-5.3,C0162871,M1,1,0,DisGeNET,35,"Aortic Aneurysm, Abdominal",,-5.3,5.1,6.3,28162,586,114,12,11,2.9,929|969|2353|2354|3280|5055|6279|7056|7852|8013|9997|114548,CD14|CD69|FOS|FOSB|HES1|SERPINB2|S100A8|THBD|CXCR4|NR4A3|SCO2|NLRP3,-2.6,0
1,-5.2,C0024143,M1,1,0,DisGeNET,35,Lupus Nephritis,,-5.2,5.4,6.4,28162,503,114,11,9.6,2.8,728|1843|2204|3280|4092|6279|7128|9332|51330|64581|114548,C5AR1|DUSP1|FCAR|HES1|SMAD7|S100A8|TNFAIP3|CD163|TNFRSF12A|CLEC7A|NLRP3,-2.4,0
1,-5.1,C0004623,M1,1,0,DisGeNET,35,Bacterial Infections,,-5.1,4.8,6.1,28162,616,114,12,11,2.9,374|728|929|1843|1880|6279|6385|7538|7852|9332|64581|114548,AREG|C5AR1|CD14|DUSP1|GPR183|S100A8|SDC4|ZFP36|CXCR4|CD163|CLEC7A|NLRP3,-2.4,0
1,-5.1,C0037274,M1,1,0,DisGeNET,35,Dermatologic disorders,,-5.1,4.8,6.1,28162,616,114,12,11,2.9,374|929|2204|2353|2354|3597|4929|5209|6279|6385|51330|57162,AREG|CD14|FCAR|FOS|FOSB|IL13RA1|NR4A2|PFKFB3|S100A8|SDC4|TNFRSF12A|PELI1,-2.4,0
1,-5.1,C0019100,M1,1,0,DisGeNET,35,Severe Dengue,,-5.1,13,8.1,28162,117,114,6,5.3,2.1,929|969|7056|7852|9332|114548,CD14|CD69|THBD|CXCR4|CD163|NLRP3,-2.4,0
1,-5,C0740391,M1,1,0,DisGeNET,35,Middle Cerebral Artery Occlusion,,-5,4.7,6,28162,626,114,12,11,2.9,374|467|728|929|2353|4814|4929|5055|7852|23435|51330|114548,AREG|ATF3|C5AR1|CD14|FOS|NINJ1|NR4A2|SERPINB2|CXCR4|TARDBP|TNFRSF12A|NLRP3,-2.3,0
1,-5,C0876973,M1,1,0,DisGeNET,35,Infectious Lung Disorder,,-5,9.3,7.3,28162,185,114,7,6.1,2.2,929|969|4688|7852|9332|64581|114548,CD14|CD69|NCF2|CXCR4|CD163|CLEC7A|NLRP3,-2.3,0
1,-4.9,C0023487,M1,1,0,DisGeNET,35,Acute Promyelocytic Leukemia,,-4.9,4.6,5.8,28162,651,114,12,11,2.9,929|1316|2353|3090|3280|4146|5366|6279|7056|7538|7852|28984,CD14|KLF6|FOS|HIC1|HES1|MATN1|PMAIP1|S100A8|THBD|ZFP36|CXCR4|RGCC,-2.2,0
1,-4.8,C4733092,M1,1,0,DisGeNET,35,estrogen receptor-negative breast cancer,,-4.8,6.2,6.3,28162,356,114,9,7.9,2.5,374|1545|5144|7852|8061|9509|9997|22822|28984,AREG|CYP1B1|PDE4D|CXCR4|FOSL1|ADAMTS2|SCO2|PHLDA1|RGCC,-2.2,0
1,-4.8,C0003872,M1,1,0,DisGeNET,35,"Arthritis, Psoriatic",,-4.8,5.5,6.1,28162,450,114,10,8.8,2.6,374|728|929|969|2353|4929|5209|6279|7128|114548,AREG|C5AR1|CD14|CD69|FOS|NR4A2|PFKFB3|S100A8|TNFAIP3|NLRP3,-2.2,0
1,-4.8,C1176475,M1,1,0,DisGeNET,35,Ductal Carcinoma,,-4.8,7.2,6.6,28162,273,114,8,7,2.4,374|444|1316|3090|6279|6615|9414|135228,AREG|ASPH|KLF6|HIC1|S100A8|SNAI1|TJP2|CD109,-2.2,0
1,-4.8,C0041956,M1,1,0,DisGeNET,35,Ureteral obstruction,,-4.8,6.2,6.3,28162,359,114,9,7.9,2.5,374|728|3280|4092|6279|6385|6615|28984|114548,AREG|C5AR1|HES1|SMAD7|S100A8|SDC4|SNAI1|RGCC|NLRP3,-2.2,0
1,-4.8,C0017665,M1,1,0,DisGeNET,35,Membranous glomerulonephritis,,-4.8,8.8,7,28162,197,114,7,6.1,2.2,2|728|969|4092|8061|51330|114548,A2M|C5AR1|CD69|SMAD7|FOSL1|TNFRSF12A|NLRP3,-2.2,0
1,-4.7,C0269102,M1,1,0,DisGeNET,35,Endometrioma,,-4.7,7.1,6.5,28162,279,114,8,7,2.4,374|1843|2353|4814|6279|9332|9997|56172,AREG|DUSP1|FOS|NINJ1|S100A8|CD163|SCO2|ANKH,-2.1,0
1,-4.7,C0265004,M1,1,0,DisGeNET,35,Dilatation of aorta,,-4.7,25,9.7,28162,39,114,4,3.5,1.7,2353|2354|4883|7056,FOS|FOSB|NPR3|THBD,-2.1,0
1,-4.7,C1720830,M1,1,0,DisGeNET,35,Painful Bladder Syndrome,,-4.7,15,8.2,28162,81,114,5,4.4,1.9,2|4814|7852|10018|114548,A2M|NINJ1|CXCR4|BCL2L11|NLRP3,-2.1,0
1,-4.7,C0026691,M1,1,0,DisGeNET,35,Mucocutaneous Lymph Node Syndrome,,-4.7,6,6.2,28162,370,114,9,7.9,2.5,929|4092|4929|6279|7056|7128|57162|64581|114548,CD14|SMAD7|NR4A2|S100A8|THBD|TNFAIP3|PELI1|CLEC7A|NLRP3,-2.1,0
1,-4.7,C0151650,M1,1,0,DisGeNET,35,Renal fibrosis,,-4.7,4.8,5.8,28162,570,114,11,9.6,2.8,374|728|1843|3685|4092|4688|6279|6615|7852|28984|114548,AREG|C5AR1|DUSP1|ITGAV|SMAD7|NCF2|S100A8|SNAI1|CXCR4|RGCC|NLRP3,-2.1,0
1,-4.6,C0033770,M1,1,0,DisGeNET,35,Prune Belly Syndrome,,-4.6,15,8.1,28162,83,114,5,4.4,1.9,2|4814|7852|10018|114548,A2M|NINJ1|CXCR4|BCL2L11|NLRP3,-2.1,0
1,-4.6,C4045991,M1,1,0,DisGeNET,35,Perihilar Cholangiocarcinoma,,-4.6,24,9.4,28162,41,114,4,3.5,1.7,2353|2354|8061|9332,FOS|FOSB|FOSL1|CD163,-2.1,0
1,-4.6,C0853879,M1,1,0,DisGeNET,35,Invasive carcinoma of breast,,-4.6,5.2,5.9,28162,473,114,10,8.8,2.6,374|1316|1475|1545|3597|6615|7538|7852|9332|9997,AREG|KLF6|CSTA|CYP1B1|IL13RA1|SNAI1|ZFP36|CXCR4|CD163|SCO2,-2.1,0
1,-4.5,C0027430,M1,1,0,DisGeNET,35,Nasal Polyps,,-4.5,5.1,5.8,28162,484,114,10,8.8,2.6,2|374|929|969|2353|2354|5144|6279|7056|9332,A2M|AREG|CD14|CD69|FOS|FOSB|PDE4D|S100A8|THBD|CD163,-2,0
1,-4.5,C0151281,M1,1,0,DisGeNET,35,Genital ulcers,,-4.5,49,12,28162,15,114,3,2.6,1.5,929|5366|7128,CD14|PMAIP1|TNFAIP3,-2,0
1,-4.5,C0271650,M1,1,0,DisGeNET,35,Impaired glucose tolerance,,-4.5,4.6,5.6,28162,596,114,11,9.6,2.8,467|929|1545|4092|6804|7852|8013|9332|23435|57162|114548,ATF3|CD14|CYP1B1|SMAD7|STX1A|CXCR4|NR4A3|CD163|TARDBP|PELI1|NLRP3,-2,0
1,-4.5,C0035309,M1,1,0,DisGeNET,35,Retinal Diseases,,-4.5,4.2,5.4,28162,714,114,12,11,2.9,728|1545|5055|6533|6615|7852|8013|9997|10018|28984|51330|114548,C5AR1|CYP1B1|SERPINB2|SLC6A6|SNAI1|CXCR4|NR4A3|SCO2|BCL2L11|RGCC|TNFRSF12A|NLRP3,-1.9,0
1,-4.4,C0038525,M1,1,0,DisGeNET,35,Subarachnoid Hemorrhage,,-4.4,4.9,5.7,28162,501,114,10,8.8,2.6,728|7056|7538|7852|9332|23435|54541|57162|114548|135228,C5AR1|THBD|ZFP36|CXCR4|CD163|TARDBP|DDIT4|PELI1|NLRP3|CD109,-1.9,0
1,-4.3,C0020459,M1,1,0,DisGeNET,35,Hyperinsulinism,,-4.3,4.4,5.4,28162,620,114,11,9.6,2.8,2|929|1831|1843|2353|2354|3280|7538|9332|51429|114548,A2M|CD14|TSC22D3|DUSP1|FOS|FOSB|HES1|ZFP36|CD163|SNX9|NLRP3,-1.8,0
1,-4.3,C0205788,M1,1,0,DisGeNET,35,Histiocytoid hemangioma,,-4.3,41,11,28162,18,114,3,2.6,1.5,2353|2354|7538,FOS|FOSB|ZFP36,-1.8,0
1,-4.2,C1969372,M1,1,0,DisGeNET,35,Tubulointerstitial fibrosis,,-4.2,6,5.8,28162,327,114,8,7,2.4,728|1843|3280|6279|6385|6615|28984|114548,C5AR1|DUSP1|HES1|S100A8|SDC4|SNAI1|RGCC|NLRP3,-1.7,0
1,-4.2,C1257931,M1,1,0,DisGeNET,35,"Mammary Neoplasms, Human",,-4.2,4.7,5.4,28162,527,114,10,8.8,2.6,374|1545|2353|3090|3280|5055|6615|7852|9877|135228,AREG|CYP1B1|FOS|HIC1|HES1|SERPINB2|SNAI1|CXCR4|ZC3H11A|CD109,-1.7,0
1,-4.2,C0011884,M1,1,0,DisGeNET,35,Diabetic Retinopathy,,-4.2,4.2,5.3,28162,644,114,11,9.6,2.8,728|929|1843|2353|2354|4883|5055|7852|23435|28984|114548,C5AR1|CD14|DUSP1|FOS|FOSB|NPR3|SERPINB2|CXCR4|TARDBP|RGCC|NLRP3,-1.7,0
1,-4.2,C0153690,M1,1,0,DisGeNET,35,Secondary malignant neoplasm of bone,,-4.2,4.2,5.2,28162,647,114,11,9.6,2.8,2|374|467|728|1475|3685|4092|6615|7128|7852|51330,A2M|AREG|ATF3|C5AR1|CSTA|ITGAV|SMAD7|SNAI1|TNFAIP3|CXCR4|TNFRSF12A,-1.7,0
1,-4.2,C1867441,M1,1,0,DisGeNET,35,Pterygium Of Conjunctiva And Cornea,,-4.2,8.8,6.5,28162,169,114,6,5.3,2.1,2353|2354|4092|5366|6279|7852,FOS|FOSB|SMAD7|PMAIP1|S100A8|CXCR4,-1.7,0
1,-4.2,C4520843,M1,1,0,DisGeNET,35,Pterygium of eye,,-4.2,8.8,6.5,28162,169,114,6,5.3,2.1,2353|2354|4092|5366|6279|7852,FOS|FOSB|SMAD7|PMAIP1|S100A8|CXCR4,-1.7,0
1,-4.2,C0026896,M1,1,0,DisGeNET,35,Myasthenia Gravis,,-4.2,5.9,5.7,28162,336,114,8,7,2.4,969|2353|2354|6279|7128|7852|8061|9997,CD69|FOS|FOSB|S100A8|TNFAIP3|CXCR4|FOSL1|SCO2,-1.7,0
1,-4.2,C0025306,M1,1,0,DisGeNET,35,Meningococcemia,,-4.2,37,10,28162,20,114,3,2.6,1.5,728|5055|7056,C5AR1|SERPINB2|THBD,-1.7,0
1,-4.1,C0850666,M1,1,0,DisGeNET,35,Infection caused by Helicobacter pylori,,-4.1,5.9,5.7,28162,337,114,8,7,2.4,374|929|969|2273|2353|4092|6279|7056,AREG|CD14|CD69|FHL1|FOS|SMAD7|S100A8|THBD,-1.7,0
1,-4.1,C0398650,M1,1,0,DisGeNET,35,Immune thrombocytopenic purpura,,-4.1,5.8,5.7,28162,338,114,8,7,2.4,969|3280|4092|6279|7056|7128|7852|114548,CD69|HES1|SMAD7|S100A8|THBD|TNFAIP3|CXCR4|NLRP3,-1.7,0
1,-4.1,C4704874,M1,1,0,DisGeNET,35,"Mammary Carcinoma, Human",,-4.1,4.5,5.3,28162,545,114,10,8.8,2.6,374|1545|2353|3090|3280|5055|6615|7852|9877|135228,AREG|CYP1B1|FOS|HIC1|HES1|SERPINB2|SNAI1|CXCR4|ZC3H11A|CD109,-1.7,0
1,-4.1,C1858361,M1,1,0,DisGeNET,35,"Pyogenic Arthritis, Pyoderma Gangrenosum and Acne",,-4.1,35,10,28162,21,114,3,2.6,1.5,6279|8061|114548,S100A8|FOSL1|NLRP3,-1.6,0
1,-4.1,C0019061,M1,1,0,DisGeNET,35,Hemolytic-Uremic Syndrome,,-4.1,11,6.9,28162,110,114,5,4.4,1.9,2273|6804|7056|7538|7852,FHL1|STX1A|THBD|ZFP36|CXCR4,-1.6,0
1,-4,C4721806,M1,1,0,DisGeNET,35,"Carcinoma, Basal Cell",,-4,4.4,5.2,28162,557,114,10,8.8,2.6,1119|2353|3280|4092|7056|7852|9997|22822|54984|114548,CHKA|FOS|HES1|SMAD7|THBD|CXCR4|SCO2|PHLDA1|PINX1|NLRP3,-1.6,0
1,-4,C0333516,M1,1,0,DisGeNET,35,Tumor necrosis,,-4,5.6,5.6,28162,350,114,8,7,2.4,929|2353|6804|7852|8061|10018|51330|114548,CD14|FOS|STX1A|CXCR4|FOSL1|BCL2L11|TNFRSF12A|NLRP3,-1.6,0
1,-4,C0409974,M1,1,0,DisGeNET,35,Lupus Erythematosus,,-4,4.4,5.2,28162,558,114,10,8.8,2.6,467|929|969|1831|2353|2354|4688|7128|7852|114548,ATF3|CD14|CD69|TSC22D3|FOS|FOSB|NCF2|TNFAIP3|CXCR4|NLRP3,-1.6,0
1,-4,C0278601,M1,1,0,DisGeNET,35,Inflammatory Breast Carcinoma,,-4,8.1,6.1,28162,183,114,6,5.3,2.1,374|1545|3597|5366|7056|7852,AREG|CYP1B1|IL13RA1|PMAIP1|THBD|CXCR4,-1.6,0
1,-4,C0340279,M1,1,0,DisGeNET,35,Ventricular hypertrophy,,-4,16,7.6,28162,60,114,4,3.5,1.7,467|2273|2353|114548,ATF3|FHL1|FOS|NLRP3,-1.6,0
1,-4,C1442965,M1,1,0,DisGeNET,35,Avascular necrosis of the capital femoral epiphysis,,-4,32,9.5,28162,23,114,3,2.6,1.5,8013|9509|10847,NR4A3|ADAMTS2|SRCAP,-1.5,0
1,-3.9,C0022408,M1,1,0,DisGeNET,35,Arthropathy,,-3.9,7.9,6.1,28162,187,114,6,5.3,2.1,374|467|929|6279|56172|114548,AREG|ATF3|CD14|S100A8|ANKH|NLRP3,-1.5,0
1,-3.9,C0002726,M1,1,0,DisGeNET,35,Amyloidosis,,-3.9,3.9,5,28162,694,114,11,9.6,2.8,2|929|4146|4688|6279|9332|10018|23435|64581|114548|135228,A2M|CD14|MATN1|NCF2|S100A8|CD163|BCL2L11|TARDBP|CLEC7A|NLRP3|CD109,-1.5,0
1,-3.9,C1654637,M1,1,0,DisGeNET,35,androgen independent prostate cancer,,-3.9,7.8,6,28162,190,114,6,5.3,2.1,374|1843|2353|2354|8061|51330,AREG|DUSP1|FOS|FOSB|FOSL1|TNFRSF12A,-1.5,0
1,-3.9,C2350236,M1,1,0,DisGeNET,35,Idiopathic Interstitial Pneumonias,,-3.9,15,7.4,28162,64,114,4,3.5,1.7,6385|7056|7852|9332,SDC4|THBD|CXCR4|CD163,-1.5,0
1,-3.9,C1319860,M1,1,0,DisGeNET,35,Sendai virus infection,,-3.9,30,9.1,28162,25,114,3,2.6,1.5,728|1843|114548,C5AR1|DUSP1|NLRP3,-1.5,0
1,-3.9,C3889136,M1,1,0,DisGeNET,35,Tumor Necrosis Factor Receptor 1-Associated Periodic Syndrome,,-3.9,30,9.1,28162,25,114,3,2.6,1.5,929|2353|114548,CD14|FOS|NLRP3,-1.5,0
1,-3.8,C0039103,M1,1,0,DisGeNET,35,Synovitis,,-3.8,7.5,5.9,28162,197,114,6,5.3,2.1,374|929|6279|6385|7128|9332,AREG|CD14|S100A8|SDC4|TNFAIP3|CD163,-1.4,0
1,-3.8,C0275518,M1,1,0,DisGeNET,35,Acute infectious disease,,-3.8,7.5,5.8,28162,198,114,6,5.3,2.1,467|969|2353|2354|7538|114548,ATF3|CD69|FOS|FOSB|ZFP36|NLRP3,-1.4,0
1,-3.8,C0699949,M1,1,0,DisGeNET,35,airway disease,,-3.8,7.5,5.8,28162,198,114,6,5.3,2.1,467|1843|7852|9332|94120|114548,ATF3|DUSP1|CXCR4|CD163|SYTL3|NLRP3,-1.4,0
1,-3.8,C0276447,M1,1,0,DisGeNET,35,Rhinovirus infection,,-3.8,7.3,5.8,28162,202,114,6,5.3,2.1,374|1843|4688|8013|57162|114548,AREG|DUSP1|NCF2|NR4A3|PELI1|NLRP3,-1.4,0
1,-3.7,C0426415,M1,1,0,DisGeNET,35,Large nose,,-3.7,14,7,28162,70,114,4,3.5,1.7,444|2273|10847|51132,ASPH|FHL1|SRCAP|RLIM,-1.4,0
1,-3.7,C0856825,M1,1,0,DisGeNET,35,Acute GVH disease,,-3.7,5.9,5.4,28162,294,114,7,6.1,2.2,374|728|929|7056|7404|64581|114548,AREG|C5AR1|CD14|THBD|UTY|CLEC7A|NLRP3,-1.3,0
1,-3.7,C0030305,M1,1,0,DisGeNET,35,Pancreatitis,,-3.7,4.4,4.9,28162,502,114,9,7.9,2.5,2|467|929|969|1843|2353|3280|6279|114548,A2M|ATF3|CD14|CD69|DUSP1|FOS|HES1|S100A8|NLRP3,-1.3,0
1,-3.7,C0019187,M1,1,0,DisGeNET,35,"Hepatitis, Alcoholic",,-3.7,9.3,6.1,28162,133,114,5,4.4,1.9,467|929|969|7852|51330,ATF3|CD14|CD69|CXCR4|TNFRSF12A,-1.3,0
1,-3.7,C4721579,M1,1,0,DisGeNET,35,Secondary malignant neoplasm of colon and/or rectum,,-3.7,5,5.1,28162,397,114,8,7,2.4,374|1843|3090|4883|7056|7852|9997|22822,AREG|DUSP1|HIC1|NPR3|THBD|CXCR4|SCO2|PHLDA1,-1.3,0
1,-3.7,C4082937,M1,1,0,DisGeNET,35,Necrotizing enterocolitis in fetus OR newborn,,-3.7,7.1,5.6,28162,210,114,6,5.3,2.1,929|4092|7056|7128|9332|114548,CD14|SMAD7|THBD|TNFAIP3|CD163|NLRP3,-1.3,0
1,-3.7,C1334953,M1,1,0,DisGeNET,35,Neuroblastic tumors,,-3.7,14,6.8,28162,73,114,4,3.5,1.7,444|3685|4929|7852,ASPH|ITGAV|NR4A2|CXCR4,-1.3,0
1,-3.6,C2938924,M1,1,0,DisGeNET,35,Oestrogen receptor positive breast cancer,,-3.6,4.4,4.9,28162,510,114,9,7.9,2.5,374|444|1119|1545|5144|8061|9509|22822|28984,AREG|ASPH|CHKA|CYP1B1|PDE4D|FOSL1|ADAMTS2|PHLDA1|RGCC,-1.3,0
1,-3.6,C0033999,M1,1,0,DisGeNET,35,Pterygium,,-3.6,6.9,5.5,28162,216,114,6,5.3,2.1,2353|2354|4092|5366|6279|7852,FOS|FOSB|SMAD7|PMAIP1|S100A8|CXCR4,-1.3,0
1,-3.6,C0153381,M1,1,0,DisGeNET,35,Malignant neoplasm of mouth,,-3.6,3.6,4.6,28162,756,114,11,9.6,2.8,929|1316|1545|2273|2353|2354|4092|7056|7852|9332|22822,CD14|KLF6|CYP1B1|FHL1|FOS|FOSB|SMAD7|THBD|CXCR4|CD163|PHLDA1,-1.3,0
1,-3.6,C0577631,M1,1,0,DisGeNET,35,Carotid Atherosclerosis,,-3.6,6.8,5.5,28162,219,114,6,5.3,2.1,929|1316|5144|7056|9332|114548,CD14|KLF6|PDE4D|THBD|CD163|NLRP3,-1.2,0
1,-3.5,C0178664,M1,1,0,DisGeNET,35,Glomerulosclerosis (disorder),,-3.5,6.7,5.4,28162,221,114,6,5.3,2.1,4092|5055|6279|7852|9332|114548,SMAD7|SERPINB2|S100A8|CXCR4|CD163|NLRP3,-1.2,0
1,-3.5,C0079293,M1,1,0,DisGeNET,35,Epidermolysis Bullosa Acquisita,,-3.5,23,8,28162,32,114,3,2.6,1.5,728|4146|6279,C5AR1|MATN1|S100A8,-1.2,0
1,-3.5,C1961099,M1,1,0,DisGeNET,35,Precursor T-Cell Lymphoblastic Leukemia-Lymphoma,,-3.5,3.8,4.6,28162,644,114,10,8.8,2.6,1119|1843|2353|2354|3280|5366|6279|7538|7852|54984,CHKA|DUSP1|FOS|FOSB|HES1|PMAIP1|S100A8|ZFP36|CXCR4|PINX1,-1.2,0
1,-3.5,C0263641,M1,1,0,DisGeNET,35,Epithelial hyperplasia of skin,,-3.5,13,6.5,28162,79,114,4,3.5,1.7,374|4092|6279|135228,AREG|SMAD7|S100A8|CD109,-1.2,0
1,-3.5,C0005940,M1,1,0,DisGeNET,35,Bone Diseases,,-3.5,5.5,5.1,28162,317,114,7,6.1,2.2,1843|4814|4883|7538|7852|9997|56172,DUSP1|NINJ1|NPR3|ZFP36|CXCR4|SCO2|ANKH,-1.2,0
1,-3.5,C3203102,M1,1,0,DisGeNET,35,Idiopathic pulmonary arterial hypertension,,-3.5,3.5,4.5,28162,776,114,11,9.6,2.8,929|1316|1545|2273|2353|5209|7056|7852|8013|9332|114548,CD14|KLF6|CYP1B1|FHL1|FOS|PFKFB3|THBD|CXCR4|NR4A3|CD163|NLRP3,-1.2,0
1,-3.5,C0677898,M1,1,0,DisGeNET,35,invasive cancer,,-3.5,8.5,5.8,28162,146,114,5,4.4,1.9,444|6279|6615|7852|9332,ASPH|S100A8|SNAI1|CXCR4|CD163,-1.2,0
1,-3.5,C0685938,M1,1,0,DisGeNET,35,Malignant neoplasm of gastrointestinal tract,,-3.5,4.7,4.9,28162,423,114,8,7,2.4,374|929|2273|3090|4092|6004|7852|9997,AREG|CD14|FHL1|HIC1|SMAD7|RGS16|CXCR4|SCO2,-1.2,0
1,-3.5,C0029925,M1,1,0,DisGeNET,35,Ovarian Carcinoma,,-3.5,4.1,4.7,28162,539,114,9,7.9,2.5,1119|1843|3685|6615|6804|9332|9997|10018|54541,CHKA|DUSP1|ITGAV|SNAI1|STX1A|CD163|SCO2|BCL2L11|DDIT4,-1.2,0
1,-3.4,C0282612,M1,1,0,DisGeNET,35,Prostatic Intraepithelial Neoplasias,,-3.4,6.4,5.3,28162,230,114,6,5.3,2.1,374|467|1119|1843|3090|6279,AREG|ATF3|CHKA|DUSP1|HIC1|S100A8,-1.2,0
1,-3.4,C0004936,M1,1,0,DisGeNET,35,Mental disorders,,-3.4,3.4,4.4,28162,789,114,11,9.6,2.8,2|467|1316|2353|2354|3280|4929|5144|6804|23435|114548,A2M|ATF3|KLF6|FOS|FOSB|HES1|NR4A2|PDE4D|STX1A|TARDBP|NLRP3,-1.1,0
1,-3.4,C2118460,M1,1,0,DisGeNET,35,Acute colitis,,-3.4,12,6.3,28162,83,114,4,3.5,1.7,374|7538|51330|114548,AREG|ZFP36|TNFRSF12A|NLRP3,-1.1,0
1,-3.4,C0007820,M1,1,0,DisGeNET,35,Cerebrovascular Disorders,,-3.4,6.4,5.2,28162,233,114,6,5.3,2.1,929|4883|5144|7056|23435|114548,CD14|NPR3|PDE4D|THBD|TARDBP|NLRP3,-1.1,0
1,-3.4,C0018965,M1,1,0,DisGeNET,35,Hematuria,,-3.4,6.3,5.2,28162,235,114,6,5.3,2.1,929|2353|7056|10847|64581|135228,CD14|FOS|THBD|SRCAP|CLEC7A|CD109,-1.1,0
1,-3.4,C0206694,M1,1,0,DisGeNET,35,Mucoepidermoid Carcinoma,,-3.4,8.1,5.6,28162,153,114,5,4.4,1.9,374|3280|4929|7852|22822,AREG|HES1|NR4A2|CXCR4|PHLDA1,-1.1,0
1,-3.4,C3811653,M1,1,0,DisGeNET,35,Experimental Organism Basal Cell Carcinoma,,-3.4,4.5,4.7,28162,437,114,8,7,2.4,1119|2353|3280|4092|7852|22822|54984|114548,CHKA|FOS|HES1|SMAD7|CXCR4|PHLDA1|PINX1|NLRP3,-1.1,0
1,-3.4,C0023234,M1,1,0,DisGeNET,35,Legg-Calve-Perthes Disease,,-3.4,21,7.5,28162,36,114,3,2.6,1.5,8013|9509|10847,NR4A3|ADAMTS2|SRCAP,-1.1,0
1,-3.4,C2717865,M1,1,0,DisGeNET,35,Anti-Neutrophil Cytoplasmic Antibody-Associated Vasculitis,,-3.4,11,6.2,28162,86,114,4,3.5,1.7,728|6279|9332|114548,C5AR1|S100A8|CD163|NLRP3,-1.1,0
1,-3.3,C1519680,M1,1,0,DisGeNET,35,Tumor Immunity,,-3.3,5.1,4.9,28162,337,114,7,6.1,2.2,374|969|2353|2354|7538|10018|79805,AREG|CD69|FOS|FOSB|ZFP36|BCL2L11|VASH2,-1.1,0
1,-3.3,C0031099,M1,1,0,DisGeNET,35,Periodontitis,,-3.3,3.6,4.4,28162,681,114,10,8.8,2.6,929|969|1545|2353|2354|5055|6279|7852|9332|114548,CD14|CD69|CYP1B1|FOS|FOSB|SERPINB2|S100A8|CXCR4|CD163|NLRP3,-1.1,0
1,-3.3,C0220668,M1,1,0,DisGeNET,35,Congenital contractural arachnodactyly,,-3.3,4,4.5,28162,559,114,9,7.9,2.5,444|929|3280|5055|6279|6615|7852|8013|9332,ASPH|CD14|HES1|SERPINB2|S100A8|SNAI1|CXCR4|NR4A3|CD163,-1.1,0
1,-3.3,C0949690,M1,1,0,DisGeNET,35,Spondylarthritis,,-3.3,7.8,5.5,28162,158,114,5,4.4,1.9,929|969|6279|7128|9332,CD14|CD69|S100A8|TNFAIP3|CD163,-1.1,0
1,-3.3,C0002893,M1,1,0,DisGeNET,35,Refractory anemias,,-3.3,5.1,4.8,28162,340,114,7,6.1,2.2,929|2273|2353|2354|5144|7852|8061,CD14|FHL1|FOS|FOSB|PDE4D|CXCR4|FOSL1,-1.1,0
1,-3.3,C0018133,M1,1,0,DisGeNET,35,Graft-vs-Host Disease,,-3.3,4.4,4.6,28162,447,114,8,7,2.4,374|728|929|6279|7056|8653|51330|114548,AREG|C5AR1|CD14|S100A8|THBD|DDX3Y|TNFRSF12A|NLRP3,-1.1,0
1,-3.3,C0037284,M1,1,0,DisGeNET,35,Skin lesion,,-3.3,3.9,4.5,28162,563,114,9,7.9,2.5,728|929|969|1843|6279|6615|51330|79805|114548,C5AR1|CD14|CD69|DUSP1|S100A8|SNAI1|TNFRSF12A|VASH2|NLRP3,-1.1,0
1,-3.3,C0684256,M1,1,0,DisGeNET,35,Bacterial sepsis,,-3.3,20,7.3,28162,38,114,3,2.6,1.5,929|1119|114548,CD14|CHKA|NLRP3,-1.1,0
1,-3.3,C3536715,M1,1,0,DisGeNET,35,AA amyloidosis,,-3.3,20,7.3,28162,38,114,3,2.6,1.5,929|23435|114548,CD14|TARDBP|NLRP3,-1.1,0
1,-3.3,C3642347,M1,1,0,DisGeNET,35,Basal-Like Breast Carcinoma,,-3.3,6,5.1,28162,245,114,6,5.3,2.1,1843|3280|3685|6615|9332|54984,DUSP1|HES1|ITGAV|SNAI1|CD163|PINX1,-1.1,0
1,-3.3,C0021053,M1,1,0,DisGeNET,35,Immune System Diseases,,-3.3,4.4,4.6,28162,451,114,8,7,2.4,2353|2354|3280|7128|7852|8013|8653|114548,FOS|FOSB|HES1|TNFAIP3|CXCR4|NR4A3|DDX3Y|NLRP3,-1.1,0
1,-3.3,C1318485,M1,1,0,DisGeNET,35,Liver regeneration disorder,,-3.3,5,4.8,28162,346,114,7,6.1,2.2,374|1316|7128|7852|8013|51330|114548,AREG|KLF6|TNFAIP3|CXCR4|NR4A3|TNFRSF12A|NLRP3,-1,0
1,-3.3,C0949691,M1,1,0,DisGeNET,35,Spondylarthropathies,,-3.3,11,6,28162,92,114,4,3.5,1.7,929|969|6279|9332,CD14|CD69|S100A8|CD163,-1,0
1,-3.3,C0595989,M1,1,0,DisGeNET,35,Carcinoma of larynx,,-3.3,4.3,4.6,28162,456,114,8,7,2.4,467|929|1475|1545|2353|3280|6279|7852,ATF3|CD14|CSTA|CYP1B1|FOS|HES1|S100A8|CXCR4,-1,0
1,-3.3,C0282687,M1,1,0,DisGeNET,35,"Hemorrhagic Fever, Ebola",,-3.3,7.5,5.3,28162,164,114,5,4.4,1.9,2353|2354|9332|57162|114548,FOS|FOSB|CD163|PELI1|NLRP3,-1,0
1,-3.3,C4551686,M1,1,0,DisGeNET,35,Malignant neoplasm of soft tissue,,-3.3,3.5,4.3,28162,699,114,10,8.8,2.6,929|2353|2354|3090|6615|7852|8013|9332|23435|135228,CD14|FOS|FOSB|HIC1|SNAI1|CXCR4|NR4A3|CD163|TARDBP|CD109,-1,0
1,-3.3,C0007107,M1,1,0,DisGeNET,35,Malignant neoplasm of larynx,,-3.3,5,4.7,28162,349,114,7,6.1,2.2,467|929|1475|1545|2353|6279|7852,ATF3|CD14|CSTA|CYP1B1|FOS|S100A8|CXCR4,-1,0
1,-3.2,C0275524,M1,1,0,DisGeNET,35,Coinfection,,-3.2,5.9,5,28162,252,114,6,5.3,2.1,929|6279|7852|8013|9332|114548,CD14|S100A8|CXCR4|NR4A3|CD163|NLRP3,-1,0
1,-3.2,C4703473,M1,1,0,DisGeNET,35,Atherosclerotic lesion,,-3.2,5.9,4.9,28162,253,114,6,5.3,2.1,1843|4929|6279|8013|51330|114548,DUSP1|NR4A2|S100A8|NR4A3|TNFRSF12A|NLRP3,-1,0
1,-3.2,C0221014,M1,1,0,DisGeNET,35,Reactive systemic amyloidosis,,-3.2,18,7,28162,41,114,3,2.6,1.5,929|23435|114548,CD14|TARDBP|NLRP3,-1,0
1,-3.2,C0038013,M1,1,0,DisGeNET,35,Ankylosing spondylitis,,-3.2,3.5,4.3,28162,710,114,10,8.8,2.6,929|969|1545|2353|6279|7128|7852|9332|56172|114548,CD14|CD69|CYP1B1|FOS|S100A8|TNFAIP3|CXCR4|CD163|ANKH|NLRP3,-0.99,0
1,-3.2,C0342649,M1,1,0,DisGeNET,35,Vascular calcification,,-3.2,5.8,4.9,28162,257,114,6,5.3,2.1,6385|7056|7128|9332|51330|56172,SDC4|THBD|TNFAIP3|CD163|TNFRSF12A|ANKH,-0.99,0
1,-3.2,C0375023,M1,1,0,DisGeNET,35,Respiratory syncytial virus (RSV) infection in conditions classified elsewhere and of unspecified site,,-3.2,4.2,4.5,28162,467,114,8,7,2.4,728|929|969|1316|1843|2353|7538|114548,C5AR1|CD14|CD69|KLF6|DUSP1|FOS|ZFP36|NLRP3,-0.99,0
1,-3.2,C0856169,M1,1,0,DisGeNET,35,Endothelial dysfunction,,-3.2,3.5,4.2,28162,716,114,10,8.8,2.6,467|929|4814|5055|6385|6533|7056|9332|51330|114548,ATF3|CD14|NINJ1|SERPINB2|SDC4|SLC6A6|THBD|CD163|TNFRSF12A|NLRP3,-0.97,0
1,-3.2,C0032927,M1,1,0,DisGeNET,35,Precancerous Conditions,,-3.2,4.2,4.5,28162,471,114,8,7,2.4,467|1545|2353|3090|6279|6615|7056|7128,ATF3|CYP1B1|FOS|HIC1|S100A8|SNAI1|THBD|TNFAIP3,-0.97,0
1,-3.2,C0014170,M1,1,0,DisGeNET,35,Endometrial Neoplasms,,-3.2,5.7,4.8,28162,261,114,6,5.3,2.1,1545|2353|4092|5055|6279|7852,CYP1B1|FOS|SMAD7|SERPINB2|S100A8|CXCR4,-0.97,0
1,-3.2,C0018081,M1,1,0,DisGeNET,35,Gonorrhea,,-3.2,5.7,4.8,28162,261,114,6,5.3,2.1,1831|3685|4146|7128|9332|9997,TSC22D3|ITGAV|MATN1|TNFAIP3|CD163|SCO2,-0.97,0
1,-3.1,C0032302,M1,1,0,DisGeNET,35,Mycoplasma pneumonia,,-3.1,17,6.8,28162,43,114,3,2.6,1.5,467|6615|7056,ATF3|SNAI1|THBD,-0.96,0
1,-3.1,C0566602,M1,1,0,DisGeNET,35,Primary sclerosing cholangitis,,-3.1,5.6,4.8,28162,264,114,6,5.3,2.1,374|929|3280|6279|10018|114548,AREG|CD14|HES1|S100A8|BCL2L11|NLRP3,-0.95,0
1,-3.1,C1536220,M1,1,0,DisGeNET,35,ST segment elevation myocardial infarction,,-3.1,5.6,4.8,28162,264,114,6,5.3,2.1,728|929|969|6279|7056|7852,C5AR1|CD14|CD69|S100A8|THBD|CXCR4,-0.95,0
1,-3.1,C0848558,M1,1,0,DisGeNET,35,Hypospadias,,-3.1,4.7,4.6,28162,366,114,7,6.1,2.2,467|1316|1545|2353|2354|5144|51132,ATF3|KLF6|CYP1B1|FOS|FOSB|PDE4D|RLIM,-0.95,0
1,-3.1,C0029882,M1,1,0,DisGeNET,35,Otitis Media,,-3.1,7.1,5.1,28162,175,114,5,4.4,1.9,929|1843|4688|6279|7852,CD14|DUSP1|NCF2|S100A8|CXCR4,-0.95,0
1,-3.1,C0234251,M1,1,0,DisGeNET,35,Inflammatory pain,,-3.1,5.6,4.8,28162,266,114,6,5.3,2.1,467|1316|2353|5144|7852|114548,ATF3|KLF6|FOS|PDE4D|CXCR4|NLRP3,-0.94,0
1,-3.1,C0520679,M1,1,0,DisGeNET,35,"Sleep Apnea, Obstructive",,-3.1,4.1,4.4,28162,480,114,8,7,2.4,3280|4092|4883|6279|7538|9509|10847|114548,HES1|SMAD7|NPR3|S100A8|ZFP36|ADAMTS2|SRCAP|NLRP3,-0.94,0
1,-3.1,C1527336,M1,1,0,DisGeNET,35,Sjogren's Syndrome,,-3.1,4.1,4.4,28162,481,114,8,7,2.4,374|929|969|4929|6279|7128|7852|114548,AREG|CD14|CD69|NR4A2|S100A8|TNFAIP3|CXCR4|NLRP3,-0.94,0
1,-3.1,C4722328,M1,1,0,DisGeNET,35,Hereditary Prostate Carcinoma,,-3.1,16,6.6,28162,45,114,3,2.6,1.5,1316|1545|54984,KLF6|CYP1B1|PINX1,-0.92,0
1,-3.1,C0024894,M1,1,0,DisGeNET,35,Mastitis,,-3.1,9.6,5.6,28162,103,114,4,3.5,1.7,2|929|9332|114548,A2M|CD14|CD163|NLRP3,-0.91,0
1,-3.1,C1333782,M1,1,0,DisGeNET,35,Gastric Mucosa-Associated Lymphoid Tissue Lymphoma,,-3.1,16,6.5,28162,46,114,3,2.6,1.5,929|6279|7852,CD14|S100A8|CXCR4,-0.9,0
1,-3.1,C0399526,M1,1,0,DisGeNET,35,Class III malocclusion,,-3.1,6.8,5,28162,181,114,5,4.4,1.9,2353|4146|5144|6615|56172,FOS|MATN1|PDE4D|SNAI1|ANKH,-0.9,0
1,-3,C4086152,M1,1,0,DisGeNET,35,Childhood Astrocytoma,,-3,3.6,4.2,28162,615,114,9,7.9,2.5,2|374|1545|2353|2354|3280|5209|6385|7852,A2M|AREG|CYP1B1|FOS|FOSB|HES1|PFKFB3|SDC4|CXCR4,-0.88,0
1,-3,C0085655,M1,1,0,DisGeNET,35,Polymyositis,,-3,6.7,5,28162,183,114,5,4.4,1.9,7128|7852|9332|23435|114548,TNFAIP3|CXCR4|CD163|TARDBP|NLRP3,-0.88,0
1,-3,C0031106,M1,1,0,DisGeNET,35,Aggressive Periodontitis,,-3,6.7,5,28162,184,114,5,4.4,1.9,929|1316|2204|4092|6279,CD14|KLF6|FCAR|SMAD7|S100A8,-0.88,0
1,-3,C0242966,M1,1,0,DisGeNET,35,Systemic Inflammatory Response Syndrome,,-3,6.7,4.9,28162,185,114,5,4.4,1.9,728|929|7056|7128|114548,C5AR1|CD14|THBD|TNFAIP3|NLRP3,-0.87,0
1,-3,C0235782,M1,1,0,DisGeNET,35,Gallbladder Carcinoma,,-3,4,4.3,28162,498,114,8,7,2.4,1545|1843|2353|4092|6279|6615|7852|9997,CYP1B1|DUSP1|FOS|SMAD7|S100A8|SNAI1|CXCR4|SCO2,-0.86,0
1,-3,C4699512,M1,1,0,DisGeNET,35,Large-artery atherosclerosis (embolus/thrombosis),,-3,15,6.4,28162,48,114,3,2.6,1.5,2353|5144|114548,FOS|PDE4D|NLRP3,-0.86,0
1,-3,C0149678,M1,1,0,DisGeNET,35,Epstein-Barr Virus Infections,,-3,4.5,4.4,28162,384,114,7,6.1,2.2,969|1880|4092|7128|7852|23082|28984,CD69|GPR183|SMAD7|TNFAIP3|CXCR4|PPRC1|RGCC,-0.86,0
1,-3,C3665419,M1,1,0,DisGeNET,35,intracranial glioma,,-3,9.1,5.4,28162,108,114,4,3.5,1.7,1316|3280|4092|160622,KLF6|HES1|SMAD7|TAMALIN,-0.86,0
1,-3,C0004943,M1,1,0,DisGeNET,35,Behcet Syndrome,,-3,3.9,4.2,28162,502,114,8,7,2.4,374|467|929|969|7056|7128|64581|114548,AREG|ATF3|CD14|CD69|THBD|TNFAIP3|CLEC7A|NLRP3,-0.85,0
1,-3,C0162557,M1,1,0,DisGeNET,35,"Liver Failure, Acute",,-3,5.3,4.6,28162,282,114,6,5.3,2.1,929|1316|7056|7128|10018|114548,CD14|KLF6|THBD|TNFAIP3|BCL2L11|NLRP3,-0.85,0
1,-3,C0278876,M1,1,0,DisGeNET,35,Adult Medulloblastoma,,-3,3.2,4,28162,762,114,10,8.8,2.6,1545|3090|3280|3685|4883|5900|6615|7852|7862|9332,CYP1B1|HIC1|HES1|ITGAV|NPR3|RALGDS|SNAI1|CXCR4|BRPF1|CD163,-0.83,0
1,-3,C1333064,M1,1,0,DisGeNET,35,Classical Hodgkin's Lymphoma,,-3,5.2,4.5,28162,285,114,6,5.3,2.1,467|929|2353|2354|7128|9332,ATF3|CD14|FOS|FOSB|TNFAIP3|CD163,-0.83,0
1,-3,C4048329,M1,1,0,DisGeNET,35,Immunosuppression,,-3,3.5,4.1,28162,632,114,9,7.9,2.5,374|467|929|969|1831|5055|7852|64581|114548,AREG|ATF3|CD14|CD69|TSC22D3|SERPINB2|CXCR4|CLEC7A|NLRP3,-0.83,0
1,-3,C0220650,M1,1,0,DisGeNET,35,Metastatic malignant neoplasm to brain,,-3,4.4,4.3,28162,392,114,7,6.1,2.2,374|1475|5055|6615|7538|7852|51330,AREG|CSTA|SERPINB2|SNAI1|ZFP36|CXCR4|TNFRSF12A,-0.83,0
1,-3,C0025286,M1,1,0,DisGeNET,35,Meningioma,,-3,3.5,4.1,28162,634,114,9,7.9,2.5,1|374|969|1316|1545|2353|3280|7852|9332,A1BG|AREG|CD69|KLF6|CYP1B1|FOS|HES1|CXCR4|CD163,-0.83,0
1,-3,C0282160,M1,1,0,DisGeNET,35,Aplasia Cutis Congenita,,-3,4.4,4.3,28162,393,114,7,6.1,2.2,929|2353|2354|3685|5366|7852|8013,CD14|FOS|FOSB|ITGAV|PMAIP1|CXCR4|NR4A3,-0.83,0
1,-3,C0155626,M1,1,0,DisGeNET,35,Acute myocardial infarction,,-3,3.2,4,28162,766,114,10,8.8,2.6,929|3685|6385|6533|7056|7852|8013|10018|51330|114548,CD14|ITGAV|SDC4|SLC6A6|THBD|CXCR4|NR4A3|BCL2L11|TNFRSF12A|NLRP3,-0.83,0
1,-2.9,C0266929,M1,1,0,DisGeNET,35,Chronic Periodontitis,,-2.9,5.2,4.5,28162,287,114,6,5.3,2.1,929|6279|7852|9332|10018|114548,CD14|S100A8|CXCR4|CD163|BCL2L11|NLRP3,-0.82,0
1,-2.9,C0278996,M1,1,0,DisGeNET,35,Malignant Head and Neck Neoplasm,,-2.9,3.2,4,28162,767,114,10,8.8,2.6,374|1545|2353|2354|5055|7538|7852|9997|10018|114548,AREG|CYP1B1|FOS|FOSB|SERPINB2|ZFP36|CXCR4|SCO2|BCL2L11|NLRP3,-0.82,0
1,-2.9,C1704272,M1,1,0,DisGeNET,35,Benign Prostatic Hyperplasia,,-2.9,3.2,4,28162,770,114,10,8.8,2.6,2|467|1316|1475|1545|1843|3090|3280|6279|6615,A2M|ATF3|KLF6|CSTA|CYP1B1|DUSP1|HIC1|HES1|S100A8|SNAI1,-0.82,0
1,-2.9,C0278510,M1,1,0,DisGeNET,35,Childhood Medulloblastoma,,-2.9,3.2,4,28162,771,114,10,8.8,2.6,1545|3090|3280|3685|4883|5900|6615|7852|7862|9332,CYP1B1|HIC1|HES1|ITGAV|NPR3|RALGDS|SNAI1|CXCR4|BRPF1|CD163,-0.82,0
1,-2.9,C0017921,M1,1,0,DisGeNET,35,Glycogen storage disease type II,,-2.9,6.4,4.8,28162,194,114,5,4.4,1.9,2273|7538|7852|54541|114548,FHL1|ZFP36|CXCR4|DDIT4|NLRP3,-0.82,0
1,-2.9,C0018621,M1,1,0,DisGeNET,35,Hay fever,,-2.9,8.7,5.2,28162,114,114,4,3.5,1.7,969|1843|4092|9332,CD69|DUSP1|SMAD7|CD163,-0.81,0
1,-2.9,C0017152,M1,1,0,DisGeNET,35,Gastritis,,-2.9,5.1,4.5,28162,292,114,6,5.3,2.1,929|969|2353|2354|5055|6279,CD14|CD69|FOS|FOSB|SERPINB2|S100A8,-0.8,0
1,-2.9,C1963943,M1,1,0,DisGeNET,35,Atherothrombosis,,-2.9,8.6,5.2,28162,115,114,4,3.5,1.7,929|969|7056|114548,CD14|CD69|THBD|NLRP3,-0.8,0
1,-2.9,C0085605,M1,1,0,DisGeNET,35,Liver Failure,,-2.9,5.1,4.5,28162,293,114,6,5.3,2.1,2353|7852|8013|9332|9414|114548,FOS|CXCR4|NR4A3|CD163|TJP2|NLRP3,-0.79,0
1,-2.9,C0153633,M1,1,0,DisGeNET,35,Malignant neoplasm of brain,,-2.9,5,4.4,28162,294,114,6,5.3,2.1,1316|5900|6615|7538|7852|51330,KLF6|RALGDS|SNAI1|ZFP36|CXCR4|TNFRSF12A,-0.79,0
1,-2.9,C2931456,M1,1,0,DisGeNET,35,"Prostate cancer, familial",,-2.9,8.5,5.2,28162,116,114,4,3.5,1.7,1316|1545|10018|54984,KLF6|CYP1B1|BCL2L11|PINX1,-0.79,0
1,-2.9,C1762616,M1,1,0,DisGeNET,35,"Meningioma, benign, no ICD-O subtype",,-2.9,4.3,4.2,28162,404,114,7,6.1,2.2,374|1316|1545|2353|3280|7852|9332,AREG|KLF6|CYP1B1|FOS|HES1|CXCR4|CD163,-0.78,0
1,-2.9,C0278877,M1,1,0,DisGeNET,35,Adult Meningioma,,-2.9,4.3,4.2,28162,405,114,7,6.1,2.2,374|1316|1545|2353|3280|7852|9332,AREG|KLF6|CYP1B1|FOS|HES1|CXCR4|CD163,-0.78,0
1,-2.9,C0023827,M1,1,0,DisGeNET,35,liposarcoma,,-2.9,6.2,4.7,28162,200,114,5,4.4,1.9,2|825|1316|4665|23435,A2M|CAPN3|KLF6|NAB2|TARDBP,-0.77,0
1,-2.9,C3887461,M1,1,0,DisGeNET,35,Head and Neck Carcinoma,,-2.9,3.1,3.9,28162,786,114,10,8.8,2.6,374|1545|2353|2354|5055|7538|7852|9997|10018|114548,AREG|CYP1B1|FOS|FOSB|SERPINB2|ZFP36|CXCR4|SCO2|BCL2L11|NLRP3,-0.77,0
1,-2.9,C0220756,M1,1,0,DisGeNET,35,"Niemann-Pick Disease, Type C",,-2.9,6.1,4.7,28162,201,114,5,4.4,1.9,2353|2354|9332|9997|23435,FOS|FOSB|CD163|SCO2|TARDBP,-0.77,0
1,-2.9,C0334579,M1,1,0,DisGeNET,35,Anaplastic astrocytoma,,-2.9,6.1,4.7,28162,202,114,5,4.4,1.9,374|1316|3685|9332|9997,AREG|KLF6|ITGAV|CD163|SCO2,-0.76,0
1,-2.8,C1858025,M1,1,0,DisGeNET,35,Spinal rigidity,,-2.8,13,5.9,28162,55,114,3,2.6,1.5,825|2273|2353,CAPN3|FHL1|FOS,-0.76,0
1,-2.8,C2931788,M1,1,0,DisGeNET,35,Atypical Hemolytic Uremic Syndrome,,-2.8,13,5.8,28162,56,114,3,2.6,1.5,728|2273|7056,C5AR1|FHL1|THBD,-0.74,0
1,-2.8,C0700345,M1,1,0,DisGeNET,35,"Candidiasis, Vulvovaginal",,-2.8,13,5.8,28162,57,114,3,2.6,1.5,7852|64581|114548,CXCR4|CLEC7A|NLRP3,-0.72,0
1,-2.8,C0023493,M1,1,0,DisGeNET,35,Adult T-Cell Lymphoma/Leukemia,,-2.8,3.7,4,28162,540,114,8,7,2.4,467|969|1880|2353|2354|4092|7852|114548,ATF3|CD69|GPR183|FOS|FOSB|SMAD7|CXCR4|NLRP3,-0.72,0
1,-2.8,C0270824,M1,1,0,DisGeNET,35,Visual seizure,,-2.8,5.9,4.5,28162,209,114,5,4.4,1.9,1843|2353|4688|8061|56172,DUSP1|FOS|NCF2|FOSL1|ANKH,-0.71,0
1,-2.8,C1845050,M1,1,0,DisGeNET,35,"PIGMENTARY DISORDER, RETICULATE, WITH SYSTEMIC MANIFESTATIONS",,-2.8,5.9,4.5,28162,209,114,5,4.4,1.9,3685|9332|51330|79805|114548,ITGAV|CD163|TNFRSF12A|VASH2|NLRP3,-0.71,0
1,-2.8,C0016037,M1,1,0,DisGeNET,35,Fibrodysplasia Ossificans Progressiva,,-2.8,13,5.7,28162,58,114,3,2.6,1.5,929|4092|6385,CD14|SMAD7|SDC4,-0.7,0
1,-2.8,C0151449,M1,1,0,DisGeNET,35,Primary Sjögren's syndrome,,-2.8,4.8,4.2,28162,312,114,6,5.3,2.1,929|969|6279|7128|7852|114548,CD14|CD69|S100A8|TNFAIP3|CXCR4|NLRP3,-0.7,0
1,-2.7,C0005818,M1,1,0,DisGeNET,35,Blood Platelet Disorders,,-2.7,13,5.7,28162,59,114,3,2.6,1.5,7056|7852|8013,THBD|CXCR4|NR4A3,-0.69,0
1,-2.7,C0022104,M1,1,0,DisGeNET,35,Irritable Bowel Syndrome,,-2.7,4,4,28162,429,114,7,6.1,2.2,929|4688|4883|6279|7852|57162|114548,CD14|NCF2|NPR3|S100A8|CXCR4|PELI1|NLRP3,-0.68,0
1,-2.7,C0024138,M1,1,0,DisGeNET,35,"Lupus Erythematosus, Discoid",,-2.7,3.6,3.9,28162,552,114,8,7,2.4,467|969|1831|4688|7128|7852|9332|114548,ATF3|CD69|TSC22D3|NCF2|TNFAIP3|CXCR4|CD163|NLRP3,-0.67,0
1,-2.7,C0524910,M1,1,0,DisGeNET,35,"Hepatitis C, Chronic",,-2.7,4,4,28162,430,114,7,6.1,2.2,929|969|2204|2353|7852|9332|9509,CD14|CD69|FCAR|FOS|CXCR4|CD163|ADAMTS2,-0.67,0
1,-2.7,C3860213,M1,1,0,DisGeNET,35,Autoinflammatory disorder,,-2.7,12,5.6,28162,60,114,3,2.6,1.5,7128|54541|114548,TNFAIP3|DDIT4|NLRP3,-0.67,0
1,-2.7,C0007682,M1,1,0,DisGeNET,35,CNS disorder,,-2.7,4.6,4.2,28162,319,114,6,5.3,2.1,728|1831|5144|7538|7852|114548,C5AR1|TSC22D3|PDE4D|ZFP36|CXCR4|NLRP3,-0.66,0
1,-2.7,C0006413,M1,1,0,DisGeNET,35,Burkitt Lymphoma,,-2.7,3.6,3.9,28162,556,114,8,7,2.4,969|1316|4665|5366|7852|10018|54984|114548,CD69|KLF6|NAB2|PMAIP1|CXCR4|BCL2L11|PINX1|NLRP3,-0.66,0
1,-2.7,C0013395,M1,1,0,DisGeNET,35,Dyspepsia,,-2.7,12,5.6,28162,61,114,3,2.6,1.5,929|5055|6279,CD14|SERPINB2|S100A8,-0.66,0
1,-2.7,C2678065,M1,1,0,DisGeNET,35,Myofibrillar Myopathy,,-2.7,12,5.6,28162,61,114,3,2.6,1.5,825|2273|23435,CAPN3|FHL1|TARDBP,-0.66,0
1,-2.7,C0035222,M1,1,0,DisGeNET,35,"Respiratory Distress Syndrome, Adult",,-2.7,4,4,28162,434,114,7,6.1,2.2,728|929|1545|2353|7056|7852|114548,C5AR1|CD14|CYP1B1|FOS|THBD|CXCR4|NLRP3,-0.66,0
1,-2.7,C0020507,M1,1,0,DisGeNET,35,Hyperplasia,,-2.7,7.5,4.8,28162,131,114,4,3.5,1.7,374|7128|7538|7852,AREG|TNFAIP3|ZFP36|CXCR4,-0.65,0
1,-2.7,C0040028,M1,1,0,DisGeNET,35,"Thrombocythemia, Essential",,-2.7,5.6,4.4,28162,220,114,5,4.4,1.9,929|969|6279|7852|114548,CD14|CD69|S100A8|CXCR4|NLRP3,-0.65,0
1,-2.7,C0274861,M1,1,0,DisGeNET,35,"Arsenic Poisoning, Inorganic",,-2.7,12,5.5,28162,62,114,3,2.6,1.5,4929|5209|57162,NR4A2|PFKFB3|PELI1,-0.65,0
1,-2.7,C0274862,M1,1,0,DisGeNET,35,"Nervous System, Organic Arsenic Poisoning",,-2.7,12,5.5,28162,62,114,3,2.6,1.5,4929|5209|57162,NR4A2|PFKFB3|PELI1,-0.65,0
1,-2.7,C0340076,M1,1,0,DisGeNET,35,Asthmatic pulmonary eosinophilia,,-2.7,12,5.5,28162,62,114,3,2.6,1.5,1880|3597|114548,GPR183|IL13RA1|NLRP3,-0.65,0
1,-2.7,C0751851,M1,1,0,DisGeNET,35,Arsenic Encephalopathy,,-2.7,12,5.5,28162,62,114,3,2.6,1.5,4929|5209|57162,NR4A2|PFKFB3|PELI1,-0.65,0
1,-2.7,C0751852,M1,1,0,DisGeNET,35,Arsenic Induced Polyneuropathy,,-2.7,12,5.5,28162,62,114,3,2.6,1.5,4929|5209|57162,NR4A2|PFKFB3|PELI1,-0.65,0
1,-2.7,C2717961,M1,1,0,DisGeNET,35,Thrombotic Microangiopathies,,-2.7,12,5.5,28162,62,114,3,2.6,1.5,728|7056|7538,C5AR1|THBD|ZFP36,-0.65,0
1,-2.7,C0009326,M1,1,0,DisGeNET,35,Collagen Diseases,,-2.7,12,5.5,28162,63,114,3,2.6,1.5,7128|9509|114548,TNFAIP3|ADAMTS2|NLRP3,-0.64,0
1,-2.7,C1608389,M1,1,0,DisGeNET,35,Autoimmune myocarditis,,-2.7,12,5.5,28162,63,114,3,2.6,1.5,969|51330|114548,CD69|TNFRSF12A|NLRP3,-0.64,0
1,-2.7,C0019189,M1,1,0,DisGeNET,35,"Hepatitis, Chronic",,-2.7,5.5,4.3,28162,224,114,5,4.4,1.9,374|3685|9332|54984|114548,AREG|ITGAV|CD163|PINX1|NLRP3,-0.63,0
1,-2.6,C0311375,M1,1,0,DisGeNET,35,Arsenic Poisoning,,-2.6,12,5.4,28162,64,114,3,2.6,1.5,4929|5209|57162,NR4A2|PFKFB3|PELI1,-0.62,0
1,-2.6,C0278488,M1,1,0,DisGeNET,35,Carcinoma breast stage IV,,-2.6,3.4,3.8,28162,573,114,8,7,2.4,444|467|5209|6615|7852|8061|9332|9997,ASPH|ATF3|PFKFB3|SNAI1|CXCR4|FOSL1|CD163|SCO2,-0.61,0
1,-2.6,C0085281,M1,1,0,DisGeNET,35,Addictive Behavior,,-2.6,4.5,4,28162,332,114,6,5.3,2.1,1316|1475|1843|2354|3090|4929,KLF6|CSTA|DUSP1|FOSB|HIC1|NR4A2,-0.61,0
1,-2.6,C3900098,M1,1,0,DisGeNET,35,Adult Myelodysplastic Syndrome,,-2.6,4.5,4,28162,332,114,6,5.3,2.1,929|2353|6279|7056|7852|114548,CD14|FOS|S100A8|THBD|CXCR4|NLRP3,-0.61,0
1,-2.6,C2347761,M1,1,0,DisGeNET,35,Childhood Myelodysplastic Syndrome,,-2.6,4.4,4,28162,335,114,6,5.3,2.1,929|2353|6279|7056|7852|114548,CD14|FOS|S100A8|THBD|CXCR4|NLRP3,-0.59,0
1,-2.6,C0040128,M1,1,0,DisGeNET,35,Thyroid Diseases,,-2.6,5.4,4.2,28162,230,114,5,4.4,1.9,929|2353|2354|5144|8061,CD14|FOS|FOSB|PDE4D|FOSL1,-0.59,0
1,-2.6,C0027668,M1,1,0,DisGeNET,35,"Neoplasms, Vascular Tissue",,-2.6,11,5.3,28162,67,114,3,2.6,1.5,2353|2354|7538,FOS|FOSB|ZFP36,-0.58,0
1,-2.6,C2347747,M1,1,0,DisGeNET,35,Adult Classical Hodgkin Lymphoma,,-2.6,5.3,4.2,28162,233,114,5,4.4,1.9,467|2353|2354|7128|9332,ATF3|FOS|FOSB|TNFAIP3|CD163,-0.57,0
1,-2.6,C0003507,M1,1,0,DisGeNET,35,Aortic Valve Stenosis,,-2.6,5.3,4.2,28162,234,114,5,4.4,1.9,929|2353|2354|4814|6385,CD14|FOS|FOSB|NINJ1|SDC4,-0.57,0
1,-2.6,C0555198,M1,1,0,DisGeNET,35,Malignant Glioma,,-2.6,3.1,3.6,28162,724,114,9,7.9,2.5,374|2353|6615|7538|7852|8061|10018|51330|135228,AREG|FOS|SNAI1|ZFP36|CXCR4|FOSL1|BCL2L11|TNFRSF12A|CD109,-0.56,0
1,-2.6,C0007621,M1,1,0,DisGeNET,35,Neoplastic Cell Transformation,,-2.6,6.9,4.5,28162,143,114,4,3.5,1.7,2353|6615|7128|7852,FOS|SNAI1|TNFAIP3|CXCR4,-0.56,0
1,-2.6,C0238288,M1,1,0,DisGeNET,35,"Muscular Dystrophy, Facioscapulohumeral",,-2.6,6.9,4.5,28162,143,114,4,3.5,1.7,825|2273|8061|28984,CAPN3|FHL1|FOSL1|RGCC,-0.56,0
1,-2.6,C0334663,M1,1,0,DisGeNET,35,Histiocytic sarcoma,,-2.6,11,5.2,28162,69,114,3,2.6,1.5,929|5055|9332,CD14|SERPINB2|CD163,-0.56,0
1,-2.6,C0010823,M1,1,0,DisGeNET,35,Cytomegalovirus Infections,,-2.6,3.7,3.8,28162,462,114,7,6.1,2.2,929|969|2353|2354|3280|7852|23435,CD14|CD69|FOS|FOSB|HES1|CXCR4|TARDBP,-0.56,0
1,-2.6,C4721532,M1,1,0,DisGeNET,35,"Lymphoma, Non-Hodgkin, Familial",,-2.6,3.7,3.8,28162,462,114,7,6.1,2.2,929|1545|3090|7128|7852|10018|114548,CD14|CYP1B1|HIC1|TNFAIP3|CXCR4|BCL2L11|NLRP3,-0.56,0
1,-2.6,C0007787,M1,1,0,DisGeNET,35,Transient Ischemic Attack,,-2.6,4.3,3.9,28162,344,114,6,5.3,2.1,1119|1843|5144|7056|8013|114548,CHKA|DUSP1|PDE4D|THBD|NR4A3|NLRP3,-0.56,0
1,-2.5,C0014378,M1,1,0,DisGeNET,35,Enterovirus Infections,,-2.5,5.2,4.2,28162,237,114,5,4.4,1.9,929|5900|8013|54984|114548,CD14|RALGDS|NR4A3|PINX1|NLRP3,-0.56,0
1,-2.5,C4721698,M1,1,0,DisGeNET,35,Metastatic Renal Cell Carcinoma,,-2.5,6.9,4.5,28162,144,114,4,3.5,1.7,728|5055|7852|57162,C5AR1|SERPINB2|CXCR4|PELI1,-0.56,0
1,-2.5,C0006111,M1,1,0,DisGeNET,35,Brain Diseases,,-2.5,4.3,3.9,28162,345,114,6,5.3,2.1,4929|5144|9509|23435|51330|114548,NR4A2|PDE4D|ADAMTS2|TARDBP|TNFRSF12A|NLRP3,-0.56,0
1,-2.5,C0278678,M1,1,0,DisGeNET,35,Metastatic Renal Cell Cancer,,-2.5,6.8,4.5,28162,145,114,4,3.5,1.7,728|5055|7852|57162,C5AR1|SERPINB2|CXCR4|PELI1,-0.55,0
1,-2.5,C0034068,M1,1,0,DisGeNET,35,Pulmonary Eosinophilia,,-2.5,11,5.1,28162,70,114,3,2.6,1.5,1880|3597|114548,GPR183|IL13RA1|NLRP3,-0.55,0
1,-2.5,C0234958,M1,1,0,DisGeNET,35,Muscle degeneration,,-2.5,11,5.1,28162,70,114,3,2.6,1.5,825|2273|23435,CAPN3|FHL1|TARDBP,-0.55,0
1,-2.5,C2004493,M1,1,0,DisGeNET,35,"Leukemia, B-Cell",,-2.5,5.2,4.1,28162,239,114,5,4.4,1.9,2353|6279|7538|8013|10018,FOS|S100A8|ZFP36|NR4A3|BCL2L11,-0.55,0
1,-2.5,C2827407,M1,1,0,DisGeNET,35,Infectious Otitis Media,,-2.5,6.8,4.5,28162,146,114,4,3.5,1.7,929|1843|6279|7852,CD14|DUSP1|S100A8|CXCR4,-0.54,0
1,-2.5,C0007104,M1,1,0,DisGeNET,35,Female Breast Carcinoma,,-2.5,10,5.1,28162,71,114,3,2.6,1.5,1545|7852|10018,CYP1B1|CXCR4|BCL2L11,-0.54,0
1,-2.5,C0162351,M1,1,0,DisGeNET,35,Contact hypersensitivity,,-2.5,10,5.1,28162,71,114,3,2.6,1.5,1545|1843|6279,CYP1B1|DUSP1|S100A8,-0.54,0
1,-2.5,C0235653,M1,1,0,DisGeNET,35,Malignant neoplasm of female breast,,-2.5,10,5.1,28162,71,114,3,2.6,1.5,1545|7852|10018,CYP1B1|CXCR4|BCL2L11,-0.54,0
1,-2.5,C3888391,M1,1,0,DisGeNET,35,Nonnuclear polymorphic congenital cataract,,-2.5,10,5.1,28162,71,114,3,2.6,1.5,374|1843|7852,AREG|DUSP1|CXCR4,-0.54,0
1,-2.5,C0867389,M1,1,0,DisGeNET,35,Chronic graft-versus-host disease,,-2.5,5.1,4.1,28162,241,114,5,4.4,1.9,2|728|6279|7056|9332,A2M|C5AR1|S100A8|THBD|CD163,-0.54,0
1,-2.5,C0037315,M1,1,0,DisGeNET,35,Sleep Apnea Syndromes,,-2.5,6.7,4.4,28162,148,114,4,3.5,1.7,6279|7538|9509|114548,S100A8|ZFP36|ADAMTS2|NLRP3,-0.53,0
1,-2.5,C4275242,M1,1,0,DisGeNET,35,Sudden sensorineural hearing loss,,-2.5,10,5,28162,72,114,3,2.6,1.5,929|1843|5144,CD14|DUSP1|PDE4D,-0.53,0
1,-2.5,C0278764,M1,1,0,DisGeNET,35,Adult Burkitt Lymphoma,,-2.5,3.6,3.7,28162,475,114,7,6.1,2.2,969|1316|4665|5366|7852|10018|54984,CD69|KLF6|NAB2|PMAIP1|CXCR4|BCL2L11|PINX1,-0.52,0
1,-2.5,C0278879,M1,1,0,DisGeNET,35,Childhood Burkitt Lymphoma,,-2.5,3.6,3.7,28162,477,114,7,6.1,2.2,969|1316|4665|5366|7852|10018|54984,CD69|KLF6|NAB2|PMAIP1|CXCR4|BCL2L11|PINX1,-0.51,0
1,-2.5,C0005967,M1,1,0,DisGeNET,35,Bone neoplasms,,-2.5,6.5,4.4,28162,151,114,4,3.5,1.7,1316|2353|2354|7852,KLF6|FOS|FOSB|CXCR4,-0.51,0
1,-2.5,C0042164,M1,1,0,DisGeNET,35,Uveitis,,-2.5,5,4,28162,247,114,5,4.4,1.9,929|6279|7056|7852|114548,CD14|S100A8|THBD|CXCR4|NLRP3,-0.51,0
1,-2.5,C1519353,M1,1,0,DisGeNET,35,Skin Papule,,-2.5,10,5,28162,74,114,3,2.6,1.5,1475|64581|114548,CSTA|CLEC7A|NLRP3,-0.51,0
1,-2.5,C1836296,M1,1,0,DisGeNET,35,Muscle Weakness Lower Limb,,-2.5,10,5,28162,74,114,3,2.6,1.5,825|2273|9997,CAPN3|FHL1|SCO2,-0.51,0
1,-2.5,C0003862,M1,1,0,DisGeNET,35,Arthralgia,,-2.5,5,4,28162,248,114,5,4.4,1.9,5366|10847|56172|84617|114548,PMAIP1|SRCAP|ANKH|TUBB6|NLRP3,-0.5,0
1,-2.5,C0694549,M1,1,0,DisGeNET,35,Community acquired pneumonia,,-2.5,9.9,4.9,28162,75,114,3,2.6,1.5,2|6385|114548,A2M|SDC4|NLRP3,-0.49,0
1,-2.4,C0149630,M1,1,0,DisGeNET,35,Bicuspid aortic valve,,-2.4,6.4,4.3,28162,154,114,4,3.5,1.7,2353|2354|4092|4509,FOS|FOSB|SMAD7|ATP8,-0.49,0
1,-2.4,C0015230,M1,1,0,DisGeNET,35,Exanthema,,-2.4,4.9,4,28162,251,114,5,4.4,1.9,1|374|1475|64581|114548,A1BG|AREG|CSTA|CLEC7A|NLRP3,-0.49,0
1,-2.4,C0085253,M1,1,0,DisGeNET,35,Adult-Onset Still Disease,,-2.4,9.8,4.9,28162,76,114,3,2.6,1.5,7852|64581|114548,CXCR4|CLEC7A|NLRP3,-0.48,0
1,-2.4,C0332563,M1,1,0,DisGeNET,35,Papule,,-2.4,9.8,4.9,28162,76,114,3,2.6,1.5,1475|64581|114548,CSTA|CLEC7A|NLRP3,-0.48,0
1,-2.4,C0022568,M1,1,0,DisGeNET,35,Keratitis,,-2.4,6.3,4.3,28162,156,114,4,3.5,1.7,6279|7852|64581|114548,S100A8|CXCR4|CLEC7A|NLRP3,-0.47,0
1,-2.4,C0015672,M1,1,0,DisGeNET,35,Fatigue,,-2.4,2.9,3.4,28162,760,114,9,7.9,2.5,929|969|1475|3685|4665|23435|84617|114548|135228,CD14|CD69|CSTA|ITGAV|NAB2|TARDBP|TUBB6|NLRP3|CD109,-0.47,0
1,-2.4,C0027092,M1,1,0,DisGeNET,35,Myopia,,-2.4,3.5,3.6,28162,490,114,7,6.1,2.2,374|2353|2354|9414|9509|9877|9997,AREG|FOS|FOSB|TJP2|ADAMTS2|ZC3H11A|SCO2,-0.47,0
1,-2.4,C3714514,M1,1,0,DisGeNET,35,Infection,,-2.4,3.5,3.6,28162,491,114,7,6.1,2.2,929|2204|2353|5366|7852|10018|114548,CD14|FCAR|FOS|PMAIP1|CXCR4|BCL2L11|NLRP3,-0.46,0
1,-2.4,C0030297,M1,1,0,DisGeNET,35,Pancreatic Neoplasm,,-2.4,2.9,3.4,28162,764,114,9,7.9,2.5,1119|1843|3280|4092|5209|5366|6279|7852|22822,CHKA|DUSP1|HES1|SMAD7|PFKFB3|PMAIP1|S100A8|CXCR4|PHLDA1,-0.46,0
1,-2.4,C0278498,M1,1,0,DisGeNET,35,Malignant neoplasm of stomach stage IV,,-2.4,9.5,4.8,28162,78,114,3,2.6,1.5,969|7852|9997,CD69|CXCR4|SCO2,-0.46,0
1,-2.4,C1522378,M1,1,0,DisGeNET,35,"Leukemia, Large Granular Lymphocytic",,-2.4,9.5,4.8,28162,78,114,3,2.6,1.5,1316|2353|7128,KLF6|FOS|TNFAIP3,-0.46,0
1,-2.4,C0238339,M1,1,0,DisGeNET,35,Hereditary pancreatitis,,-2.4,6.3,4.2,28162,158,114,4,3.5,1.7,1545|4665|6279|54984,CYP1B1|NAB2|S100A8|PINX1,-0.46,0
1,-2.4,C0220605,M1,1,0,DisGeNET,35,Adult Non-Hodgkin Lymphoma,,-2.4,4,3.7,28162,370,114,6,5.3,2.1,1545|3090|7128|7852|10018|114548,CYP1B1|HIC1|TNFAIP3|CXCR4|BCL2L11|NLRP3,-0.46,0
1,-2.4,C0027796,M1,1,0,DisGeNET,35,Neuralgia,,-2.4,2.9,3.4,28162,767,114,9,7.9,2.5,2|467|728|1316|1843|3280|4146|7852|114548,A2M|ATF3|C5AR1|KLF6|DUSP1|HES1|MATN1|CXCR4|NLRP3,-0.46,0
1,-2.4,C0155877,M1,1,0,DisGeNET,35,Allergic asthma,,-2.4,4,3.7,28162,371,114,6,5.3,2.1,374|728|929|2204|3597|114548,AREG|C5AR1|CD14|FCAR|IL13RA1|NLRP3,-0.45,0
1,-2.4,C0220612,M1,1,0,DisGeNET,35,Childhood Non-Hodgkin Lymphoma,,-2.4,4,3.7,28162,371,114,6,5.3,2.1,1545|3090|7128|7852|10018|114548,CYP1B1|HIC1|TNFAIP3|CXCR4|BCL2L11|NLRP3,-0.45,0
1,-2.4,C0011991,M1,1,0,DisGeNET,35,Diarrhea,,-2.4,3.1,3.4,28162,632,114,8,7,2.4,728|929|969|2353|4883|5055|6804|51330,C5AR1|CD14|CD69|FOS|NPR3|SERPINB2|STX1A|TNFRSF12A,-0.44,0
1,-2.4,C0403416,M1,1,0,DisGeNET,35,Idiopathic crescentic glomerulonephritis,,-2.4,9.3,4.7,28162,80,114,3,2.6,1.5,2353|2354|9332,FOS|FOSB|CD163,-0.44,0
1,-2.4,C0023465,M1,1,0,DisGeNET,35,Acute monocytic leukemia,,-2.4,3.1,3.4,28162,633,114,8,7,2.4,929|2354|5366|6279|7852|8013|10018|100131234,CD14|FOSB|PMAIP1|S100A8|CXCR4|NR4A3|BCL2L11|MIR181A1HG,-0.44,0
1,-2.4,C0236804,M1,1,0,DisGeNET,35,Amphetamine Addiction,,-2.4,9.1,4.7,28162,81,114,3,2.6,1.5,2353|2354|5144,FOS|FOSB|PDE4D,-0.44,0
1,-2.4,C3267073,M1,1,0,DisGeNET,35,Autoinflammatory disease,,-2.4,9.1,4.7,28162,81,114,3,2.6,1.5,5366|7128|114548,PMAIP1|TNFAIP3|NLRP3,-0.44,0
1,-2.4,C0553694,M1,1,0,DisGeNET,35,Oropharyngeal disorders,,-2.4,6.1,4.1,28162,163,114,4,3.5,1.7,2353|2354|6279|9997,FOS|FOSB|S100A8|SCO2,-0.43,0
1,-2.3,C0280324,M1,1,0,DisGeNET,35,Laryngeal Squamous Cell Carcinoma,,-2.3,3.4,3.5,28162,504,114,7,6.1,2.2,467|969|4929|6279|6615|9332|114548,ATF3|CD69|NR4A2|S100A8|SNAI1|CD163|NLRP3,-0.43,0
1,-2.3,C1332201,M1,1,0,DisGeNET,35,Adult Diffuse Large B-Cell Lymphoma,,-2.3,3.4,3.5,28162,504,114,7,6.1,2.2,3090|5366|7128|7852|8013|9332|135228,HIC1|PMAIP1|TNFAIP3|CXCR4|NR4A3|CD163|CD109,-0.43,0
1,-2.3,C0005779,M1,1,0,DisGeNET,35,Blood Coagulation Disorders,,-2.3,4.6,3.8,28162,267,114,5,4.4,1.9,2|929|4146|7056|26276,A2M|CD14|MATN1|THBD|VPS33B,-0.42,0
1,-2.3,C0007095,M1,1,0,DisGeNET,35,Carcinoid Tumor,,-2.3,4.6,3.8,28162,267,114,5,4.4,1.9,2353|2354|3280|7852|10018,FOS|FOSB|HES1|CXCR4|BCL2L11,-0.42,0
1,-2.3,C4020732,M1,1,0,DisGeNET,35,Mitochondrial abnormalities,,-2.3,8.9,4.6,28162,83,114,3,2.6,1.5,825|9997|23435,CAPN3|SCO2|TARDBP,-0.42,0
1,-2.3,C0751713,M1,1,0,DisGeNET,35,"Inclusion Body Myopathy, Sporadic",,-2.3,8.8,4.6,28162,84,114,3,2.6,1.5,825|7852|23435,CAPN3|CXCR4|TARDBP,-0.4,0
1,-2.3,C4554601,M1,1,0,DisGeNET,35,Amyloidosis cutis dyschromia,,-2.3,8.8,4.6,28162,84,114,3,2.6,1.5,2353|2354|114548,FOS|FOSB|NLRP3,-0.4,0
1,-2.3,C0014335,M1,1,0,DisGeNET,35,Enteritis,,-2.3,8.7,4.5,28162,85,114,3,2.6,1.5,1843|2353|2354,DUSP1|FOS|FOSB,-0.39,0
1,-2.3,C0032269,M1,1,0,DisGeNET,35,Pneumococcal Infections,,-2.3,8.7,4.5,28162,85,114,3,2.6,1.5,929|4092|114548,CD14|SMAD7|NLRP3,-0.39,0
1,-2.3,C1519689,M1,1,0,DisGeNET,35,Tumor Promotion,,-2.3,5.8,4,28162,170,114,4,3.5,1.7,374|2353|2354|7538,AREG|FOS|FOSB|ZFP36,-0.39,0
1,-2.3,C4087504,M1,1,0,DisGeNET,35,Peritoneal dissemination,,-2.3,5.8,4,28162,170,114,4,3.5,1.7,5055|7852|9332|79805,SERPINB2|CXCR4|CD163|VASH2,-0.39,0
1,-2.3,C0030354,M1,1,0,DisGeNET,35,Papilloma,,-2.3,4.5,3.7,28162,273,114,5,4.4,1.9,969|4092|5055|6279|54541,CD69|SMAD7|SERPINB2|S100A8|DDIT4,-0.39,0
1,-2.3,C0553580,M1,1,0,DisGeNET,35,Ewings sarcoma,,-2.3,3.3,3.4,28162,517,114,7,6.1,2.2,2353|2354|3280|5366|7852|23082|23435,FOS|FOSB|HES1|PMAIP1|CXCR4|PPRC1|TARDBP,-0.39,0
1,-2.3,C0584960,M1,1,0,DisGeNET,35,Factor V Leiden mutation,,-2.3,8.6,4.5,28162,86,114,3,2.6,1.5,5055|7056|7538,SERPINB2|THBD|ZFP36,-0.38,0
1,-2.3,C0238461,M1,1,0,DisGeNET,35,Anaplastic thyroid carcinoma,,-2.3,3.8,3.5,28162,392,114,6,5.3,2.1,467|2353|4092|6279|6615|7852,ATF3|FOS|SMAD7|S100A8|SNAI1|CXCR4,-0.38,0
1,-2.3,C4520983,M1,1,0,DisGeNET,35,Congenital atresia of extrahepatic bile duct,,-2.3,5.7,4,28162,172,114,4,3.5,1.7,929|3280|9332|51330,CD14|HES1|CD163|TNFRSF12A,-0.37,0
1,-2.3,C0238190,M1,1,0,DisGeNET,35,Inclusion Body Myositis (disorder),,-2.3,8.5,4.5,28162,87,114,3,2.6,1.5,825|23435|51330,CAPN3|TARDBP|TNFRSF12A,-0.37,0
1,-2.3,C0025295,M1,1,0,DisGeNET,35,"Meningitis, Pneumococcal",,-2.3,8.4,4.4,28162,88,114,3,2.6,1.5,728|6279|114548,C5AR1|S100A8|NLRP3,-0.36,0
1,-2.3,C0086237,M1,1,0,DisGeNET,35,"Epilepsy, Cryptogenic",,-2.3,8.4,4.4,28162,88,114,3,2.6,1.5,2353|2354|6804,FOS|FOSB|STX1A,-0.36,0
1,-2.2,C0024131,M1,1,0,DisGeNET,35,Lupus Vulgaris,,-2.2,3.3,3.4,28162,526,114,7,6.1,2.2,467|969|1831|4688|7128|7852|114548,ATF3|CD69|TSC22D3|NCF2|TNFAIP3|CXCR4|NLRP3,-0.36,0
1,-2.2,C0740457,M1,1,0,DisGeNET,35,Malignant neoplasm of kidney,,-2.2,3,3.3,28162,664,114,8,7,2.4,1316|1545|6279|6615|7852|22822|54984|114548,KLF6|CYP1B1|S100A8|SNAI1|CXCR4|PHLDA1|PINX1|NLRP3,-0.36,0
1,-2.2,C0007570,M1,1,0,DisGeNET,35,Celiac Disease,,-2.2,3.3,3.4,28162,527,114,7,6.1,2.2,929|4092|4688|7128|7538|10847|114548,CD14|SMAD7|NCF2|TNFAIP3|ZFP36|SRCAP|NLRP3,-0.35,0
1,-2.2,C0578870,M1,1,0,DisGeNET,35,Chronic idiopathic urticaria,,-2.2,8.3,4.4,28162,89,114,3,2.6,1.5,728|969|114548,C5AR1|CD69|NLRP3,-0.35,0
1,-2.2,C0206686,M1,1,0,DisGeNET,35,Adrenocortical carcinoma,,-2.2,4.4,3.6,28162,281,114,5,4.4,1.9,467|4929|6615|7852|114548,ATF3|NR4A2|SNAI1|CXCR4|NLRP3,-0.35,0
1,-2.2,C0235950,M1,1,0,DisGeNET,35,Zinc deficiency,,-2.2,8.2,4.4,28162,90,114,3,2.6,1.5,2353|2354|6279,FOS|FOSB|S100A8,-0.35,0
1,-2.2,C1275126,M1,1,0,DisGeNET,35,TNF receptor-associated periodic fever syndrome (TRAPS),,-2.2,8.2,4.4,28162,90,114,3,2.6,1.5,929|7056|114548,CD14|THBD|NLRP3,-0.35,0
1,-2.2,C1384600,M1,1,0,DisGeNET,35,Systemic onset juvenile chronic arthritis,,-2.2,8.2,4.4,28162,90,114,3,2.6,1.5,6279|9332|114548,S100A8|CD163|NLRP3,-0.35,0
1,-2.2,C0001815,M1,1,0,DisGeNET,35,Primary Myelofibrosis,,-2.2,4.4,3.6,28162,282,114,5,4.4,1.9,929|4929|6279|7056|7852,CD14|NR4A2|S100A8|THBD|CXCR4,-0.35,0
1,-2.2,C1956089,M1,1,0,DisGeNET,35,Osteophyte,,-2.2,8.1,4.4,28162,91,114,3,2.6,1.5,929|2353|9332,CD14|FOS|CD163,-0.33,0
1,-2.2,C1535939,M1,1,0,DisGeNET,35,Pneumocystis jiroveci pneumonia,,-2.2,5.5,3.9,28162,180,114,4,3.5,1.7,2353|7852|64581|114548,FOS|CXCR4|CLEC7A|NLRP3,-0.32,0
1,-2.2,C0006309,M1,1,0,DisGeNET,35,Brucellosis,,-2.2,8.1,4.3,28162,92,114,3,2.6,1.5,929|7128|114548,CD14|TNFAIP3|NLRP3,-0.32,0
1,-2.2,C0002793,M1,1,0,DisGeNET,35,Anaplasia,,-2.2,3.2,3.3,28162,538,114,7,6.1,2.2,1843|2354|3280|4092|6615|8013|114548,DUSP1|FOSB|HES1|SMAD7|SNAI1|NR4A3|NLRP3,-0.32,0
1,-2.2,C0238198,M1,1,0,DisGeNET,35,Gastrointestinal Stromal Tumors,,-2.2,3.2,3.3,28162,538,114,7,6.1,2.2,374|929|1545|3280|6615|7852|10018,AREG|CD14|CYP1B1|HES1|SNAI1|CXCR4|BCL2L11,-0.32,0
1,-2.2,C1719672,M1,1,0,DisGeNET,35,Severe Sepsis,,-2.2,5.5,3.8,28162,181,114,4,3.5,1.7,929|969|7056|10018,CD14|CD69|THBD|BCL2L11,-0.32,0
1,-2.2,C2936719,M1,1,0,DisGeNET,35,Mechanical Allodynia,,-2.2,3.6,3.4,28162,408,114,6,5.3,2.1,1316|1843|2353|7056|7852|114548,KLF6|DUSP1|FOS|THBD|CXCR4|NLRP3,-0.32,0
1,-2.2,C0836924,M1,1,0,DisGeNET,35,Thrombocytosis,,-2.2,8,4.3,28162,93,114,3,2.6,1.5,6279|7852|9997,S100A8|CXCR4|SCO2,-0.32,0
1,-2.2,C0017185,M1,1,0,DisGeNET,35,Gastrointestinal Neoplasms,,-2.2,5.4,3.8,28162,182,114,4,3.5,1.7,2273|3090|4883|7852,FHL1|HIC1|NPR3|CXCR4,-0.31,0
1,-2.2,C1609538,M1,1,0,DisGeNET,35,Latent Tuberculosis,,-2.2,5.4,3.8,28162,183,114,4,3.5,1.7,929|7056|7852|9332,CD14|THBD|CXCR4|CD163,-0.31,0
1,-2.2,C0026946,M1,1,0,DisGeNET,35,Mycoses,,-2.2,7.9,4.3,28162,94,114,3,2.6,1.5,5209|64581|114548,PFKFB3|CLEC7A|NLRP3,-0.31,0
1,-2.2,C0005411,M1,1,0,DisGeNET,35,Biliary Atresia,,-2.2,5.4,3.8,28162,184,114,4,3.5,1.7,929|3280|9332|51330,CD14|HES1|CD163|TNFRSF12A,-0.3,0
1,-2.2,C0677936,M1,1,0,DisGeNET,35,Refractory cancer,,-2.2,5.4,3.8,28162,184,114,4,3.5,1.7,7852|9997|10018|22822,CXCR4|SCO2|BCL2L11|PHLDA1,-0.3,0
1,-2.2,C0036202,M1,1,0,DisGeNET,35,Sarcoidosis,,-2.2,3.6,3.4,28162,413,114,6,5.3,2.1,929|969|2353|6279|7852|9332,CD14|CD69|FOS|S100A8|CXCR4|CD163,-0.3,0
1,-2.2,C2973725,M1,1,0,DisGeNET,35,Pulmonary arterial hypertension,,-2.2,3.6,3.4,28162,413,114,6,5.3,2.1,1545|2353|5209|7056|7852|114548,CYP1B1|FOS|PFKFB3|THBD|CXCR4|NLRP3,-0.3,0
1,-2.2,C0242383,M1,1,0,DisGeNET,35,Age related macular degeneration,,-2.2,2.9,3.2,28162,685,114,8,7,2.4,2273|2354|3090|7056|7538|7852|54541|114548,FHL1|FOSB|HIC1|THBD|ZFP36|CXCR4|DDIT4|NLRP3,-0.3,0
1,-2.2,C0154251,M1,1,0,DisGeNET,35,Lipid Metabolism Disorders,,-2.2,7.8,4.2,28162,95,114,3,2.6,1.5,1545|8061|114548,CYP1B1|FOSL1|NLRP3,-0.3,0
1,-2.2,C1134719,M1,1,0,DisGeNET,35,Invasive Ductal Breast Carcinoma,,-2.2,3.6,3.4,28162,414,114,6,5.3,2.1,929|1475|3090|6615|7852|9332,CD14|CSTA|HIC1|SNAI1|CXCR4|CD163,-0.3,0
1,-2.2,C2609414,M1,1,0,DisGeNET,35,Acute kidney injury,,-2.2,5.3,3.8,28162,185,114,4,3.5,1.7,2|3280|7056|51330,A2M|HES1|THBD|TNFRSF12A,-0.3,0
1,-2.2,C0042384,M1,1,0,DisGeNET,35,Vasculitis,,-2.2,4.2,3.5,28162,294,114,5,4.4,1.9,728|6279|9332|64581|114548,C5AR1|S100A8|CD163|CLEC7A|NLRP3,-0.29,0
1,-2.2,C0410528,M1,1,0,DisGeNET,35,Skeletal dysplasia,,-2.2,5.3,3.8,28162,186,114,4,3.5,1.7,4146|5144|56172|114548,MATN1|PDE4D|ANKH|NLRP3,-0.29,0
1,-2.2,C0751674,M1,1,0,DisGeNET,35,Lymphangioleiomyomatosis,,-2.2,7.7,4.2,28162,96,114,3,2.6,1.5,1|3280|8061,A1BG|HES1|FOSL1,-0.29,0
1,-2.2,C4721453,M1,1,0,DisGeNET,35,Peripheral Nervous System Diseases,,-2.2,3.1,3.2,28162,549,114,7,6.1,2.2,467|2353|4665|5055|5144|7056|9997,ATF3|FOS|NAB2|SERPINB2|PDE4D|THBD|SCO2,-0.29,0
1,-2.1,C0000786,M1,1,0,DisGeNET,35,Spontaneous abortion,,-2.1,5.3,3.7,28162,188,114,4,3.5,1.7,444|969|1545|9332,ASPH|CD69|CYP1B1|CD163,-0.28,0
1,-2.1,C0042345,M1,1,0,DisGeNET,35,Varicosity,,-2.1,5.3,3.7,28162,188,114,4,3.5,1.7,2353|2354|7056|114548,FOS|FOSB|THBD|NLRP3,-0.28,0
1,-2.1,C0345967,M1,1,0,DisGeNET,35,Malignant mesothelioma,,-2.1,3.5,3.3,28162,420,114,6,5.3,2.1,467|7056|7852|9509|28984|114548,ATF3|THBD|CXCR4|ADAMTS2|RGCC|NLRP3,-0.28,0
1,-2.1,C0086132,M1,1,0,DisGeNET,35,Depressive Symptoms,,-2.1,3.5,3.3,28162,421,114,6,5.3,2.1,1545|2353|2354|5144|9509|114548,CYP1B1|FOS|FOSB|PDE4D|ADAMTS2|NLRP3,-0.28,0
1,-2.1,C0005699,M1,1,0,DisGeNET,35,Blast Phase,,-2.1,4.1,3.5,28162,299,114,5,4.4,1.9,929|2353|3090|3280|7852,CD14|FOS|HIC1|HES1|CXCR4,-0.27,0
1,-2.1,C0039101,M1,1,0,DisGeNET,35,synovial sarcoma,,-2.1,4.1,3.5,28162,299,114,5,4.4,1.9,6615|7056|7852|8013|23082,SNAI1|THBD|CXCR4|NR4A3|PPRC1,-0.27,0
1,-2.1,C0024314,M1,1,0,DisGeNET,35,Lymphoproliferative Disorders,,-2.1,4.1,3.5,28162,300,114,5,4.4,1.9,929|969|7128|7852|10018,CD14|CD69|TNFAIP3|CXCR4|BCL2L11,-0.27,0
1,-2.1,C0035126,M1,1,0,DisGeNET,35,Reperfusion Injury,,-2.1,4.1,3.5,28162,300,114,5,4.4,1.9,467|728|2353|4509|8061,ATF3|C5AR1|FOS|ATP8|FOSL1,-0.27,0
1,-2.1,C4552766,M1,1,0,DisGeNET,35,Miscarriage,,-2.1,3.5,3.3,28162,426,114,6,5.3,2.1,929|969|1545|7056|7538|9332,CD14|CD69|CYP1B1|THBD|ZFP36|CD163,-0.26,0
1,-2.1,C0002873,M1,1,0,DisGeNET,35,Anemia of chronic disease,,-2.1,7.4,4.1,28162,100,114,3,2.6,1.5,2353|2354|114548,FOS|FOSB|NLRP3,-0.26,0
1,-2.1,C0343641,M1,1,0,DisGeNET,35,Human papilloma virus infection,,-2.1,3.5,3.3,28162,428,114,6,5.3,2.1,1545|2353|2354|5055|7852|9332,CYP1B1|FOS|FOSB|SERPINB2|CXCR4|CD163,-0.25,0
1,-2.1,C0002382,M1,1,0,DisGeNET,35,Alveolar Bone Loss,,-2.1,7.3,4.1,28162,101,114,3,2.6,1.5,1843|7538|8061,DUSP1|ZFP36|FOSL1,-0.25,0
1,-2.1,C0020757,M1,1,0,DisGeNET,35,Ichthyoses,,-2.1,5.1,3.6,28162,194,114,4,3.5,1.7,1475|2273|26276|114548,CSTA|FHL1|VPS33B|NLRP3,-0.25,0
1,-2.1,C0008497,M1,1,0,DisGeNET,35,Choriocarcinoma,,-2.1,3.4,3.3,28162,431,114,6,5.3,2.1,374|1545|3090|5055|7852|8013,AREG|CYP1B1|HIC1|SERPINB2|CXCR4|NR4A3,-0.24,0
1,-2.1,C0035439,M1,1,0,DisGeNET,35,Rheumatic Heart Disease,,-2.1,7.3,4,28162,102,114,3,2.6,1.5,1843|6615|7128,DUSP1|SNAI1|TNFAIP3,-0.24,0
1,-2.1,C0520459,M1,1,0,DisGeNET,35,Necrotizing Enterocolitis,,-2.1,7.2,4,28162,103,114,3,2.6,1.5,929|4092|7056,CD14|SMAD7|THBD,-0.23,0
1,-2.1,C2930619,M1,1,0,DisGeNET,35,Sex Differentiation Disorders,,-2.1,7.2,4,28162,103,114,3,2.6,1.5,969|8653|114548,CD69|DDX3Y|NLRP3,-0.23,0
1,-2.1,C3241937,M1,1,0,DisGeNET,35,Nonalcoholic Steatohepatitis,,-2.1,3.4,3.2,28162,434,114,6,5.3,2.1,929|4092|5055|7128|7852|114548,CD14|SMAD7|SERPINB2|TNFAIP3|CXCR4|NLRP3,-0.23,0
1,-2.1,C0001339,M1,1,0,DisGeNET,35,Acute pancreatitis,,-2.1,3.4,3.2,28162,435,114,6,5.3,2.1,929|1843|4092|7128|7852|114548,CD14|DUSP1|SMAD7|TNFAIP3|CXCR4|NLRP3,-0.23,0
1,-2.1,C0035242,M1,1,0,DisGeNET,35,Respiratory Tract Diseases,,-2.1,5,3.6,28162,198,114,4,3.5,1.7,929|1545|2769|9332,CD14|CYP1B1|GNA15|CD163,-0.23,0
1,-2.1,C0521607,M1,1,0,DisGeNET,35,Peritoneal Fibrosis,,-2.1,7.1,4,28162,104,114,3,2.6,1.5,6615|7852|114548,SNAI1|CXCR4|NLRP3,-0.22,0
1,-2.1,C1708349,M1,1,0,DisGeNET,35,Hereditary Diffuse Gastric Cancer,,-2.1,4,3.4,28162,312,114,5,4.4,1.9,374|1316|5055|6615|7056,AREG|KLF6|SERPINB2|SNAI1|THBD,-0.22,0
1,-2,C0014868,M1,1,0,DisGeNET,35,Esophagitis,,-2,7.1,4,28162,105,114,3,2.6,1.5,3280|6279|9509,HES1|S100A8|ADAMTS2,-0.22,0
1,-2,C0948089,M1,1,0,DisGeNET,35,Acute Coronary Syndrome,,-2,3.4,3.2,28162,440,114,6,5.3,2.1,929|4883|5055|6279|7056|114548,CD14|NPR3|SERPINB2|S100A8|THBD|NLRP3,-0.21,0
1,-2,C0023646,M1,1,0,DisGeNET,35,Lichen Planus,,-2,7,3.9,28162,106,114,3,2.6,1.5,728|6279|114548,C5AR1|S100A8|NLRP3,-0.21,0
1,-2,C0333519,M1,1,0,DisGeNET,35,Caries (morphologic abnormality),,-2,7,3.9,28162,106,114,3,2.6,1.5,929|969|23082,CD14|CD69|PPRC1,-0.21,0
1,-2,C0751356,M1,1,0,DisGeNET,35,Idiopathic Inflammatory Myopathies,,-2,7,3.9,28162,106,114,3,2.6,1.5,2273|7128|7852,FHL1|TNFAIP3|CXCR4,-0.21,0
1,-2,C1411966,M1,1,0,DisGeNET,35,Clostridium; difficile (disorder),,-2,7,3.9,28162,106,114,3,2.6,1.5,1831|2353|2354,TSC22D3|FOS|FOSB,-0.21,0
1,-2,C0011644,M1,1,0,DisGeNET,35,Scleroderma,,-2,3.9,3.3,28162,316,114,5,4.4,1.9,969|3597|3685|4092|7128,CD69|IL13RA1|ITGAV|SMAD7|TNFAIP3,-0.2,0
1,-2,C0009777,M1,1,0,DisGeNET,35,Conn Adenoma,,-2,6.9,3.9,28162,107,114,3,2.6,1.5,4929|7852|114548,NR4A2|CXCR4|NLRP3,-0.2,0
1,-2,C0033774,M1,1,0,DisGeNET,35,Pruritus,,-2,6.9,3.9,28162,107,114,3,2.6,1.5,9414|64581|114548,TJP2|CLEC7A|NLRP3,-0.2,0
1,-2,C0346990,M1,1,0,DisGeNET,35,Carcinomatosis of peritoneal cavity,,-2,6.9,3.9,28162,107,114,3,2.6,1.5,374|467|7852,AREG|ATF3|CXCR4,-0.2,0
1,-2,C0007117,M1,1,0,DisGeNET,35,Basal cell carcinoma,,-2,6.9,3.9,28162,108,114,3,2.6,1.5,1545|1880|3685,CYP1B1|GPR183|ITGAV,-0.19,0
1,-2,C2607914,M1,1,0,DisGeNET,35,Allergic rhinitis (disorder),,-2,3.3,3.2,28162,446,114,6,5.3,2.1,929|969|5055|7128|7852|114548,CD14|CD69|SERPINB2|TNFAIP3|CXCR4|NLRP3,-0.19,0
1,-2,C0206062,M1,1,0,DisGeNET,35,"Lung Diseases, Interstitial",,-2,3.9,3.3,28162,319,114,5,4.4,1.9,467|929|4146|7852|9332,ATF3|CD14|MATN1|CXCR4|CD163,-0.19,0
1,-2,C0751967,M1,1,0,DisGeNET,35,"Multiple Sclerosis, Relapsing-Remitting",,-2,4.8,3.5,28162,206,114,4,3.5,1.7,929|4929|28984|114548,CD14|NR4A2|RGCC|NLRP3,-0.18,0
1,-2,C0015302,M1,1,0,DisGeNET,35,External exotoses,,-2,6.8,3.9,28162,109,114,3,2.6,1.5,929|2353|9332,CD14|FOS|CD163,-0.18,0
1,-2,C0024305,M1,1,0,DisGeNET,35,"Lymphoma, Non-Hodgkin",,-2,2.7,3,28162,733,114,8,7,2.4,929|1545|2769|3090|7128|7852|10018|114548,CD14|CYP1B1|GNA15|HIC1|TNFAIP3|CXCR4|BCL2L11|NLRP3,-0.18,0
