_MEMBER_MyList,_LogP_MyList,GO,_PATTERN_,_RANK_,GiniIndex,Category,CategoryID,Description,PARENT_GO,LogP,Enrichment,Z-score,#TotalGeneInLibrary,#GeneInGO,#GeneInHitList,#GeneInGOAndHitList,%InGO,STDV %InGO,GeneID,Hits,Log(q-value),EvidenceCutoff
1,-5.4,PGB:00048,M1,1,0,PaGenBase,36,Tissue-specific: bone marrow,,-5.4,8.7,7.4,28162,227,114,8,7,2.4,728|969|2204|4688|5144|5366|64581|114548,C5AR1|CD69|FCAR|NCF2|PDE4D|PMAIP1|CLEC7A|NLRP3,-2.6,0
1,-4.6,PGB:00115,M1,1,0,PaGenBase,36,Cell-specific: CD33+ Myeloid,,-4.6,24,9.4,28162,41,114,4,3.5,1.7,2204|2354|4929|114548,FCAR|FOSB|NR4A2|NLRP3,-2.1,0
1,-3.7,PGB:00021,M1,1,0,PaGenBase,36,Tissue-specific: ovary pool,,-3.7,26,8.6,28162,28,114,3,2.6,1.5,4929|5900|8013,NR4A2|RALGDS|NR4A3,-1.3,0
1,-2.8,PGB:00082,M1,1,0,PaGenBase,36,Cell-specific: Breast cell,,-2.8,13,5.9,28162,55,114,3,2.6,1.5,374|1545|2353,AREG|CYP1B1|FOS,-0.76,0
1,-2.6,PGB:00081,M1,1,0,PaGenBase,36,Cell-specific: Bronchial Epithelial Cells,,-2.6,7.2,4.6,28162,137,114,4,3.5,1.7,5055|6385|22822|51330,SERPINB2|SDC4|PHLDA1|TNFRSF12A,-0.61,0
1,-2.4,PGB:00018,M1,1,0,PaGenBase,36,Tissue-specific: lung,,-2.4,3.5,3.5,28162,499,114,7,6.1,2.2,1843|4688|6279|8013|8061|28984|94120,DUSP1|NCF2|S100A8|NR4A3|FOSL1|RGCC|SYTL3,-0.44,0
