_MEMBER_MyList,_LogP_MyList,GO,_PATTERN_,_RANK_,GiniIndex,Category,CategoryID,Description,PARENT_GO,LogP,Enrichment,Z-score,#TotalGeneInLibrary,#GeneInGO,#GeneInHitList,#GeneInGOAndHitList,%InGO,STDV %InGO,GeneID,Hits,Log(q-value),EvidenceCutoff
1,-6.9,TRR00875,M1,1,0,TRRUST,34,Regulated by: NFKB1,,-6.9,8,8.3,28162,338,114,11,9.6,2.8,2|374|467|969|3280|6279|6615|7056|7128|7852|10018,A2M|AREG|ATF3|CD69|HES1|S100A8|SNAI1|THBD|TNFAIP3|CXCR4|BCL2L11,-3.8,0
1,-5.4,TRR00125,M1,1,0,TRRUST,34,Regulated by: CREB1,,-5.4,14,8.7,28162,103,114,6,5.3,2.1,374|2353|6615|7852|8013|10018,AREG|FOS|SNAI1|CXCR4|NR4A3|BCL2L11,-2.6,0
1,-5.1,TRR01158,M1,1,0,TRRUST,34,Regulated by: RELA,,-5.1,6.7,6.7,28162,332,114,9,7.9,2.5,374|969|3280|6279|6615|7056|7128|7852|10018,AREG|CD69|HES1|S100A8|SNAI1|THBD|TNFAIP3|CXCR4|BCL2L11,-2.4,0
1,-4.5,TRR00275,M1,1,0,TRRUST,34,Regulated by: ESR1,,-4.5,14,7.9,28162,87,114,5,4.4,1.9,374|1545|2353|5366|114548,AREG|CYP1B1|FOS|PMAIP1|NLRP3,-2,0
1,-4,TRR00263,M1,1,0,TRRUST,34,Regulated by: ELK1,,-4,34,9.8,28162,22,114,3,2.6,1.5,2353|7538|8061,FOS|ZFP36|FOSL1,-1.6,0
1,-3.6,TRR01256,M1,1,0,TRRUST,34,Regulated by: SP1,,-3.6,4.3,4.8,28162,522,114,9,7.9,2.5,374|929|1545|2353|3685|6279|7056|9332|9997,AREG|CD14|CYP1B1|FOS|ITGAV|S100A8|THBD|CD163|SCO2,-1.2,0
1,-3.5,TRR00901,M1,1,0,TRRUST,34,Regulated by: NR1I2,,-3.5,22,7.9,28162,33,114,3,2.6,1.5,1316|8061|51330,KLF6|FOSL1|TNFRSF12A,-1.2,0
1,-3.3,TRR00647,M1,1,0,TRRUST,34,Regulated by: JUND,,-3.3,20,7.4,28162,37,114,3,2.6,1.5,1475|3685|8061,CSTA|ITGAV|FOSL1,-1.1,0
1,-3.2,TRR01282,M1,1,0,TRRUST,34,Regulated by: STAT6,,-3.2,19,7.1,28162,40,114,3,2.6,1.5,1843|2353|2354,DUSP1|FOS|FOSB,-1,0
1,-3.2,TRR00645,M1,1,0,TRRUST,34,Regulated by: JUN,,-3.2,7.3,5.2,28162,170,114,5,4.4,1.9,374|467|1475|4092|8061,AREG|ATF3|CSTA|SMAD7|FOSL1,-0.98,0
1,-3.1,TRR00484,M1,1,0,TRRUST,34,Regulated by: HIF1A,,-3.1,10,5.7,28162,99,114,4,3.5,1.7,374|5209|6279|7852,AREG|PFKFB3|S100A8|CXCR4,-0.96,0
1,-3,TRR00674,M1,1,0,TRRUST,34,Regulated by: KLF4,,-3,16,6.5,28162,47,114,3,2.6,1.5,467|929|7056,ATF3|CD14|THBD,-0.88,0
1,-2.7,TRR00075,M1,1,0,TRRUST,34,Regulated by: BRCA1,,-2.7,13,5.7,28162,59,114,3,2.6,1.5,374|1545|2353,AREG|CYP1B1|FOS,-0.69,0
1,-2.7,TRR00342,M1,1,0,TRRUST,34,Regulated by: FOS,,-2.7,12,5.5,28162,63,114,3,2.6,1.5,1475|2353|4092,CSTA|FOS|SMAD7,-0.64,0
1,-2.6,TRR00230,M1,1,0,TRRUST,34,Regulated by: E2F1,,-2.6,7,4.5,28162,142,114,4,3.5,1.7,374|1843|3090|153020,AREG|DUSP1|HIC1|RASGEF1B,-0.56,0
1,-2.4,TRR01277,M1,1,0,TRRUST,34,Regulated by: STAT3,,-2.4,6.1,4.2,28162,161,114,4,3.5,1.7,2|374|2353|7538,A2M|AREG|FOS|ZFP36,-0.44,0
1,-2.4,TRR00466,M1,1,0,TRRUST,34,Regulated by: HDAC1,,-2.4,9.1,4.7,28162,81,114,3,2.6,1.5,374|2353|4092,AREG|FOS|SMAD7,-0.44,0
1,-2.3,TRR01419,M1,1,0,TRRUST,34,Regulated by: TP53,,-2.3,5.7,3.9,28162,174,114,4,3.5,1.7,467|1843|5366|6533,ATF3|DUSP1|PMAIP1|SLC6A6,-0.36,0
1,-2.1,TRR00253,M1,1,0,TRRUST,34,Regulated by: EGR1,,-2.1,7.5,4.1,28162,99,114,3,2.6,1.5,374|467|4665,AREG|ATF3|NAB2,-0.27,0
