Name,Category,CategoryID,GO,Description,PARENT_GO,LogP,Enrichment,Z-score,#TotalGeneInLibrary,#GeneInGO,#GeneInHitList,#GeneInGOAndHitList,%InGO,STDV %InGO,GeneID,Hits,Log(q-value)
MyList,Canonical Pathways,11,M167,PID AP1 PATHWAY,,-8.7,50,17,28162,70,48,6,12,4.8,467|1843|2353|2354|8061|10018,ATF3|DUSP1|FOS|FOSB|FOSL1|BCL2L11,-4.3
MyList,GO Biological Processes,19,GO:0050865,regulation of cell activation,,-8.1,10,9.7,28162,633,48,11,23,6.1,825|1880|3280|4092|6385|7056|7128|8013|57162|84807|100423062,CAPN3|GPR183|HES1|SMAD7|SDC4|THBD|TNFAIP3|NR4A3|PELI1|NFKBID|IGLL5,-4.1
MyList,GO Biological Processes,19,GO:0051090,regulation of DNA-binding transcription factor activity,,-7.3,12,9.6,28162,444,48,9,19,5.6,825|2353|3280|4092|6279|7128|8061|51132|57162,CAPN3|FOS|HES1|SMAD7|S100A8|TNFAIP3|FOSL1|RLIM|PELI1,-3.4
MyList,GO Biological Processes,19,GO:0051384,response to glucocorticoid,,-6.9,26,12,28162,135,48,6,12,4.8,1843|2353|2354|7538|8061|10018,DUSP1|FOS|FOSB|ZFP36|FOSL1|BCL2L11,-3.2
MyList,GO Biological Processes,19,GO:2001233,regulation of apoptotic signaling pathway,,-6.9,13,9.7,28162,348,48,8,17,5.4,467|3685|4929|5366|6279|6615|7128|10018,ATF3|ITGAV|NR4A2|PMAIP1|S100A8|SNAI1|TNFAIP3|BCL2L11,-3.2
MyList,KEGG Pathway,24,ko05418,Fluid shear stress and atherosclerosis,,-6.8,25,12,28162,142,48,6,12,4.8,1843|2353|3685|4688|6385|7056,DUSP1|FOS|ITGAV|NCF2|SDC4|THBD,-3.2
MyList,KEGG Pathway,24,hsa05418,Fluid shear stress and atherosclerosis,,-6.7,24,11,28162,148,48,6,12,4.8,1843|2353|3685|4688|6385|7056,DUSP1|FOS|ITGAV|NCF2|SDC4|THBD,-3.2
MyList,GO Biological Processes,19,GO:0031960,response to corticosteroid,,-6.6,23,11,28162,152,48,6,12,4.8,1843|2353|2354|7538|8061|10018,DUSP1|FOS|FOSB|ZFP36|FOSL1|BCL2L11,-3.2
MyList,GO Biological Processes,19,GO:0001776,leukocyte homeostasis,,-6.6,37,13,28162,79,48,5,10,4.4,1831|1880|5366|7128|10018,TSC22D3|GPR183|PMAIP1|TNFAIP3|BCL2L11,-3.2
MyList,KEGG Pathway,24,ko04657,IL-17 signaling pathway,,-6.3,32,12,28162,93,48,5,10,4.4,2353|2354|6279|7128|8061,FOS|FOSB|S100A8|TNFAIP3|FOSL1,-3
MyList,GO Biological Processes,19,GO:0009629,response to gravity,,-6.3,1.8e+02,23,28162,10,48,3,6.2,3.5,2353|6804|8061,FOS|STX1A|FOSL1,-3
MyList,GO Biological Processes,19,GO:0051591,response to cAMP,,-6.2,31,12,28162,94,48,5,10,4.4,1843|2353|2354|7056|8061,DUSP1|FOS|FOSB|THBD|FOSL1,-3
MyList,Reactome Gene Sets,6,R-HSA-9031628,NGF-stimulated transcription,,-6.2,60,15,28162,39,48,4,8.3,4,2353|2354|4665|8061,FOS|FOSB|NAB2|FOSL1,-3
MyList,KEGG Pathway,24,hsa04657,IL-17 signaling pathway,,-6.2,31,12,28162,95,48,5,10,4.4,2353|2354|6279|7128|8061,FOS|FOSB|S100A8|TNFAIP3|FOSL1,-3
MyList,GO Biological Processes,19,GO:0002694,regulation of leukocyte activation,,-6.2,8.9,8,28162,594,48,9,19,5.6,1880|3280|4092|6385|7128|8013|57162|84807|100423062,GPR183|HES1|SMAD7|SDC4|TNFAIP3|NR4A3|PELI1|NFKBID|IGLL5,-3
MyList,GO Biological Processes,19,GO:0032496,response to lipopolysaccharide,,-5.9,13,8.7,28162,326,48,7,15,5.1,728|2353|6279|7056|7128|7538|57162,C5AR1|FOS|S100A8|THBD|TNFAIP3|ZFP36|PELI1,-2.7
MyList,GO Biological Processes,19,GO:0048545,response to steroid hormone,,-5.9,12,8.6,28162,330,48,7,15,5.1,1843|2353|2354|7538|8013|8061|10018,DUSP1|FOS|FOSB|ZFP36|NR4A3|FOSL1|BCL2L11,-2.7
MyList,GO Biological Processes,19,GO:0002237,response to molecule of bacterial origin,,-5.7,12,8.4,28162,346,48,7,15,5.1,728|2353|6279|7056|7128|7538|57162,C5AR1|FOS|S100A8|THBD|TNFAIP3|ZFP36|PELI1,-2.6
MyList,GO Biological Processes,19,GO:0051249,regulation of lymphocyte activation,,-5.7,9.2,7.7,28162,508,48,8,17,5.4,1880|3280|4092|6385|7128|57162|84807|100423062,GPR183|HES1|SMAD7|SDC4|TNFAIP3|PELI1|NFKBID|IGLL5,-2.6
MyList,GO Biological Processes,19,GO:0050900,leukocyte migration,,-5.7,9.2,7.7,28162,511,48,8,17,5.4,728|1843|1880|3685|6279|6385|7056|7852,C5AR1|DUSP1|GPR183|ITGAV|S100A8|SDC4|THBD|CXCR4,-2.6
MyList,GO Biological Processes,19,GO:0002260,lymphocyte homeostasis,,-5.6,41,13,28162,57,48,4,8.3,4,1831|5366|7128|10018,TSC22D3|PMAIP1|TNFAIP3|BCL2L11,-2.6
MyList,GO Biological Processes,19,GO:0007159,leukocyte cell-cell adhesion,,-5.6,11,8.1,28162,366,48,7,15,5.1,3280|4092|6279|6385|8013|57162|84807,HES1|SMAD7|S100A8|SDC4|NR4A3|PELI1|NFKBID,-2.6
MyList,GO Biological Processes,19,GO:0046683,response to organophosphorus,,-5.5,22,10,28162,131,48,5,10,4.4,1843|2353|2354|7056|8061,DUSP1|FOS|FOSB|THBD|FOSL1,-2.6
MyList,GO Biological Processes,19,GO:0002366,leukocyte activation involved in immune response,,-5.5,7.3,7.1,28162,720,48,9,19,5.6,1|728|1880|2204|3685|4092|6279|8013|84807,A1BG|C5AR1|GPR183|FCAR|ITGAV|SMAD7|S100A8|NR4A3|NFKBID,-2.6
MyList,Canonical Pathways,11,M166,PID ATF2 PATHWAY,,-5.5,40,12,28162,59,48,4,8.3,4,467|1843|2353|3280,ATF3|DUSP1|FOS|HES1,-2.6
MyList,GO Biological Processes,19,GO:0002263,cell activation involved in immune response,,-5.5,7.3,7.1,28162,724,48,9,19,5.6,1|728|1880|2204|3685|4092|6279|8013|84807,A1BG|C5AR1|GPR183|FCAR|ITGAV|SMAD7|S100A8|NR4A3|NFKBID,-2.6
MyList,GO Biological Processes,19,GO:0010035,response to inorganic substance,,-5.5,8.7,7.4,28162,542,48,8,17,5.4,825|1843|2353|2354|6279|7128|8013|8061,CAPN3|DUSP1|FOS|FOSB|S100A8|TNFAIP3|NR4A3|FOSL1,-2.5
MyList,GO Biological Processes,19,GO:0030155,regulation of cell adhesion,,-5.4,7.2,7,28162,734,48,9,19,5.6,1843|3280|3685|4092|6385|7852|8013|57162|84807,DUSP1|HES1|ITGAV|SMAD7|SDC4|CXCR4|NR4A3|PELI1|NFKBID,-2.5
MyList,Reactome Gene Sets,6,R-HSA-198725,Nuclear Events (kinase and transcription factor activation),,-5.4,38,12,28162,61,48,4,8.3,4,2353|2354|4665|8061,FOS|FOSB|NAB2|FOSL1,-2.5
MyList,GO Biological Processes,19,GO:0048872,homeostasis of number of cells,,-5.4,14,8.6,28162,250,48,6,12,4.8,1831|1880|5366|7128|7538|10018,TSC22D3|GPR183|PMAIP1|TNFAIP3|ZFP36|BCL2L11,-2.5
MyList,GO Biological Processes,19,GO:0014074,response to purine-containing compound,,-5.3,20,9.6,28162,145,48,5,10,4.4,1843|2353|2354|7056|8061,DUSP1|FOS|FOSB|THBD|FOSL1,-2.4
MyList,GO Biological Processes,19,GO:0002683,negative regulation of immune system process,,-5.3,10,7.7,28162,403,48,7,15,5.1,2|1831|1843|4092|6385|7128|57162,A2M|TSC22D3|DUSP1|SMAD7|SDC4|TNFAIP3|PELI1,-2.4
MyList,GO Biological Processes,19,GO:0051412,response to corticosterone,,-5.3,88,16,28162,20,48,3,6.2,3.5,2353|2354|8061,FOS|FOSB|FOSL1,-2.4
MyList,GO Biological Processes,19,GO:0097190,apoptotic signaling pathway,,-5.2,8.1,7.1,28162,580,48,8,17,5.4,467|3685|4929|5366|6279|6615|7128|10018,ATF3|ITGAV|NR4A2|PMAIP1|S100A8|SNAI1|TNFAIP3|BCL2L11,-2.4
MyList,GO Biological Processes,19,GO:0050867,positive regulation of cell activation,,-5.2,10,7.6,28162,412,48,7,15,5.1,825|1880|3280|8013|57162|84807|100423062,CAPN3|GPR183|HES1|NR4A3|PELI1|NFKBID|IGLL5,-2.4
MyList,GO Biological Processes,19,GO:0050801,ion homeostasis,,-5.2,6.7,6.7,28162,787,48,9,19,5.6,728|825|2273|2769|3685|4092|5144|6279|7852,C5AR1|CAPN3|FHL1|GNA15|ITGAV|SMAD7|PDE4D|S100A8|CXCR4,-2.4
MyList,WikiPathways,27,WP4754,IL-18 signaling pathway,,-5.1,13,8.1,28162,279,48,6,12,4.8,467|2353|4688|6004|6385|7128,ATF3|FOS|NCF2|RGS16|SDC4|TNFAIP3,-2.3
MyList,GO Biological Processes,19,GO:0042063,gliogenesis,,-5.1,12,8,28162,283,48,6,12,4.8,728|1880|3280|4665|6279|7852,C5AR1|GPR183|HES1|NAB2|S100A8|CXCR4,-2.3
MyList,GO Biological Processes,19,GO:0006979,response to oxidative stress,,-5,9.2,7.2,28162,447,48,7,15,5.1,1843|2353|4688|4929|7128|8013|8061,DUSP1|FOS|NCF2|NR4A2|TNFAIP3|NR4A3|FOSL1,-2.2
MyList,GO Biological Processes,19,GO:0043433,negative regulation of DNA-binding transcription factor activity,,-4.9,17,8.6,28162,177,48,5,10,4.4,3280|4092|7128|51132|57162,HES1|SMAD7|TNFAIP3|RLIM|PELI1,-2.1
MyList,GO Biological Processes,19,GO:0009611,response to wounding,,-4.9,7.1,6.6,28162,658,48,8,17,5.4,2|2769|6279|6385|7056|7128|7538|7852,A2M|GNA15|S100A8|SDC4|THBD|TNFAIP3|ZFP36|CXCR4,-2.1
MyList,GO Biological Processes,19,GO:0007204,positive regulation of cytosolic calcium ion concentration,,-4.9,11,7.6,28162,310,48,6,12,4.8,728|825|2769|3685|5144|7852,C5AR1|CAPN3|GNA15|ITGAV|PDE4D|CXCR4,-2.1
MyList,Reactome Gene Sets,6,R-HSA-418594,G alpha (i) signalling events,,-4.8,11,7.5,28162,318,48,6,12,4.8,728|1880|2769|5144|6004|7852,C5AR1|GPR183|GNA15|PDE4D|RGS16|CXCR4,-2.1
MyList,GO Biological Processes,19,GO:0072503,cellular divalent inorganic cation homeostasis,,-4.8,8.5,6.9,28162,481,48,7,15,5.1,728|825|2769|3685|5144|6279|7852,C5AR1|CAPN3|GNA15|ITGAV|PDE4D|S100A8|CXCR4,-2.1
MyList,Canonical Pathways,11,M55,PID S1P S1P3 PATHWAY,,-4.8,61,13,28162,29,48,3,6.2,3.5,2769|3685|7852,GNA15|ITGAV|CXCR4,-2.1
MyList,WikiPathways,27,WP2355,Corticotropin-releasing hormone signaling pathway,,-4.7,25,9.7,28162,93,48,4,8.3,4,2353|2354|4929|8061,FOS|FOSB|NR4A2|FOSL1,-2
MyList,GO Biological Processes,19,GO:1903037,regulation of leukocyte cell-cell adhesion,,-4.7,11,7.3,28162,330,48,6,12,4.8,3280|4092|6385|8013|57162|84807,HES1|SMAD7|SDC4|NR4A3|PELI1|NFKBID,-2
MyList,GO Biological Processes,19,GO:0072507,divalent inorganic cation homeostasis,,-4.7,8.2,6.7,28162,500,48,7,15,5.1,728|825|2769|3685|5144|6279|7852,C5AR1|CAPN3|GNA15|ITGAV|PDE4D|S100A8|CXCR4,-2
MyList,GO Biological Processes,19,GO:0051385,response to mineralocorticoid,,-4.7,55,13,28162,32,48,3,6.2,3.5,2353|2354|8061,FOS|FOSB|FOSL1,-2
MyList,GO Biological Processes,19,GO:0050866,negative regulation of cell activation,,-4.6,15,8,28162,200,48,5,10,4.4,4092|6385|7056|7128|57162,SMAD7|SDC4|THBD|TNFAIP3|PELI1,-2
MyList,GO Biological Processes,19,GO:0051480,regulation of cytosolic calcium ion concentration,,-4.6,10,7.1,28162,345,48,6,12,4.8,728|825|2769|3685|5144|7852,C5AR1|CAPN3|GNA15|ITGAV|PDE4D|CXCR4,-1.9
MyList,GO Biological Processes,19,GO:0062197,cellular response to chemical stress,,-4.6,10,7.1,28162,349,48,6,12,4.8,825|2353|4688|4929|7128|8013,CAPN3|FOS|NCF2|NR4A2|TNFAIP3|NR4A3,-1.9
MyList,GO Biological Processes,19,GO:0010001,glial cell differentiation,,-4.5,14,7.8,28162,210,48,5,10,4.4,728|3280|4665|6279|7852,C5AR1|HES1|NAB2|S100A8|CXCR4,-1.9
MyList,GO Biological Processes,19,GO:0009617,response to bacterium,,-4.5,6.4,6.2,28162,728,48,8,17,5.4,728|2353|6279|7056|7128|7538|57162|100423062,C5AR1|FOS|S100A8|THBD|TNFAIP3|ZFP36|PELI1|IGLL5,-1.9
MyList,GO Biological Processes,19,GO:0043029,T cell homeostasis,,-4.5,49,12,28162,36,48,3,6.2,3.5,1831|5366|10018,TSC22D3|PMAIP1|BCL2L11,-1.9
MyList,GO Biological Processes,19,GO:0042060,wound healing,,-4.5,7.6,6.4,28162,538,48,7,15,5.1,2|2769|6279|6385|7056|7128|7852,A2M|GNA15|S100A8|SDC4|THBD|TNFAIP3|CXCR4,-1.9
MyList,GO Biological Processes,19,GO:0097191,extrinsic apoptotic signaling pathway,,-4.5,14,7.6,28162,217,48,5,10,4.4,467|3685|5366|7128|10018,ATF3|ITGAV|PMAIP1|TNFAIP3|BCL2L11,-1.9
MyList,GO Biological Processes,19,GO:0046649,lymphocyte activation,,-4.4,6.2,6,28162,754,48,8,17,5.4,1880|3280|4092|6385|7128|57162|84807|100423062,GPR183|HES1|SMAD7|SDC4|TNFAIP3|PELI1|NFKBID|IGLL5,-1.8
MyList,GO Biological Processes,19,GO:0045862,positive regulation of proteolysis,,-4.4,9.5,6.8,28162,371,48,6,12,4.8,444|825|4092|5366|6279|10018,ASPH|CAPN3|SMAD7|PMAIP1|S100A8|BCL2L11,-1.8
MyList,GO Biological Processes,19,GO:0000302,response to reactive oxygen species,,-4.4,13,7.5,28162,225,48,5,10,4.4,1843|2353|7128|8013|8061,DUSP1|FOS|TNFAIP3|NR4A3|FOSL1,-1.8
MyList,GO Biological Processes,19,GO:0030595,leukocyte chemotaxis,,-4.4,13,7.5,28162,227,48,5,10,4.4,728|1843|1880|6279|7852,C5AR1|DUSP1|GPR183|S100A8|CXCR4,-1.8
MyList,Reactome Gene Sets,6,R-HSA-187037,Signaling by NTRK1 (TRKA),,-4.3,20,8.6,28162,115,48,4,8.3,4,2353|2354|4665|8061,FOS|FOSB|NAB2|FOSL1,-1.8
MyList,GO Biological Processes,19,GO:0045055,regulated exocytosis,,-4.3,6,5.9,28162,780,48,8,17,5.4,1|2|728|2204|3685|6279|6804|8013,A1BG|A2M|C5AR1|FCAR|ITGAV|S100A8|STX1A|NR4A3,-1.8
MyList,GO Biological Processes,19,GO:0048598,embryonic morphogenesis,,-4.3,7.2,6.2,28162,569,48,7,15,5.1,1843|3280|3685|6385|6615|8013|10018,DUSP1|HES1|ITGAV|SDC4|SNAI1|NR4A3|BCL2L11,-1.8
MyList,GO Biological Processes,19,GO:0001817,regulation of cytokine production,,-4.3,6,5.9,28162,782,48,8,17,5.4,728|3685|4092|5144|7128|7538|8013|57162,C5AR1|ITGAV|SMAD7|PDE4D|TNFAIP3|ZFP36|NR4A3|PELI1,-1.8
MyList,GO Biological Processes,19,GO:0031668,cellular response to extracellular stimulus,,-4.3,12,7.3,28162,235,48,5,10,4.4,467|2353|4929|5366|8061,ATF3|FOS|NR4A2|PMAIP1|FOSL1,-1.8
MyList,GO Biological Processes,19,GO:0006875,cellular metal ion homeostasis,,-4.3,7.1,6.1,28162,576,48,7,15,5.1,728|825|2769|3685|5144|6279|7852,C5AR1|CAPN3|GNA15|ITGAV|PDE4D|S100A8|CXCR4,-1.8
MyList,GO Biological Processes,19,GO:0070663,regulation of leukocyte proliferation,,-4.3,12,7.2,28162,241,48,5,10,4.4,1880|3280|6385|7128|57162,GPR183|HES1|SDC4|TNFAIP3|PELI1,-1.7
MyList,GO Biological Processes,19,GO:0002696,positive regulation of leukocyte activation,,-4.2,8.8,6.5,28162,401,48,6,12,4.8,1880|3280|8013|57162|84807|100423062,GPR183|HES1|NR4A3|PELI1|NFKBID|IGLL5,-1.7
MyList,GO Biological Processes,19,GO:0032570,response to progesterone,,-4.2,39,11,28162,45,48,3,6.2,3.5,2353|2354|8061,FOS|FOSB|FOSL1,-1.7
MyList,GO Biological Processes,19,GO:2001235,positive regulation of apoptotic signaling pathway,,-4.2,19,8.2,28162,126,48,4,8.3,4,467|5366|6279|10018,ATF3|PMAIP1|S100A8|BCL2L11,-1.7
MyList,KEGG Pathway,24,ko04380,Osteoclast differentiation,,-4.1,18,8.1,28162,130,48,4,8.3,4,2353|2354|4688|8061,FOS|FOSB|NCF2|FOSL1,-1.6
MyList,WikiPathways,27,WP366,TGF-beta Signaling Pathway,,-4.1,18,8,28162,133,48,4,8.3,4,467|2353|2354|4092,ATF3|FOS|FOSB|SMAD7,-1.6
MyList,Reactome Gene Sets,6,R-HSA-166520,Signaling by NTRKs,,-4.1,18,7.9,28162,134,48,4,8.3,4,2353|2354|4665|8061,FOS|FOSB|NAB2|FOSL1,-1.6
MyList,GO Biological Processes,19,GO:0045785,positive regulation of cell adhesion,,-4.1,8.3,6.3,28162,425,48,6,12,4.8,3280|3685|4092|6385|8013|84807,HES1|ITGAV|SMAD7|SDC4|NR4A3|NFKBID,-1.6
MyList,GO Biological Processes,19,GO:0032870,cellular response to hormone stimulus,,-4.1,6.6,5.8,28162,621,48,7,15,5.1,1843|2353|2354|4929|7538|8013|10018,DUSP1|FOS|FOSB|NR4A2|ZFP36|NR4A3|BCL2L11,-1.6
MyList,Reactome Gene Sets,6,R-HSA-109582,Hemostasis,,-4.1,6.6,5.8,28162,621,48,7,15,5.1,1|2|2769|3685|6385|7056|84617,A1BG|A2M|GNA15|ITGAV|SDC4|THBD|TUBB6,-1.6
MyList,GO Biological Processes,19,GO:0042542,response to hydrogen peroxide,,-4.1,17,7.9,28162,135,48,4,8.3,4,1843|7128|8013|8061,DUSP1|TNFAIP3|NR4A3|FOSL1,-1.6
MyList,KEGG Pathway,24,hsa04380,Osteoclast differentiation,,-4,17,7.8,28162,138,48,4,8.3,4,2353|2354|4688|8061,FOS|FOSB|NCF2|FOSL1,-1.6
MyList,GO Biological Processes,19,GO:0022407,regulation of cell-cell adhesion,,-4,8,6.1,28162,439,48,6,12,4.8,3280|4092|6385|8013|57162|84807,HES1|SMAD7|SDC4|NR4A3|PELI1|NFKBID,-1.6
MyList,GO Biological Processes,19,GO:0006874,cellular calcium ion homeostasis,,-4,7.9,6.1,28162,443,48,6,12,4.8,728|825|2769|3685|5144|7852,C5AR1|CAPN3|GNA15|ITGAV|PDE4D|CXCR4,-1.5
MyList,GO Biological Processes,19,GO:0006935,chemotaxis,,-4,6.4,5.7,28162,644,48,7,15,5.1,728|1843|1880|3685|6279|7852|8061,C5AR1|DUSP1|GPR183|ITGAV|S100A8|CXCR4|FOSL1,-1.5
MyList,GO Biological Processes,19,GO:0042330,taxis,,-4,6.4,5.7,28162,646,48,7,15,5.1,728|1843|1880|3685|6279|7852|8061,C5AR1|DUSP1|GPR183|ITGAV|S100A8|CXCR4|FOSL1,-1.5
MyList,GO Biological Processes,19,GO:0055065,metal ion homeostasis,,-4,6.3,5.7,28162,648,48,7,15,5.1,728|825|2769|3685|5144|6279|7852,C5AR1|CAPN3|GNA15|ITGAV|PDE4D|S100A8|CXCR4,-1.5
MyList,GO Biological Processes,19,GO:0006968,cellular defense response,,-4,33,9.6,28162,54,48,3,6.2,3.5,728|4688|8061,C5AR1|NCF2|FOSL1,-1.5
MyList,GO Biological Processes,19,GO:0010942,positive regulation of cell death,,-4,6.3,5.7,28162,652,48,7,15,5.1,467|1843|2353|5366|6279|8061|10018,ATF3|DUSP1|FOS|PMAIP1|S100A8|FOSL1|BCL2L11,-1.5
MyList,GO Biological Processes,19,GO:0051592,response to calcium ion,,-3.9,16,7.5,28162,146,48,4,8.3,4,825|1843|2353|2354,CAPN3|DUSP1|FOS|FOSB,-1.5
MyList,GO Biological Processes,19,GO:0030003,cellular cation homeostasis,,-3.9,6.3,5.6,28162,655,48,7,15,5.1,728|825|2769|3685|5144|6279|7852,C5AR1|CAPN3|GNA15|ITGAV|PDE4D|S100A8|CXCR4,-1.5
MyList,GO Biological Processes,19,GO:0055074,calcium ion homeostasis,,-3.9,7.7,6,28162,455,48,6,12,4.8,728|825|2769|3685|5144|7852,C5AR1|CAPN3|GNA15|ITGAV|PDE4D|CXCR4,-1.5
MyList,GO Biological Processes,19,GO:0043270,positive regulation of ion transport,,-3.9,6.2,5.6,28162,660,48,7,15,5.1,825|2273|5366|6279|6804|8013|23435,CAPN3|FHL1|PMAIP1|S100A8|STX1A|NR4A3|TARDBP,-1.5
MyList,GO Biological Processes,19,GO:0006873,cellular ion homeostasis,,-3.9,6.1,5.6,28162,668,48,7,15,5.1,728|825|2769|3685|5144|6279|7852,C5AR1|CAPN3|GNA15|ITGAV|PDE4D|S100A8|CXCR4,-1.5
MyList,GO Biological Processes,19,GO:0051250,negative regulation of lymphocyte activation,,-3.9,15,7.3,28162,153,48,4,8.3,4,4092|6385|7128|57162,SMAD7|SDC4|TNFAIP3|PELI1,-1.5
MyList,GO Biological Processes,19,GO:0002697,regulation of immune effector process,,-3.9,7.5,5.9,28162,467,48,6,12,4.8,2|728|4092|7128|8013|84807,A2M|C5AR1|SMAD7|TNFAIP3|NR4A3|NFKBID,-1.5
MyList,GO Biological Processes,19,GO:2001056,positive regulation of cysteine-type endopeptidase activity,,-3.9,15,7.3,28162,154,48,4,8.3,4,444|5366|6279|10018,ASPH|PMAIP1|S100A8|BCL2L11,-1.5
MyList,KEGG Pathway,24,ko04145,Phagosome,,-3.9,15,7.3,28162,154,48,4,8.3,4,2204|3685|4688|84617,FCAR|ITGAV|NCF2|TUBB6,-1.5
MyList,GO Biological Processes,19,GO:2001236,regulation of extrinsic apoptotic signaling pathway,,-3.9,15,7.3,28162,154,48,4,8.3,4,467|3685|5366|7128,ATF3|ITGAV|PMAIP1|TNFAIP3,-1.5
MyList,GO Biological Processes,19,GO:1902041,regulation of extrinsic apoptotic signaling pathway via death domain receptors,,-3.8,30,9.2,28162,59,48,3,6.2,3.5,467|5366|7128,ATF3|PMAIP1|TNFAIP3,-1.5
MyList,GO Biological Processes,19,GO:0032663,regulation of interleukin-2 production,,-3.8,30,9.2,28162,59,48,3,6.2,3.5,5144|7128|7538,PDE4D|TNFAIP3|ZFP36,-1.5
MyList,GO Biological Processes,19,GO:2001244,positive regulation of intrinsic apoptotic signaling pathway,,-3.8,29,9.1,28162,60,48,3,6.2,3.5,5366|6279|10018,PMAIP1|S100A8|BCL2L11,-1.5
MyList,GO Biological Processes,19,GO:0042110,T cell activation,,-3.8,7.4,5.8,28162,475,48,6,12,4.8,1880|3280|4092|6385|57162|84807,GPR183|HES1|SMAD7|SDC4|PELI1|NFKBID,-1.5
MyList,WikiPathways,27,WP289,Myometrial Relaxation and Contraction Pathways,,-3.8,15,7.2,28162,158,48,4,8.3,4,467|2353|5144|6004,ATF3|FOS|PDE4D|RGS16,-1.5
MyList,GO Biological Processes,19,GO:0009991,response to extracellular stimulus,,-3.8,7.4,5.8,28162,477,48,6,12,4.8,467|2353|4929|5366|7538|8061,ATF3|FOS|NR4A2|PMAIP1|ZFP36|FOSL1,-1.5
MyList,GO Biological Processes,19,GO:0032623,interleukin-2 production,,-3.8,29,9,28162,61,48,3,6.2,3.5,5144|7128|7538,PDE4D|TNFAIP3|ZFP36,-1.5
MyList,GO Biological Processes,19,GO:0034599,cellular response to oxidative stress,,-3.8,9.7,6.3,28162,301,48,5,10,4.4,2353|4688|4929|7128|8013,FOS|NCF2|NR4A2|TNFAIP3|NR4A3,-1.5
MyList,GO Biological Processes,19,GO:2001242,regulation of intrinsic apoptotic signaling pathway,,-3.8,15,7.2,28162,160,48,4,8.3,4,5366|6279|6615|10018,PMAIP1|S100A8|SNAI1|BCL2L11,-1.5
MyList,GO Biological Processes,19,GO:1901214,regulation of neuron death,,-3.8,9.7,6.3,28162,302,48,5,10,4.4,728|2353|4929|8013|10018,C5AR1|FOS|NR4A2|NR4A3|BCL2L11,-1.5
MyList,GO Biological Processes,19,GO:0071496,cellular response to external stimulus,,-3.8,9.7,6.3,28162,303,48,5,10,4.4,467|2353|4929|5366|8061,ATF3|FOS|NR4A2|PMAIP1|FOSL1,-1.5
MyList,WikiPathways,27,WP2849,Hematopoietic Stem Cell Differentiation,,-3.8,28,8.8,28162,63,48,3,6.2,3.5,2353|2354|7852,FOS|FOSB|CXCR4,-1.4
MyList,GO Biological Processes,19,GO:0060326,cell chemotaxis,,-3.8,9.6,6.2,28162,307,48,5,10,4.4,728|1843|1880|6279|7852,C5AR1|DUSP1|GPR183|S100A8|CXCR4,-1.4
MyList,GO Biological Processes,19,GO:0042093,T-helper cell differentiation,,-3.7,28,8.8,28162,64,48,3,6.2,3.5,1880|4092|84807,GPR183|SMAD7|NFKBID,-1.4
MyList,GO Biological Processes,19,GO:0070661,leukocyte proliferation,,-3.7,9.4,6.2,28162,313,48,5,10,4.4,1880|3280|6385|7128|57162,GPR183|HES1|SDC4|TNFAIP3|PELI1,-1.4
MyList,KEGG Pathway,24,hsa04145,Phagosome,,-3.7,14,7,28162,168,48,4,8.3,4,2204|3685|4688|84617,FCAR|ITGAV|NCF2|TUBB6,-1.4
MyList,GO Biological Processes,19,GO:0002294,"CD4-positive, alpha-beta T cell differentiation involved in immune response",,-3.7,27,8.6,28162,66,48,3,6.2,3.5,1880|4092|84807,GPR183|SMAD7|NFKBID,-1.4
MyList,GO Biological Processes,19,GO:0007517,muscle organ development,,-3.7,9.3,6.1,28162,317,48,5,10,4.4,467|825|2273|2353|4092,ATF3|CAPN3|FHL1|FOS|SMAD7,-1.4
MyList,GO Biological Processes,19,GO:0002287,alpha-beta T cell activation involved in immune response,,-3.7,26,8.6,28162,67,48,3,6.2,3.5,1880|4092|84807,GPR183|SMAD7|NFKBID,-1.4
MyList,GO Biological Processes,19,GO:0002293,alpha-beta T cell differentiation involved in immune response,,-3.7,26,8.6,28162,67,48,3,6.2,3.5,1880|4092|84807,GPR183|SMAD7|NFKBID,-1.4
MyList,Reactome Gene Sets,6,R-HSA-9006934,Signaling by Receptor Tyrosine Kinases,,-3.7,7,5.6,28162,506,48,6,12,4.8,2353|2354|3685|4665|4688|8061,FOS|FOSB|ITGAV|NAB2|NCF2|FOSL1,-1.4
MyList,KEGG Pathway,24,ko05031,Amphetamine addiction,,-3.7,26,8.5,28162,68,48,3,6.2,3.5,2353|2354|6804,FOS|FOSB|STX1A,-1.4
MyList,GO Biological Processes,19,GO:0055080,cation homeostasis,,-3.7,5.6,5.2,28162,730,48,7,15,5.1,728|825|2769|3685|5144|6279|7852,C5AR1|CAPN3|GNA15|ITGAV|PDE4D|S100A8|CXCR4,-1.4
MyList,GO Biological Processes,19,GO:0045682,regulation of epidermis development,,-3.6,26,8.4,28162,69,48,3,6.2,3.5,3280|4665|7538,HES1|NAB2|ZFP36,-1.4
MyList,GO Biological Processes,19,GO:0002768,immune response-regulating cell surface receptor signaling pathway,,-3.6,6.8,5.5,28162,515,48,6,12,4.8,728|2353|5144|8013|84807|100423062,C5AR1|FOS|PDE4D|NR4A3|NFKBID|IGLL5,-1.4
MyList,GO Biological Processes,19,GO:0050863,regulation of T cell activation,,-3.6,9,6,28162,327,48,5,10,4.4,3280|4092|6385|57162|84807,HES1|SMAD7|SDC4|PELI1|NFKBID,-1.4
MyList,GO Biological Processes,19,GO:0070371,ERK1 and ERK2 cascade,,-3.6,9,6,28162,327,48,5,10,4.4,467|728|1843|1880|3685,ATF3|C5AR1|DUSP1|GPR183|ITGAV,-1.4
MyList,GO Biological Processes,19,GO:0007565,female pregnancy,,-3.6,13,6.8,28162,177,48,4,8.3,4,2353|2354|7056|8061,FOS|FOSB|THBD|FOSL1,-1.4
MyList,GO Biological Processes,19,GO:0030162,regulation of proteolysis,,-3.6,5.6,5.2,28162,737,48,7,15,5.1,2|444|825|4092|5366|6279|10018,A2M|ASPH|CAPN3|SMAD7|PMAIP1|S100A8|BCL2L11,-1.4
MyList,GO Biological Processes,19,GO:0002764,immune response-regulating signaling pathway,,-3.6,6.8,5.5,28162,518,48,6,12,4.8,728|2353|5144|8013|84807|100423062,C5AR1|FOS|PDE4D|NR4A3|NFKBID|IGLL5,-1.4
MyList,GO Biological Processes,19,GO:0098771,inorganic ion homeostasis,,-3.6,5.5,5.2,28162,740,48,7,15,5.1,728|825|2769|3685|5144|6279|7852,C5AR1|CAPN3|GNA15|ITGAV|PDE4D|S100A8|CXCR4,-1.4
MyList,WikiPathways,27,WP2880,Glucocorticoid Receptor Pathway,,-3.6,25,8.3,28162,71,48,3,6.2,3.5,1831|7056|7128,TSC22D3|THBD|TNFAIP3,-1.4
MyList,KEGG Pathway,24,hsa05031,Amphetamine addiction,,-3.6,25,8.3,28162,71,48,3,6.2,3.5,2353|2354|6804,FOS|FOSB|STX1A,-1.4
MyList,GO Biological Processes,19,GO:0007369,gastrulation,,-3.6,13,6.7,28162,179,48,4,8.3,4,1843|3685|6615|8013,DUSP1|ITGAV|SNAI1|NR4A3,-1.4
MyList,GO Biological Processes,19,GO:0048708,astrocyte differentiation,,-3.6,24,8.2,28162,72,48,3,6.2,3.5,728|3280|6279,C5AR1|HES1|S100A8,-1.4
MyList,GO Biological Processes,19,GO:0002695,negative regulation of leukocyte activation,,-3.6,13,6.7,28162,182,48,4,8.3,4,4092|6385|7128|57162,SMAD7|SDC4|TNFAIP3|PELI1,-1.3
MyList,GO Biological Processes,19,GO:0002292,T cell differentiation involved in immune response,,-3.6,24,8.2,28162,73,48,3,6.2,3.5,1880|4092|84807,GPR183|SMAD7|NFKBID,-1.3
MyList,GO Biological Processes,19,GO:0001568,blood vessel development,,-3.6,5.4,5.1,28162,755,48,7,15,5.1,728|3280|3685|4092|7128|7852|8061,C5AR1|HES1|ITGAV|SMAD7|TNFAIP3|CXCR4|FOSL1,-1.3
MyList,WikiPathways,27,WP4216,Chromosomal and microsatellite instability in colorectal cancer ,,-3.6,24,8.1,28162,74,48,3,6.2,3.5,2353|5366|10018,FOS|PMAIP1|BCL2L11,-1.3
MyList,GO Biological Processes,19,GO:0010950,positive regulation of endopeptidase activity,,-3.6,13,6.6,28162,185,48,4,8.3,4,444|5366|6279|10018,ASPH|PMAIP1|S100A8|BCL2L11,-1.3
MyList,GO Biological Processes,19,GO:0070997,neuron death,,-3.5,8.6,5.8,28162,342,48,5,10,4.4,728|2353|4929|8013|10018,C5AR1|FOS|NR4A2|NR4A3|BCL2L11,-1.3
MyList,GO Biological Processes,19,GO:0043299,leukocyte degranulation,,-3.5,6.6,5.4,28162,537,48,6,12,4.8,1|728|2204|3685|6279|8013,A1BG|C5AR1|FCAR|ITGAV|S100A8|NR4A3,-1.3
MyList,GO Biological Processes,19,GO:0071674,mononuclear cell migration,,-3.5,12,6.5,28162,191,48,4,8.3,4,728|1843|1880|7852,C5AR1|DUSP1|GPR183|CXCR4,-1.3
MyList,GO Biological Processes,19,GO:0010038,response to metal ion,,-3.5,8.3,5.7,28162,352,48,5,10,4.4,825|1843|2353|2354|6279,CAPN3|DUSP1|FOS|FOSB|S100A8,-1.3
MyList,GO Biological Processes,19,GO:1901654,response to ketone,,-3.5,12,6.4,28162,193,48,4,8.3,4,1843|2353|2354|8061,DUSP1|FOS|FOSB|FOSL1,-1.3
MyList,GO Biological Processes,19,GO:0050864,regulation of B cell activation,,-3.5,12,6.4,28162,193,48,4,8.3,4,1880|7128|57162|100423062,GPR183|TNFAIP3|PELI1|IGLL5,-1.3
MyList,GO Biological Processes,19,GO:0002275,myeloid cell activation involved in immune response,,-3.5,6.4,5.3,28162,550,48,6,12,4.8,1|728|2204|3685|6279|8013,A1BG|C5AR1|FCAR|ITGAV|S100A8|NR4A3,-1.3
MyList,GO Biological Processes,19,GO:0051345,positive regulation of hydrolase activity,,-3.5,5.3,5,28162,779,48,7,15,5.1,444|728|2769|5366|6004|6279|10018,ASPH|C5AR1|GNA15|PMAIP1|RGS16|S100A8|BCL2L11,-1.3
MyList,Canonical Pathways,11,M66,PID MYC ACTIV PATHWAY,,-3.5,22,7.8,28162,79,48,3,6.2,3.5,5366|6615|8061,PMAIP1|SNAI1|FOSL1,-1.3
MyList,KEGG Pathway,24,ko04610,Complement and coagulation cascades,,-3.5,22,7.8,28162,79,48,3,6.2,3.5,2|728|7056,A2M|C5AR1|THBD,-1.3
MyList,KEGG Pathway,24,hsa04610,Complement and coagulation cascades ,,-3.5,22,7.8,28162,79,48,3,6.2,3.5,2|728|7056,A2M|C5AR1|THBD,-1.3
MyList,GO Biological Processes,19,GO:0002444,myeloid leukocyte mediated immunity,,-3.5,6.4,5.3,28162,553,48,6,12,4.8,1|728|2204|3685|6279|8013,A1BG|C5AR1|FCAR|ITGAV|S100A8|NR4A3,-1.3
MyList,GO Biological Processes,19,GO:0051251,positive regulation of lymphocyte activation,,-3.5,8.2,5.7,28162,356,48,5,10,4.4,1880|3280|57162|84807|100423062,GPR183|HES1|PELI1|NFKBID|IGLL5,-1.3
MyList,GO Biological Processes,19,GO:0031400,negative regulation of protein modification process,,-3.5,6.3,5.2,28162,556,48,6,12,4.8,825|1843|4092|5144|7128|23435,CAPN3|DUSP1|SMAD7|PDE4D|TNFAIP3|TARDBP,-1.3
MyList,GO Biological Processes,19,GO:0001944,vasculature development,,-3.5,5.2,5,28162,787,48,7,15,5.1,728|3280|3685|4092|7128|7852|8061,C5AR1|HES1|ITGAV|SMAD7|TNFAIP3|CXCR4|FOSL1,-1.3
MyList,GO Biological Processes,19,GO:0043367,"CD4-positive, alpha-beta T cell differentiation",,-3.4,22,7.7,28162,81,48,3,6.2,3.5,1880|4092|84807,GPR183|SMAD7|NFKBID,-1.3
MyList,Canonical Pathways,11,M2,PID SMAD2 3NUCLEAR PATHWAY,,-3.4,21,7.7,28162,82,48,3,6.2,3.5,467|2353|4092,ATF3|FOS|SMAD7,-1.3
MyList,GO Biological Processes,19,GO:0071277,cellular response to calcium ion,,-3.4,21,7.7,28162,82,48,3,6.2,3.5,825|2353|2354,CAPN3|FOS|FOSB,-1.3
MyList,GO Biological Processes,19,GO:0001933,negative regulation of protein phosphorylation,,-3.4,8.1,5.6,28162,363,48,5,10,4.4,1843|4092|5144|7128|23435,DUSP1|SMAD7|PDE4D|TNFAIP3|TARDBP,-1.3
MyList,GO Biological Processes,19,GO:0009612,response to mechanical stimulus,,-3.4,12,6.3,28162,202,48,4,8.3,4,2353|2354|7852|8061,FOS|FOSB|CXCR4|FOSL1,-1.2
MyList,GO Biological Processes,19,GO:0010952,positive regulation of peptidase activity,,-3.4,12,6.2,28162,203,48,4,8.3,4,444|5366|6279|10018,ASPH|PMAIP1|S100A8|BCL2L11,-1.2
MyList,GO Biological Processes,19,GO:0008625,extrinsic apoptotic signaling pathway via death domain receptors,,-3.4,21,7.6,28162,84,48,3,6.2,3.5,467|5366|7128,ATF3|PMAIP1|TNFAIP3,-1.2
MyList,GO Biological Processes,19,GO:0044706,multi-multicellular organism process,,-3.4,12,6.2,28162,204,48,4,8.3,4,2353|2354|7056|8061,FOS|FOSB|THBD|FOSL1,-1.2
MyList,GO Biological Processes,19,GO:0002253,activation of immune response,,-3.4,6.1,5.1,28162,573,48,6,12,4.8,2|728|5144|8013|84807|100423062,A2M|C5AR1|PDE4D|NR4A3|NFKBID|IGLL5,-1.2
MyList,GO Biological Processes,19,GO:0043065,positive regulation of apoptotic process,,-3.4,6.1,5.1,28162,574,48,6,12,4.8,467|1843|5366|6279|8061|10018,ATF3|DUSP1|PMAIP1|S100A8|FOSL1|BCL2L11,-1.2
MyList,GO Biological Processes,19,GO:0001657,ureteric bud development,,-3.4,20,7.5,28162,86,48,3,6.2,3.5,3280|4092|6385,HES1|SMAD7|SDC4,-1.2
MyList,GO Biological Processes,19,GO:0072163,mesonephric epithelium development,,-3.4,20,7.4,28162,87,48,3,6.2,3.5,3280|4092|6385,HES1|SMAD7|SDC4,-1.2
MyList,GO Biological Processes,19,GO:0072164,mesonephric tubule development,,-3.4,20,7.4,28162,87,48,3,6.2,3.5,3280|4092|6385,HES1|SMAD7|SDC4,-1.2
MyList,GO Biological Processes,19,GO:0070664,negative regulation of leukocyte proliferation,,-3.3,20,7.4,28162,88,48,3,6.2,3.5,6385|7128|57162,SDC4|TNFAIP3|PELI1,-1.2
MyList,GO Biological Processes,19,GO:0006959,humoral immune response,,-3.3,7.7,5.4,28162,382,48,5,10,4.4,2|728|1880|6279|100423062,A2M|C5AR1|GPR183|S100A8|IGLL5,-1.2
MyList,GO Biological Processes,19,GO:0043068,positive regulation of programmed cell death,,-3.3,6,5,28162,590,48,6,12,4.8,467|1843|5366|6279|8061|10018,ATF3|DUSP1|PMAIP1|S100A8|FOSL1|BCL2L11,-1.2
MyList,GO Biological Processes,19,GO:0050678,regulation of epithelial cell proliferation,,-3.3,7.7,5.4,28162,383,48,5,10,4.4,728|3280|7128|7538|8013,C5AR1|HES1|TNFAIP3|ZFP36|NR4A3,-1.2
MyList,GO Biological Processes,19,GO:0031331,positive regulation of cellular catabolic process,,-3.3,7.6,5.4,28162,385,48,5,10,4.4,4092|7128|7538|10018|23435,SMAD7|TNFAIP3|ZFP36|BCL2L11|TARDBP,-1.2
MyList,GO Biological Processes,19,GO:0001823,mesonephros development,,-3.3,19,7.2,28162,91,48,3,6.2,3.5,3280|4092|6385,HES1|SMAD7|SDC4,-1.2
MyList,GO Biological Processes,19,GO:1903321,negative regulation of protein modification by small protein conjugation or removal,,-3.3,19,7.2,28162,91,48,3,6.2,3.5,825|4092|7128,CAPN3|SMAD7|TNFAIP3,-1.2
MyList,WikiPathways,27,WP1772,Apoptosis Modulation and Signaling,,-3.3,19,7.2,28162,93,48,3,6.2,3.5,2353|5366|10018,FOS|PMAIP1|BCL2L11,-1.1
MyList,GO Biological Processes,19,GO:0050670,regulation of lymphocyte proliferation,,-3.3,11,5.9,28162,221,48,4,8.3,4,1880|3280|6385|57162,GPR183|HES1|SDC4|PELI1,-1.1
MyList,GO Biological Processes,19,GO:0045444,fat cell differentiation,,-3.3,11,5.9,28162,222,48,4,8.3,4,3280|4929|7538|8013,HES1|NR4A2|ZFP36|NR4A3,-1.1
MyList,GO Biological Processes,19,GO:0061061,muscle structure development,,-3.2,5.8,4.9,28162,609,48,6,12,4.8,467|825|2273|2353|3280|4092,ATF3|CAPN3|FHL1|FOS|HES1|SMAD7,-1.1
MyList,GO Biological Processes,19,GO:0032944,regulation of mononuclear cell proliferation,,-3.2,11,5.9,28162,223,48,4,8.3,4,1880|3280|6385|57162,GPR183|HES1|SDC4|PELI1,-1.1
MyList,GO Biological Processes,19,GO:0050920,regulation of chemotaxis,,-3.2,10,5.9,28162,224,48,4,8.3,4,728|1843|1880|7852,C5AR1|DUSP1|GPR183|CXCR4,-1.1
MyList,GO Biological Processes,19,GO:2001234,negative regulation of apoptotic signaling pathway,,-3.2,10,5.9,28162,224,48,4,8.3,4,3685|4929|6615|7128,ITGAV|NR4A2|SNAI1|TNFAIP3,-1.1
MyList,GO Biological Processes,19,GO:0042326,negative regulation of phosphorylation,,-3.2,7.2,5.2,28162,408,48,5,10,4.4,1843|4092|5144|7128|23435,DUSP1|SMAD7|PDE4D|TNFAIP3|TARDBP,-1.1
MyList,GO Biological Processes,19,GO:0031124,mRNA 3'-end processing,,-3.2,18,6.9,28162,99,48,3,6.2,3.5,9877|55197|58490,ZC3H11A|RPRD1A|RPRD1B,-1.1
MyList,GO Biological Processes,19,GO:2000116,regulation of cysteine-type endopeptidase activity,,-3.2,10,5.7,28162,233,48,4,8.3,4,444|5366|6279|10018,ASPH|PMAIP1|S100A8|BCL2L11,-1.1
MyList,GO Biological Processes,19,GO:0035710,"CD4-positive, alpha-beta T cell activation",,-3.2,18,6.9,28162,100,48,3,6.2,3.5,1880|4092|84807,GPR183|SMAD7|NFKBID,-1.1
MyList,Reactome Gene Sets,6,R-HSA-388396,GPCR downstream signalling,,-3.2,5.6,4.8,28162,629,48,6,12,4.8,728|1880|2769|5144|6004|7852,C5AR1|GPR183|GNA15|PDE4D|RGS16|CXCR4,-1.1
MyList,GO Biological Processes,19,GO:0097305,response to alcohol,,-3.2,10,5.7,28162,234,48,4,8.3,4,2353|2354|6279|8061,FOS|FOSB|S100A8|FOSL1,-1.1
MyList,Reactome Gene Sets,6,R-HSA-168188,Toll Like Receptor TLR6:TLR2 Cascade,,-3.2,17,6.8,28162,101,48,3,6.2,3.5,2353|6279|57162,FOS|S100A8|PELI1,-1.1
MyList,Reactome Gene Sets,6,R-HSA-166058,MyD88:MAL(TIRAP) cascade initiated on plasma membrane,,-3.2,17,6.8,28162,101,48,3,6.2,3.5,2353|6279|57162,FOS|S100A8|PELI1,-1.1
MyList,GO Biological Processes,19,GO:1903706,regulation of hemopoiesis,,-3.2,7,5.1,28162,417,48,5,10,4.4,2353|4092|7538|8013|84807,FOS|SMAD7|ZFP36|NR4A3|NFKBID,-1.1
MyList,GO Biological Processes,19,GO:1903320,regulation of protein modification by small protein conjugation or removal,,-3.1,9.9,5.7,28162,237,48,4,8.3,4,825|4092|7128|57162,CAPN3|SMAD7|TNFAIP3|PELI1,-1.1
MyList,Reactome Gene Sets,6,R-HSA-168179,Toll Like Receptor TLR1:TLR2 Cascade,,-3.1,17,6.7,28162,104,48,3,6.2,3.5,2353|6279|57162,FOS|S100A8|PELI1,-1
MyList,Reactome Gene Sets,6,R-HSA-181438,Toll Like Receptor 2 (TLR2) Cascade,,-3.1,17,6.7,28162,104,48,3,6.2,3.5,2353|6279|57162,FOS|S100A8|PELI1,-1
MyList,Canonical Pathways,11,M164,PID ERBB1 DOWNSTREAM PATHWAY,,-3.1,17,6.7,28162,105,48,3,6.2,3.5,1843|2353|7538,DUSP1|FOS|ZFP36,-1
MyList,Reactome Gene Sets,6,R-HSA-1236975,Antigen processing-Cross presentation,,-3.1,17,6.7,28162,105,48,3,6.2,3.5,3685|4688|6279,ITGAV|NCF2|S100A8,-1
MyList,GO Biological Processes,19,GO:0040008,regulation of growth,,-3.1,5.4,4.7,28162,647,48,6,12,4.8,825|2273|4092|6279|7852|10018,CAPN3|FHL1|SMAD7|S100A8|CXCR4|BCL2L11,-1
MyList,GO Biological Processes,19,GO:0052548,regulation of endopeptidase activity,,-3.1,6.8,5,28162,429,48,5,10,4.4,2|444|5366|6279|10018,A2M|ASPH|PMAIP1|S100A8|BCL2L11,-1
MyList,GO Biological Processes,19,GO:0046632,alpha-beta T cell differentiation,,-3.1,16,6.6,28162,107,48,3,6.2,3.5,1880|4092|84807,GPR183|SMAD7|NFKBID,-1
MyList,GO Biological Processes,19,GO:0042391,regulation of membrane potential,,-3.1,6.8,5,28162,431,48,5,10,4.4,2273|2769|4092|5366|6804,FHL1|GNA15|SMAD7|PMAIP1|STX1A,-1
MyList,GO Biological Processes,19,GO:0002274,myeloid leukocyte activation,,-3.1,5.3,4.7,28162,661,48,6,12,4.8,1|728|2204|3685|6279|8013,A1BG|C5AR1|FCAR|ITGAV|S100A8|NR4A3,-1
MyList,GO Biological Processes,19,GO:0050673,epithelial cell proliferation,,-3.1,6.7,5,28162,439,48,5,10,4.4,728|3280|7128|7538|8013,C5AR1|HES1|TNFAIP3|ZFP36|NR4A3,-0.99
MyList,GO Biological Processes,19,GO:0002286,T cell activation involved in immune response,,-3,16,6.5,28162,111,48,3,6.2,3.5,1880|4092|84807,GPR183|SMAD7|NFKBID,-0.98
MyList,GO Biological Processes,19,GO:0045927,positive regulation of growth,,-3,9.3,5.5,28162,253,48,4,8.3,4,825|4092|6279|7852,CAPN3|SMAD7|S100A8|CXCR4,-0.98
MyList,KEGG Pathway,24,ko05166,HTLV-I infection,,-3,9.2,5.4,28162,256,48,4,8.3,4,467|2353|7538|8061,ATF3|FOS|ZFP36|FOSL1,-0.97
MyList,KEGG Pathway,24,hsa05166,HTLV-I infection,,-3,9.2,5.4,28162,256,48,4,8.3,4,467|2353|7538|8061,ATF3|FOS|ZFP36|FOSL1,-0.97
MyList,GO Biological Processes,19,GO:0048514,blood vessel morphogenesis,,-3,5.2,4.6,28162,678,48,6,12,4.8,728|3280|3685|4092|7128|7852,C5AR1|HES1|ITGAV|SMAD7|TNFAIP3|CXCR4,-0.95
MyList,GO Biological Processes,19,GO:0009896,positive regulation of catabolic process,,-3,6.5,4.9,28162,451,48,5,10,4.4,4092|7128|7538|10018|23435,SMAD7|TNFAIP3|ZFP36|BCL2L11|TARDBP,-0.95
MyList,GO Biological Processes,19,GO:0001704,formation of primary germ layer,,-3,15,6.4,28162,115,48,3,6.2,3.5,1843|3685|6615,DUSP1|ITGAV|SNAI1,-0.95
MyList,WikiPathways,27,WP710,DNA Damage Response (only ATM dependent),,-3,15,6.4,28162,115,48,3,6.2,3.5,5366|8061|10018,PMAIP1|FOSL1|BCL2L11,-0.95
MyList,GO Biological Processes,19,GO:0003012,muscle system process,,-3,6.5,4.9,28162,453,48,5,10,4.4,444|4092|5144|7852|8013,ASPH|SMAD7|PDE4D|CXCR4|NR4A3,-0.95
MyList,GO Biological Processes,19,GO:0052547,regulation of peptidase activity,,-3,6.4,4.8,28162,458,48,5,10,4.4,2|444|5366|6279|10018,A2M|ASPH|PMAIP1|S100A8|BCL2L11,-0.93
MyList,GO Biological Processes,19,GO:0050868,negative regulation of T cell activation,,-3,15,6.2,28162,119,48,3,6.2,3.5,4092|6385|57162,SMAD7|SDC4|PELI1,-0.92
MyList,Reactome Gene Sets,6,R-HSA-372790,Signaling by GPCR,,-2.9,5,4.4,28162,704,48,6,12,4.8,728|1880|2769|5144|6004|7852,C5AR1|GPR183|GNA15|PDE4D|RGS16|CXCR4,-0.88
MyList,GO Biological Processes,19,GO:0022409,positive regulation of cell-cell adhesion,,-2.9,8.5,5.2,28162,276,48,4,8.3,4,3280|4092|8013|84807,HES1|SMAD7|NR4A3|NFKBID,-0.87
MyList,GO Biological Processes,19,GO:1903793,positive regulation of anion transport,,-2.9,6.1,4.7,28162,478,48,5,10,4.4,5366|6279|6804|8013|23435,PMAIP1|S100A8|STX1A|NR4A3|TARDBP,-0.85
MyList,Reactome Gene Sets,6,R-HSA-6798695,Neutrophil degranulation,,-2.9,6.1,4.7,28162,480,48,5,10,4.4,1|728|2204|3685|6279,A1BG|C5AR1|FCAR|ITGAV|S100A8,-0.85
MyList,GO Biological Processes,19,GO:0060047,heart contraction,,-2.9,8.4,5.1,28162,280,48,4,8.3,4,444|4092|5144|7852,ASPH|SMAD7|PDE4D|CXCR4,-0.85
MyList,GO Biological Processes,19,GO:0002429,immune response-activating cell surface receptor signaling pathway,,-2.9,6.1,4.7,28162,481,48,5,10,4.4,728|5144|8013|84807|100423062,C5AR1|PDE4D|NR4A3|NFKBID|IGLL5,-0.85
MyList,GO Biological Processes,19,GO:0002757,immune response-activating signal transduction,,-2.9,6.1,4.7,28162,481,48,5,10,4.4,728|5144|8013|84807|100423062,C5AR1|PDE4D|NR4A3|NFKBID|IGLL5,-0.85
MyList,GO Biological Processes,19,GO:0001822,kidney development,,-2.9,8.4,5.1,28162,281,48,4,8.3,4,3280|4092|6385|10018,HES1|SMAD7|SDC4|BCL2L11,-0.85
MyList,GO Biological Processes,19,GO:0097193,intrinsic apoptotic signaling pathway,,-2.9,8.3,5.1,28162,283,48,4,8.3,4,5366|6279|6615|10018,PMAIP1|S100A8|SNAI1|BCL2L11,-0.84
MyList,GO Biological Processes,19,GO:0046651,lymphocyte proliferation,,-2.9,8.3,5.1,28162,283,48,4,8.3,4,1880|3280|6385|57162,GPR183|HES1|SDC4|PELI1,-0.84
MyList,GO Biological Processes,19,GO:0043312,neutrophil degranulation,,-2.9,6,4.6,28162,486,48,5,10,4.4,1|728|2204|3685|6279,A1BG|C5AR1|FCAR|ITGAV|S100A8,-0.84
MyList,GO Biological Processes,19,GO:0032943,mononuclear cell proliferation,,-2.8,8.2,5.1,28162,286,48,4,8.3,4,1880|3280|6385|57162,GPR183|HES1|SDC4|PELI1,-0.83
MyList,GO Biological Processes,19,GO:0002283,neutrophil activation involved in immune response,,-2.8,6,4.6,28162,489,48,5,10,4.4,1|728|2204|3685|6279,A1BG|C5AR1|FCAR|ITGAV|S100A8,-0.83
MyList,GO Biological Processes,19,GO:0072073,kidney epithelium development,,-2.8,13,5.9,28162,131,48,3,6.2,3.5,3280|4092|6385,HES1|SMAD7|SDC4,-0.83
MyList,GO Biological Processes,19,GO:0061041,regulation of wound healing,,-2.8,13,5.9,28162,131,48,3,6.2,3.5,7056|7128|7852,THBD|TNFAIP3|CXCR4,-0.83
MyList,GO Biological Processes,19,GO:0072001,renal system development,,-2.8,8.1,5,28162,289,48,4,8.3,4,3280|4092|6385|10018,HES1|SMAD7|SDC4|BCL2L11,-0.82
MyList,GO Biological Processes,19,GO:0003015,heart process,,-2.8,8.1,5,28162,290,48,4,8.3,4,444|4092|5144|7852,ASPH|SMAD7|PDE4D|CXCR4,-0.82
MyList,GO Biological Processes,19,GO:0002446,neutrophil mediated immunity,,-2.8,5.9,4.5,28162,500,48,5,10,4.4,1|728|2204|3685|6279,A1BG|C5AR1|FCAR|ITGAV|S100A8,-0.8
MyList,GO Biological Processes,19,GO:0060048,cardiac muscle contraction,,-2.8,13,5.8,28162,135,48,3,6.2,3.5,4092|5144|7852,SMAD7|PDE4D|CXCR4,-0.8
MyList,Reactome Gene Sets,6,R-HSA-166016,Toll Like Receptor 4 (TLR4) Cascade,,-2.8,13,5.8,28162,135,48,3,6.2,3.5,2353|6279|57162,FOS|S100A8|PELI1,-0.8
MyList,GO Biological Processes,19,GO:0050671,positive regulation of lymphocyte proliferation,,-2.8,13,5.8,28162,135,48,3,6.2,3.5,1880|3280|57162,GPR183|HES1|PELI1,-0.8
MyList,GO Biological Processes,19,GO:0042119,neutrophil activation,,-2.8,5.9,4.5,28162,501,48,5,10,4.4,1|728|2204|3685|6279,A1BG|C5AR1|FCAR|ITGAV|S100A8,-0.8
MyList,GO Biological Processes,19,GO:0007162,negative regulation of cell adhesion,,-2.8,8,5,28162,295,48,4,8.3,4,1843|4092|6385|57162,DUSP1|SMAD7|SDC4|PELI1,-0.8
MyList,GO Biological Processes,19,GO:0051047,positive regulation of secretion,,-2.8,8,5,28162,295,48,4,8.3,4,6279|6385|6804|23435,S100A8|SDC4|STX1A|TARDBP,-0.8
MyList,GO Biological Processes,19,GO:0034976,response to endoplasmic reticulum stress,,-2.8,7.9,5,28162,296,48,4,8.3,4,467|5366|10018|23435,ATF3|PMAIP1|BCL2L11|TARDBP,-0.8
MyList,GO Biological Processes,19,GO:0032946,positive regulation of mononuclear cell proliferation,,-2.8,13,5.8,28162,136,48,3,6.2,3.5,1880|3280|57162,GPR183|HES1|PELI1,-0.8
MyList,GO Biological Processes,19,GO:0001890,placenta development,,-2.8,13,5.8,28162,136,48,3,6.2,3.5,3280|6615|8061,HES1|SNAI1|FOSL1,-0.8
MyList,GO Biological Processes,19,GO:0051348,negative regulation of transferase activity,,-2.8,7.9,4.9,28162,298,48,4,8.3,4,1843|4092|7128|7538,DUSP1|SMAD7|TNFAIP3|ZFP36,-0.8
MyList,Canonical Pathways,11,M145,PID P53 DOWNSTREAM PATHWAY,,-2.8,13,5.7,28162,137,48,3,6.2,3.5,467|1843|5366,ATF3|DUSP1|PMAIP1,-0.8
MyList,Reactome Gene Sets,6,R-HSA-202733,Cell surface interactions at the vascular wall,,-2.8,13,5.7,28162,137,48,3,6.2,3.5,3685|6385|7056,ITGAV|SDC4|THBD,-0.8
MyList,GO Biological Processes,19,GO:0036230,granulocyte activation,,-2.8,5.8,4.5,28162,506,48,5,10,4.4,1|728|2204|3685|6279,A1BG|C5AR1|FCAR|ITGAV|S100A8,-0.8
MyList,GO Biological Processes,19,GO:0008285,negative regulation of cell population proliferation,,-2.8,4.7,4.2,28162,753,48,6,12,4.8,3280|4092|6385|7128|8061|57162,HES1|SMAD7|SDC4|TNFAIP3|FOSL1|PELI1,-0.8
MyList,GO Biological Processes,19,GO:1903038,negative regulation of leukocyte cell-cell adhesion,,-2.8,13,5.7,28162,138,48,3,6.2,3.5,4092|6385|57162,SMAD7|SDC4|PELI1,-0.8
MyList,GO Biological Processes,19,GO:0043280,positive regulation of cysteine-type endopeptidase activity involved in apoptotic process,,-2.8,13,5.7,28162,138,48,3,6.2,3.5,5366|6279|10018,PMAIP1|S100A8|BCL2L11,-0.8
MyList,KEGG Pathway,24,ko04210,Apoptosis,,-2.8,13,5.7,28162,138,48,3,6.2,3.5,2353|5366|10018,FOS|PMAIP1|BCL2L11,-0.8
MyList,KEGG Pathway,24,hsa04210,Apoptosis ,,-2.8,13,5.7,28162,138,48,3,6.2,3.5,2353|5366|10018,FOS|PMAIP1|BCL2L11,-0.8
MyList,Reactome Gene Sets,6,R-HSA-1474244,Extracellular matrix organization,,-2.8,7.8,4.9,28162,301,48,4,8.3,4,2|825|3685|6385,A2M|CAPN3|ITGAV|SDC4,-0.8
MyList,GO Biological Processes,19,GO:0050778,positive regulation of immune response,,-2.7,4.6,4.2,28162,761,48,6,12,4.8,2|728|5144|8013|84807|100423062,A2M|C5AR1|PDE4D|NR4A3|NFKBID|IGLL5,-0.78
MyList,GO Biological Processes,19,GO:0070372,regulation of ERK1 and ERK2 cascade,,-2.7,7.6,4.8,28162,307,48,4,8.3,4,467|728|1843|1880,ATF3|C5AR1|DUSP1|GPR183,-0.77
MyList,WikiPathways,27,WP2380,Brain-Derived Neurotrophic Factor (BDNF) signaling pathway,,-2.7,12,5.6,28162,144,48,3,6.2,3.5,2353|4688|10018,FOS|NCF2|BCL2L11,-0.75
MyList,WikiPathways,27,WP1449,Regulation of toll-like receptor signaling pathway,,-2.7,12,5.6,28162,145,48,3,6.2,3.5,2353|7128|57162,FOS|TNFAIP3|PELI1,-0.75
MyList,GO Biological Processes,19,GO:1902532,negative regulation of intracellular signal transduction,,-2.7,5.6,4.4,28162,525,48,5,10,4.4,467|1843|5144|6615|7128,ATF3|DUSP1|PDE4D|SNAI1|TNFAIP3,-0.75
MyList,GO Biological Processes,19,GO:0045936,negative regulation of phosphate metabolic process,,-2.7,5.6,4.4,28162,526,48,5,10,4.4,1843|4092|5144|7128|23435,DUSP1|SMAD7|PDE4D|TNFAIP3|TARDBP,-0.75
MyList,GO Biological Processes,19,GO:0010563,negative regulation of phosphorus metabolic process,,-2.7,5.6,4.4,28162,527,48,5,10,4.4,1843|4092|5144|7128|23435,DUSP1|SMAD7|PDE4D|TNFAIP3|TARDBP,-0.75
MyList,GO Biological Processes,19,GO:0006954,inflammatory response,,-2.7,4.5,4.1,28162,778,48,6,12,4.8,728|2353|6279|7128|7852|84807,C5AR1|FOS|S100A8|TNFAIP3|CXCR4|NFKBID,-0.75
MyList,GO Biological Processes,19,GO:0070665,positive regulation of leukocyte proliferation,,-2.7,12,5.5,28162,148,48,3,6.2,3.5,1880|3280|57162,GPR183|HES1|PELI1,-0.73
MyList,GO Biological Processes,19,GO:0046631,alpha-beta T cell activation,,-2.7,12,5.5,28162,149,48,3,6.2,3.5,1880|4092|84807,GPR183|SMAD7|NFKBID,-0.73
MyList,GO Biological Processes,19,GO:0051235,maintenance of location,,-2.7,7.4,4.7,28162,319,48,4,8.3,4,825|3685|5144|6279,CAPN3|ITGAV|PDE4D|S100A8,-0.73
MyList,GO Biological Processes,19,GO:0048638,regulation of developmental growth,,-2.7,7.4,4.7,28162,319,48,4,8.3,4,825|4092|7852|10018,CAPN3|SMAD7|CXCR4|BCL2L11,-0.73
MyList,GO Biological Processes,19,GO:0050871,positive regulation of B cell activation,,-2.7,12,5.4,28162,150,48,3,6.2,3.5,1880|57162|100423062,GPR183|PELI1|IGLL5,-0.72
MyList,GO Biological Processes,19,GO:0050777,negative regulation of immune response,,-2.7,12,5.4,28162,150,48,3,6.2,3.5,2|4092|7128,A2M|SMAD7|TNFAIP3,-0.72
MyList,GO Biological Processes,19,GO:0001655,urogenital system development,,-2.7,7.3,4.7,28162,321,48,4,8.3,4,3280|4092|6385|10018,HES1|SMAD7|SDC4|BCL2L11,-0.72
MyList,WikiPathways,27,WP2882,Nuclear Receptors Meta-Pathway,,-2.7,7.3,4.7,28162,322,48,4,8.3,4,1831|3280|7056|7128,TSC22D3|HES1|THBD|TNFAIP3,-0.72
MyList,GO Biological Processes,19,GO:0045859,regulation of protein kinase activity,,-2.6,4.4,4,28162,798,48,6,12,4.8,728|1843|4665|6385|7128|7852,C5AR1|DUSP1|NAB2|SDC4|TNFAIP3|CXCR4,-0.71
MyList,GO Biological Processes,19,GO:0031123,RNA 3'-end processing,,-2.6,12,5.4,28162,153,48,3,6.2,3.5,9877|55197|58490,ZC3H11A|RPRD1A|RPRD1B,-0.71
MyList,GO Biological Processes,19,GO:0042113,B cell activation,,-2.6,7.2,4.7,28162,326,48,4,8.3,4,1880|7128|57162|100423062,GPR183|TNFAIP3|PELI1|IGLL5,-0.7
MyList,GO Biological Processes,19,GO:0002822,regulation of adaptive immune response based on somatic recombination of immune receptors built from immunoglobulin superfamily domains,,-2.6,11,5.3,28162,155,48,3,6.2,3.5,4092|7128|84807,SMAD7|TNFAIP3|NFKBID,-0.69
MyList,GO Biological Processes,19,GO:0030335,positive regulation of cell migration,,-2.6,5.3,4.2,28162,550,48,5,10,4.4,728|3685|6615|7852|8013,C5AR1|ITGAV|SNAI1|CXCR4|NR4A3,-0.69
MyList,Reactome Gene Sets,6,R-HSA-168898,Toll-like Receptor Cascades,,-2.6,11,5.3,28162,157,48,3,6.2,3.5,2353|6279|57162,FOS|S100A8|PELI1,-0.68
MyList,GO Biological Processes,19,GO:0034614,cellular response to reactive oxygen species,,-2.6,11,5.3,28162,159,48,3,6.2,3.5,2353|7128|8013,FOS|TNFAIP3|NR4A3,-0.67
MyList,GO Biological Processes,19,GO:0002224,toll-like receptor signaling pathway,,-2.6,11,5.2,28162,160,48,3,6.2,3.5,6279|7128|57162,S100A8|TNFAIP3|PELI1,-0.66
MyList,GO Biological Processes,19,GO:0001701,in utero embryonic development,,-2.6,7,4.6,28162,337,48,4,8.3,4,3280|6615|8061|10018,HES1|SNAI1|FOSL1|BCL2L11,-0.66
MyList,GO Biological Processes,19,GO:0030307,positive regulation of cell growth,,-2.6,11,5.2,28162,161,48,3,6.2,3.5,4092|6279|7852,SMAD7|S100A8|CXCR4,-0.66
MyList,GO Biological Processes,19,GO:1903034,regulation of response to wounding,,-2.6,11,5.2,28162,164,48,3,6.2,3.5,7056|7128|7852,THBD|TNFAIP3|CXCR4,-0.63
MyList,GO Biological Processes,19,GO:2000147,positive regulation of cell motility,,-2.5,5.1,4.1,28162,574,48,5,10,4.4,728|3685|6615|7852|8013,C5AR1|ITGAV|SNAI1|CXCR4|NR4A3,-0.62
MyList,GO Biological Processes,19,GO:0043009,chordate embryonic development,,-2.5,5.1,4.1,28162,575,48,5,10,4.4,3280|6385|6615|8061|10018,HES1|SDC4|SNAI1|FOSL1|BCL2L11,-0.62
MyList,GO Biological Processes,19,GO:0042129,regulation of T cell proliferation,,-2.5,10,5.1,28162,168,48,3,6.2,3.5,3280|6385|57162,HES1|SDC4|PELI1,-0.61
MyList,GO Biological Processes,19,GO:0006936,muscle contraction,,-2.5,6.7,4.4,28162,352,48,4,8.3,4,444|4092|5144|7852,ASPH|SMAD7|PDE4D|CXCR4,-0.6
MyList,GO Biological Processes,19,GO:0002819,regulation of adaptive immune response,,-2.5,10,5.1,28162,170,48,3,6.2,3.5,4092|7128|84807,SMAD7|TNFAIP3|NFKBID,-0.6
MyList,GO Biological Processes,19,GO:0048639,positive regulation of developmental growth,,-2.5,10,5.1,28162,170,48,3,6.2,3.5,825|4092|7852,CAPN3|SMAD7|CXCR4,-0.6
MyList,GO Biological Processes,19,GO:0051272,positive regulation of cellular component movement,,-2.5,5,4,28162,586,48,5,10,4.4,728|3685|6615|7852|8013,C5AR1|ITGAV|SNAI1|CXCR4|NR4A3,-0.59
MyList,GO Biological Processes,19,GO:0040017,positive regulation of locomotion,,-2.5,5,4,28162,587,48,5,10,4.4,728|3685|6615|7852|8013,C5AR1|ITGAV|SNAI1|CXCR4|NR4A3,-0.59
MyList,GO Biological Processes,19,GO:0061025,membrane fusion,,-2.5,10,5,28162,172,48,3,6.2,3.5,6804|7852|26276,STX1A|CXCR4|VPS33B,-0.59
MyList,GO Biological Processes,19,GO:0042493,response to drug,,-2.5,6.5,4.4,28162,359,48,4,8.3,4,2353|2354|7852|8061,FOS|FOSB|CXCR4|FOSL1,-0.58
MyList,GO Biological Processes,19,GO:0044057,regulation of system process,,-2.5,5,4,28162,592,48,5,10,4.4,444|4092|5144|6804|8013,ASPH|SMAD7|PDE4D|STX1A|NR4A3,-0.58
MyList,GO Biological Processes,19,GO:0009615,response to virus,,-2.5,6.5,4.3,28162,361,48,4,8.3,4,5366|7128|7852|8061,PMAIP1|TNFAIP3|CXCR4|FOSL1,-0.58
MyList,GO Biological Processes,19,GO:0009792,embryo development ending in birth or egg hatching,,-2.5,4.9,4,28162,594,48,5,10,4.4,3280|6385|6615|8061|10018,HES1|SDC4|SNAI1|FOSL1|BCL2L11,-0.57
MyList,GO Biological Processes,19,GO:0006941,striated muscle contraction,,-2.5,10,4.9,28162,176,48,3,6.2,3.5,4092|5144|7852,SMAD7|PDE4D|CXCR4,-0.57
MyList,GO Biological Processes,19,GO:0006956,complement activation,,-2.5,9.8,4.9,28162,179,48,3,6.2,3.5,2|728|100423062,A2M|C5AR1|IGLL5,-0.55
MyList,GO Biological Processes,19,GO:0002460,adaptive immune response based on somatic recombination of immune receptors built from immunoglobulin superfamily domains,,-2.4,6.4,4.3,28162,369,48,4,8.3,4,4092|7128|84807|100423062,SMAD7|TNFAIP3|NFKBID|IGLL5,-0.55
MyList,Reactome Gene Sets,6,R-HSA-983169,Class I MHC mediated antigen processing & presentation,,-2.4,6.2,4.2,28162,377,48,4,8.3,4,3685|4688|6279|51132,ITGAV|NCF2|S100A8|RLIM,-0.52
MyList,WikiPathways,27,WP2877,Vitamin D Receptor Pathway,,-2.4,9.5,4.8,28162,185,48,3,6.2,3.5,6279|7056|7128,S100A8|THBD|TNFAIP3,-0.52
MyList,GO Biological Processes,19,GO:0071248,cellular response to metal ion,,-2.4,9.3,4.7,28162,189,48,3,6.2,3.5,825|2353|2354,CAPN3|FOS|FOSB,-0.49
MyList,GO Biological Processes,19,GO:0022408,negative regulation of cell-cell adhesion,,-2.4,9.3,4.7,28162,189,48,3,6.2,3.5,4092|6385|57162,SMAD7|SDC4|PELI1,-0.49
MyList,GO Biological Processes,19,GO:0002285,lymphocyte activation involved in immune response,,-2.4,9.3,4.7,28162,190,48,3,6.2,3.5,1880|4092|84807,GPR183|SMAD7|NFKBID,-0.49
MyList,GO Biological Processes,19,GO:0031099,regeneration,,-2.4,9.2,4.7,28162,192,48,3,6.2,3.5,728|825|8013,C5AR1|CAPN3|NR4A3,-0.48
MyList,GO Biological Processes,19,GO:1901215,negative regulation of neuron death,,-2.3,9,4.6,28162,195,48,3,6.2,3.5,728|4929|8013,C5AR1|NR4A2|NR4A3,-0.46
MyList,GO Biological Processes,19,GO:0048729,tissue morphogenesis,,-2.3,4.6,3.8,28162,638,48,5,10,4.4,3280|4092|6385|6615|7852,HES1|SMAD7|SDC4|SNAI1|CXCR4,-0.46
MyList,GO Biological Processes,19,GO:0032102,negative regulation of response to external stimulus,,-2.3,6,4.1,28162,394,48,4,8.3,4,2|1843|7056|7128,A2M|DUSP1|THBD|TNFAIP3,-0.46
MyList,GO Biological Processes,19,GO:0042098,T cell proliferation,,-2.3,9,4.6,28162,196,48,3,6.2,3.5,3280|6385|57162,HES1|SDC4|PELI1,-0.46
MyList,GO Biological Processes,19,GO:0042594,response to starvation,,-2.3,9,4.6,28162,196,48,3,6.2,3.5,467|5366|7538,ATF3|PMAIP1|ZFP36,-0.46
MyList,GO Biological Processes,19,GO:0043523,regulation of neuron apoptotic process,,-2.3,8.9,4.6,28162,197,48,3,6.2,3.5,728|4929|10018,C5AR1|NR4A2|BCL2L11,-0.46
MyList,GO Biological Processes,19,GO:0043903,regulation of biological process involved in symbiotic interaction,,-2.3,8.9,4.6,28162,197,48,3,6.2,3.5,3685|7538|7852,ITGAV|ZFP36|CXCR4,-0.46
MyList,GO Biological Processes,19,GO:0071383,cellular response to steroid hormone stimulus,,-2.3,8.8,4.6,28162,201,48,3,6.2,3.5,7538|8013|10018,ZFP36|NR4A3|BCL2L11,-0.43
MyList,GO Biological Processes,19,GO:0043583,ear development,,-2.3,8.7,4.5,28162,202,48,3,6.2,3.5,3280|6385|10018,HES1|SDC4|BCL2L11,-0.43
MyList,GO Biological Processes,19,GO:0048608,reproductive structure development,,-2.3,5.8,4,28162,406,48,4,8.3,4,3280|6615|8061|10018,HES1|SNAI1|FOSL1|BCL2L11,-0.42
MyList,GO Biological Processes,19,GO:0050679,positive regulation of epithelial cell proliferation,,-2.3,8.7,4.5,28162,203,48,3,6.2,3.5,728|7128|8013,C5AR1|TNFAIP3|NR4A3,-0.42
MyList,GO Biological Processes,19,GO:0061458,reproductive system development,,-2.3,5.7,4,28162,409,48,4,8.3,4,3280|6615|8061|10018,HES1|SNAI1|FOSL1|BCL2L11,-0.42
MyList,GO Biological Processes,19,GO:0001558,regulation of cell growth,,-2.3,5.7,4,28162,409,48,4,8.3,4,2273|4092|6279|7852,FHL1|SMAD7|S100A8|CXCR4,-0.42
MyList,GO Biological Processes,19,GO:0006816,calcium ion transport,,-2.3,5.7,4,28162,409,48,4,8.3,4,825|3685|5144|7852,CAPN3|ITGAV|PDE4D|CXCR4,-0.42
MyList,GO Biological Processes,19,GO:0031396,regulation of protein ubiquitination,,-2.3,8.6,4.5,28162,205,48,3,6.2,3.5,4092|7128|57162,SMAD7|TNFAIP3|PELI1,-0.42
MyList,GO Biological Processes,19,GO:0043281,regulation of cysteine-type endopeptidase activity involved in apoptotic process,,-2.3,8.5,4.5,28162,208,48,3,6.2,3.5,5366|6279|10018,PMAIP1|S100A8|BCL2L11,-0.4
MyList,GO Biological Processes,19,GO:0045596,negative regulation of cell differentiation,,-2.3,4.4,3.7,28162,666,48,5,10,4.4,3280|3685|4092|6615|7538,HES1|ITGAV|SMAD7|SNAI1|ZFP36,-0.4
MyList,GO Biological Processes,19,GO:0051651,maintenance of location in cell,,-2.3,8.4,4.4,28162,209,48,3,6.2,3.5,825|5144|6279,CAPN3|PDE4D|S100A8,-0.4
MyList,Reactome Gene Sets,6,R-HSA-5357801,Programmed Cell Death,,-2.3,8.4,4.4,28162,210,48,3,6.2,3.5,5366|10018|57162,PMAIP1|BCL2L11|PELI1,-0.4
MyList,GO Biological Processes,19,GO:0002221,pattern recognition receptor signaling pathway,,-2.2,8.3,4.4,28162,212,48,3,6.2,3.5,6279|7128|57162,S100A8|TNFAIP3|PELI1,-0.39
MyList,GO Biological Processes,19,GO:0030099,myeloid cell differentiation,,-2.2,5.6,3.9,28162,421,48,4,8.3,4,1880|2353|7538|8013,GPR183|FOS|ZFP36|NR4A3,-0.38
MyList,GO Biological Processes,19,GO:0071241,cellular response to inorganic substance,,-2.2,8.1,4.4,28162,216,48,3,6.2,3.5,825|2353|2354,CAPN3|FOS|FOSB,-0.37
MyList,GO Biological Processes,19,GO:0097529,myeloid leukocyte migration,,-2.2,8,4.3,28162,220,48,3,6.2,3.5,728|1843|6279,C5AR1|DUSP1|S100A8,-0.35
MyList,GO Biological Processes,19,GO:0051701,biological process involved in interaction with host,,-2.2,8,4.3,28162,220,48,3,6.2,3.5,3685|7852|10018,ITGAV|CXCR4|BCL2L11,-0.35
MyList,GO Biological Processes,19,GO:0001819,positive regulation of cytokine production,,-2.2,5.4,3.8,28162,437,48,4,8.3,4,728|5144|8013|57162,C5AR1|PDE4D|NR4A3|PELI1,-0.33
MyList,WikiPathways,27,WP3888,VEGFA-VEGFR2 Signaling Pathway,,-2.2,5.3,3.8,28162,439,48,4,8.3,4,3685|4688|4929|8013,ITGAV|NCF2|NR4A2|NR4A3,-0.33
MyList,GO Biological Processes,19,GO:0080135,regulation of cellular response to stress,,-2.2,4.2,3.5,28162,702,48,5,10,4.4,1843|5366|6615|8013|10018,DUSP1|PMAIP1|SNAI1|NR4A3|BCL2L11,-0.32
MyList,GO Biological Processes,19,GO:0007420,brain development,,-2.2,4.1,3.5,28162,710,48,5,10,4.4,728|3280|4929|7852|10018,C5AR1|HES1|NR4A2|CXCR4|BCL2L11,-0.3
MyList,GO Biological Processes,19,GO:0051402,neuron apoptotic process,,-2.1,7.7,4.2,28162,230,48,3,6.2,3.5,728|4929|10018,C5AR1|NR4A2|BCL2L11,-0.3
MyList,GO Biological Processes,19,GO:0043408,regulation of MAPK cascade,,-2.1,4.1,3.5,28162,712,48,5,10,4.4,467|728|1843|1880|7852,ATF3|C5AR1|DUSP1|GPR183|CXCR4,-0.3
MyList,GO Biological Processes,19,GO:0002250,adaptive immune response,,-2.1,4.1,3.5,28162,713,48,5,10,4.4,1880|4092|7128|84807|100423062,GPR183|SMAD7|TNFAIP3|NFKBID|IGLL5,-0.3
MyList,GO Biological Processes,19,GO:0007160,cell-matrix adhesion,,-2.1,7.6,4.2,28162,231,48,3,6.2,3.5,3685|6385|10018,ITGAV|SDC4|BCL2L11,-0.3
MyList,GO Biological Processes,19,GO:0048762,mesenchymal cell differentiation,,-2.1,7.6,4.2,28162,233,48,3,6.2,3.5,3280|4092|6615,HES1|SMAD7|SNAI1,-0.29
MyList,GO Biological Processes,19,GO:0071216,cellular response to biotic stimulus,,-2.1,7.6,4.2,28162,233,48,3,6.2,3.5,7128|7538|10018,TNFAIP3|ZFP36|BCL2L11,-0.29
MyList,GO Biological Processes,19,GO:1903039,positive regulation of leukocyte cell-cell adhesion,,-2.1,7.5,4.1,28162,234,48,3,6.2,3.5,3280|8013|84807,HES1|NR4A3|NFKBID,-0.29
MyList,GO Biological Processes,19,GO:0051924,regulation of calcium ion transport,,-2.1,7.4,4.1,28162,238,48,3,6.2,3.5,825|5144|7852,CAPN3|PDE4D|CXCR4,-0.27
MyList,GO Biological Processes,19,GO:0008544,epidermis development,,-2.1,5.1,3.6,28162,463,48,4,8.3,4,3280|4665|6615|7538,HES1|NAB2|SNAI1|ZFP36,-0.26
MyList,GO Biological Processes,19,GO:0003007,heart morphogenesis,,-2.1,7.3,4.1,28162,240,48,3,6.2,3.5,3280|4092|6615,HES1|SMAD7|SNAI1,-0.26
MyList,GO Biological Processes,19,GO:0051603,proteolysis involved in cellular protein catabolic process,,-2.1,4,3.4,28162,737,48,5,10,4.4,4092|5366|7128|51132|57162,SMAD7|PMAIP1|TNFAIP3|RLIM|PELI1,-0.25
MyList,GO Biological Processes,19,GO:0090257,regulation of muscle system process,,-2.1,7.2,4,28162,243,48,3,6.2,3.5,4092|5144|8013,SMAD7|PDE4D|NR4A3,-0.25
MyList,GO Biological Processes,19,GO:0043122,regulation of I-kappaB kinase/NF-kappaB signaling,,-2.1,7.2,4,28162,244,48,3,6.2,3.5,825|7128|57162,CAPN3|TNFAIP3|PELI1,-0.25
MyList,GO Biological Processes,19,GO:0008016,regulation of heart contraction,,-2.1,7.2,4,28162,246,48,3,6.2,3.5,444|4092|5144,ASPH|SMAD7|PDE4D,-0.24
MyList,GO Biological Processes,19,GO:0030217,T cell differentiation,,-2.1,7.2,4,28162,246,48,3,6.2,3.5,1880|4092|84807,GPR183|SMAD7|NFKBID,-0.24
MyList,GO Biological Processes,19,GO:0016049,cell growth,,-2.1,5,3.6,28162,473,48,4,8.3,4,2273|4092|6279|7852,FHL1|SMAD7|S100A8|CXCR4,-0.24
MyList,GO Biological Processes,19,GO:0010959,regulation of metal ion transport,,-2.1,7.1,4,28162,247,48,3,6.2,3.5,825|5144|7852,CAPN3|PDE4D|CXCR4,-0.24
MyList,GO Biological Processes,19,GO:0006352,"DNA-templated transcription, initiation",,-2.1,7.1,4,28162,249,48,3,6.2,3.5,4929|8013|8061,NR4A2|NR4A3|FOSL1,-0.23
MyList,GO Biological Processes,19,GO:0060322,head development,,-2.1,3.9,3.3,28162,751,48,5,10,4.4,728|3280|4929|7852|10018,C5AR1|HES1|NR4A2|CXCR4|BCL2L11,-0.23
MyList,GO Biological Processes,19,GO:0030001,metal ion transport,,-2,4.8,3.5,28162,486,48,4,8.3,4,825|3685|5144|7852,CAPN3|ITGAV|PDE4D|CXCR4,-0.2
MyList,Reactome Gene Sets,6,R-HSA-1280218,Adaptive Immune System,,-2,3.8,3.3,28162,763,48,5,10,4.4,3685|4688|6279|51132|84617,ITGAV|NCF2|S100A8|RLIM|TUBB6,-0.2
MyList,GO Biological Processes,19,GO:0045637,regulation of myeloid cell differentiation,,-2,6.8,3.9,28162,259,48,3,6.2,3.5,2353|7538|8013,FOS|ZFP36|NR4A3,-0.19
