Category,CategoryID,GO,Description,PARENT_GO,LogP,Enrichment,Z-score,#TotalGeneInLibrary,#GeneInGO,#GeneInHitList,#GeneInGOAndHitList,%InGO,STDV %InGO,GeneID,Hits,Log(q-value),GeneList
Reactome Gene Sets,6,R-HSA-1640170,Cell Cycle,,-18,6.1,13,28162,692,253,38,15,2.2,332|672|675|890|891|983|991|1063|2305|3161|4172|5516|5557|7153|7298|8318|8355|8697|9133|9212|9493|10112|11065|23397|29893|51512|54908|55166|55355|55957|57405|79023|80010|84057|113130|147841|157570|723790,BIRC5|BRCA1|BRCA2|CCNA2|CCNB1|CDK1|CDC20|CENPF|FOXM1|HMMR|MCM3|PPP2CB|PRIM1|TOP2A|TYMS|CDC45|H3C8|CDC23|CCNB2|AURKB|KIF23|KIF20A|UBE2C|NCAPH|PSMC3IP|GTSE1|SPDL1|CENPQ|HJURP|LIN37|SPC25|NUP37|RMI1|MND1|CDCA5|SPC24|ESCO2|H2AC19,-14,MyList
Reactome Gene Sets,6,R-HSA-69278,"Cell Cycle, Mitotic",,-16,6.3,12,28162,561,253,32,13,2.1,332|890|891|983|991|1063|2305|3161|4172|5516|5557|7153|7298|8318|8355|8697|9133|9212|9493|10112|11065|23397|51512|54908|55166|55957|57405|79023|113130|147841|157570|723790,BIRC5|CCNA2|CCNB1|CDK1|CDC20|CENPF|FOXM1|HMMR|MCM3|PPP2CB|PRIM1|TOP2A|TYMS|CDC45|H3C8|CDC23|CCNB2|AURKB|KIF23|KIF20A|UBE2C|NCAPH|GTSE1|SPDL1|CENPQ|LIN37|SPC25|NUP37|CDCA5|SPC24|ESCO2|H2AC19,-12,MyList
GO Biological Processes,19,GO:0007059,chromosome segregation,,-13,7.5,12,28162,340,253,23,9.1,1.8,332|672|891|991|1063|7153|8697|9212|9493|11065|23397|24137|54908|55165|55166|55355|57405|79023|80010|90417|113130|157313|157570,BIRC5|BRCA1|CCNB1|CDC20|CENPF|TOP2A|CDC23|AURKB|KIF23|UBE2C|NCAPH|KIF4A|SPDL1|CEP55|CENPQ|HJURP|SPC25|NUP37|RMI1|KNSTRN|CDCA5|CDCA2|ESCO2,-9.2,MyList
Reactome Gene Sets,6,R-HSA-69620,Cell Cycle Checkpoints,,-12,8,11,28162,294,253,21,8.3,1.7,332|672|890|891|983|991|1063|4172|5516|8318|8697|9133|9212|11065|51512|54908|55166|57405|79023|80010|147841,BIRC5|BRCA1|CCNA2|CCNB1|CDK1|CDC20|CENPF|MCM3|PPP2CB|CDC45|CDC23|CCNB2|AURKB|UBE2C|GTSE1|SPDL1|CENPQ|SPC25|NUP37|RMI1|SPC24,-8.7,MyList
GO Biological Processes,19,GO:0051301,cell division,,-11,5,9.5,28162,600,253,27,11,1.9,332|675|890|891|983|991|1063|1731|3925|7153|8697|9133|9212|9493|10112|11065|23397|24137|54908|55165|57405|79023|83461|90417|113130|147841|157313,BIRC5|BRCA2|CCNA2|CCNB1|CDK1|CDC20|CENPF|SEPTIN1|STMN1|TOP2A|CDC23|CCNB2|AURKB|KIF23|KIF20A|UBE2C|NCAPH|KIF4A|SPDL1|CEP55|SPC25|NUP37|CDCA3|KNSTRN|CDCA5|SPC24|CDCA2,-7.5,MyList
Reactome Gene Sets,6,R-HSA-2500257,Resolution of Sister Chromatid Cohesion,,-11,12,12,28162,126,253,14,5.5,1.4,332|891|983|991|1063|5516|9133|9212|54908|55166|57405|79023|113130|147841,BIRC5|CCNB1|CDK1|CDC20|CENPF|PPP2CB|CCNB2|AURKB|SPDL1|CENPQ|SPC25|NUP37|CDCA5|SPC24,-7.5,MyList
Canonical Pathways,11,M176,PID FOXM1 PATHWAY,,-10,25,14,28162,40,253,9,3.6,1.2,332|675|890|891|983|1063|2305|9133|9212,BIRC5|BRCA2|CCNA2|CCNB1|CDK1|CENPF|FOXM1|CCNB2|AURKB,-6.6,MyList
GO Biological Processes,19,GO:0000280,nuclear division,,-10,5.6,9.2,28162,440,253,22,8.7,1.8,675|891|983|991|1063|2059|7153|8697|9133|9212|9493|11065|23397|24137|25788|29893|54908|55165|80010|84057|90417|113130,BRCA2|CCNB1|CDK1|CDC20|CENPF|EPS8|TOP2A|CDC23|CCNB2|AURKB|KIF23|UBE2C|NCAPH|KIF4A|RAD54B|PSMC3IP|SPDL1|CEP55|RMI1|MND1|KNSTRN|CDCA5,-6.5,MyList
Reactome Gene Sets,6,R-HSA-68886,M Phase,,-9.6,5.6,9,28162,418,253,21,8.3,1.7,332|891|983|991|1063|5516|8355|8697|9133|9212|9493|10112|11065|23397|54908|55166|57405|79023|113130|147841|723790,BIRC5|CCNB1|CDK1|CDC20|CENPF|PPP2CB|H3C8|CDC23|CCNB2|AURKB|KIF23|KIF20A|UBE2C|NCAPH|SPDL1|CENPQ|SPC25|NUP37|CDCA5|SPC24|H2AC19,-6.2,MyList
WikiPathways,27,WP2446,Retinoblastoma Gene in Cancer,,-9.4,14,12,28162,88,253,11,4.3,1.3,890|891|983|3925|4172|5557|7153|7298|8318|9133|24137,CCNA2|CCNB1|CDK1|STMN1|MCM3|PRIM1|TOP2A|TYMS|CDC45|CCNB2|KIF4A,-6.1,MyList
Reactome Gene Sets,6,R-HSA-69618,Mitotic Spindle Checkpoint,,-9.3,12,11,28162,113,253,12,4.7,1.3,332|991|1063|5516|8697|9212|11065|54908|55166|57405|79023|147841,BIRC5|CDC20|CENPF|PPP2CB|CDC23|AURKB|UBE2C|SPDL1|CENPQ|SPC25|NUP37|SPC24,-6.1,MyList
GO Biological Processes,19,GO:0000819,sister chromatid segregation,,-9.3,8.3,9.9,28162,202,253,15,5.9,1.5,891|991|1063|7153|8697|9212|9493|11065|23397|24137|54908|55165|90417|113130|157570,CCNB1|CDC20|CENPF|TOP2A|CDC23|AURKB|KIF23|UBE2C|NCAPH|KIF4A|SPDL1|CEP55|KNSTRN|CDCA5|ESCO2,-6.1,MyList
Reactome Gene Sets,6,R-HSA-68882,Mitotic Anaphase,,-9.3,7.5,9.6,28162,236,253,16,6.3,1.5,332|891|983|991|1063|5516|8697|9133|9212|11065|54908|55166|57405|79023|113130|147841,BIRC5|CCNB1|CDK1|CDC20|CENPF|PPP2CB|CDC23|CCNB2|AURKB|UBE2C|SPDL1|CENPQ|SPC25|NUP37|CDCA5|SPC24,-6.1,MyList
Reactome Gene Sets,6,R-HSA-2555396,Mitotic Metaphase and Anaphase,,-9.3,7.5,9.6,28162,237,253,16,6.3,1.5,332|891|983|991|1063|5516|8697|9133|9212|11065|54908|55166|57405|79023|113130|147841,BIRC5|CCNB1|CDK1|CDC20|CENPF|PPP2CB|CDC23|CCNB2|AURKB|UBE2C|SPDL1|CENPQ|SPC25|NUP37|CDCA5|SPC24,-6.1,MyList
Reactome Gene Sets,6,R-HSA-68877,Mitotic Prometaphase,,-9.2,8.2,9.8,28162,204,253,15,5.9,1.5,332|891|983|991|1063|5516|9133|9212|23397|54908|55166|57405|79023|113130|147841,BIRC5|CCNB1|CDK1|CDC20|CENPF|PPP2CB|CCNB2|AURKB|NCAPH|SPDL1|CENPQ|SPC25|NUP37|CDCA5|SPC24,-6.1,MyList
GO Biological Processes,19,GO:0098813,nuclear chromosome segregation,,-9.2,6.9,9.3,28162,276,253,17,6.7,1.6,891|991|1063|7153|8697|9212|9493|11065|23397|24137|54908|55165|55166|80010|90417|113130|157570,CCNB1|CDC20|CENPF|TOP2A|CDC23|AURKB|KIF23|UBE2C|NCAPH|KIF4A|SPDL1|CEP55|CENPQ|RMI1|KNSTRN|CDCA5|ESCO2,-6,MyList
GO Biological Processes,19,GO:0048285,organelle fission,,-9.1,5,8.5,28162,490,253,22,8.7,1.8,675|891|983|991|1063|2059|7153|8697|9133|9212|9493|11065|23397|24137|25788|29893|54908|55165|80010|84057|90417|113130,BRCA2|CCNB1|CDK1|CDC20|CENPF|EPS8|TOP2A|CDC23|CCNB2|AURKB|KIF23|UBE2C|NCAPH|KIF4A|RAD54B|PSMC3IP|SPDL1|CEP55|RMI1|MND1|KNSTRN|CDCA5,-6,MyList
GO Biological Processes,19,GO:0000070,mitotic sister chromatid segregation,,-8.4,8.7,9.5,28162,167,253,13,5.1,1.4,891|991|1063|8697|9212|9493|11065|23397|24137|54908|55165|90417|113130,CCNB1|CDC20|CENPF|CDC23|AURKB|KIF23|UBE2C|NCAPH|KIF4A|SPDL1|CEP55|KNSTRN|CDCA5,-5.3,MyList
GO Biological Processes,19,GO:0044772,mitotic cell cycle phase transition,,-8.3,4.3,7.8,28162,595,253,23,9.1,1.8,672|890|891|983|991|1033|1063|2059|2305|3161|4172|5557|6659|7023|7298|8318|8697|9133|9212|11065|51512|54908|113130,BRCA1|CCNA2|CCNB1|CDK1|CDC20|CDKN3|CENPF|EPS8|FOXM1|HMMR|MCM3|PRIM1|SOX4|TFAP4|TYMS|CDC45|CDC23|CCNB2|AURKB|UBE2C|GTSE1|SPDL1|CDCA5,-5.2,MyList
GO Biological Processes,19,GO:0140014,mitotic nuclear division,,-7.8,5.9,8.2,28162,300,253,16,6.3,1.5,891|983|991|1063|2059|8697|9133|9212|9493|11065|23397|24137|54908|55165|90417|113130,CCNB1|CDK1|CDC20|CENPF|EPS8|CDC23|CCNB2|AURKB|KIF23|UBE2C|NCAPH|KIF4A|SPDL1|CEP55|KNSTRN|CDCA5,-4.8,MyList
Reactome Gene Sets,6,R-HSA-141444,Amplification  of signal from unattached  kinetochores via a MAD2  inhibitory signal,,-7.8,12,9.9,28162,96,253,10,4,1.2,332|991|1063|5516|9212|54908|55166|57405|79023|147841,BIRC5|CDC20|CENPF|PPP2CB|AURKB|SPDL1|CENPQ|SPC25|NUP37|SPC24,-4.8,MyList
Reactome Gene Sets,6,R-HSA-141424,Amplification of signal from the kinetochores,,-7.8,12,9.9,28162,96,253,10,4,1.2,332|991|1063|5516|9212|54908|55166|57405|79023|147841,BIRC5|CDC20|CENPF|PPP2CB|AURKB|SPDL1|CENPQ|SPC25|NUP37|SPC24,-4.8,MyList
Reactome Gene Sets,6,R-HSA-2467813,Separation of Sister Chromatids,,-7.7,7.6,8.7,28162,191,253,13,5.1,1.4,332|991|1063|5516|8697|9212|11065|54908|55166|57405|79023|113130|147841,BIRC5|CDC20|CENPF|PPP2CB|CDC23|AURKB|UBE2C|SPDL1|CENPQ|SPC25|NUP37|CDCA5|SPC24,-4.7,MyList
GO Biological Processes,19,GO:0044770,cell cycle phase transition,,-7.7,4,7.3,28162,641,253,23,9.1,1.8,672|890|891|983|991|1033|1063|2059|2305|3161|4172|5557|6659|7023|7298|8318|8697|9133|9212|11065|51512|54908|113130,BRCA1|CCNA2|CCNB1|CDK1|CDC20|CDKN3|CENPF|EPS8|FOXM1|HMMR|MCM3|PRIM1|SOX4|TFAP4|TYMS|CDC45|CDC23|CCNB2|AURKB|UBE2C|GTSE1|SPDL1|CDCA5,-4.7,MyList
Canonical Pathways,11,M14,PID AURORA B PATHWAY,,-7.3,20,11,28162,39,253,7,2.8,1,332|1731|3925|9212|9493|10112|23397,BIRC5|SEPTIN1|STMN1|AURKB|KIF23|KIF20A|NCAPH,-4.3,MyList
Reactome Gene Sets,6,R-HSA-69273,Cyclin A/B1/B2 associated events during G2/M transition,,-7.1,27,12,28162,25,253,6,2.4,0.96,890|891|983|2305|5516|9133,CCNA2|CCNB1|CDK1|FOXM1|PPP2CB|CCNB2,-4.2,MyList
Reactome Gene Sets,6,R-HSA-9648025,EML4 and NUDC in mitotic spindle formation,,-7,9.5,8.8,28162,117,253,10,4,1.2,332|991|1063|5516|9212|54908|55166|57405|79023|147841,BIRC5|CDC20|CENPF|PPP2CB|AURKB|SPDL1|CENPQ|SPC25|NUP37|SPC24,-4,MyList
GO Biological Processes,19,GO:0051310,metaphase plate congression,,-6.8,13,9.6,28162,67,253,8,3.2,1.1,891|1063|8697|9212|54908|55165|55166|113130,CCNB1|CENPF|CDC23|AURKB|SPDL1|CEP55|CENPQ|CDCA5,-3.9,MyList
GO Biological Processes,19,GO:0051304,chromosome separation,,-6.7,11,8.9,28162,95,253,9,3.6,1.2,891|991|1063|7153|8697|9212|11065|54908|80010,CCNB1|CDC20|CENPF|TOP2A|CDC23|AURKB|UBE2C|SPDL1|RMI1,-3.8,MyList
Reactome Gene Sets,6,R-HSA-156711,Polo-like kinase mediated events,,-6.6,35,13,28162,16,253,5,2,0.88,891|1063|2305|9133|55957,CCNB1|CENPF|FOXM1|CCNB2|LIN37,-3.8,MyList
Reactome Gene Sets,6,R-HSA-5663220,RHO GTPases Activate Formins,,-6.2,8,7.8,28162,140,253,10,4,1.2,332|991|1063|5516|9212|54908|55166|57405|79023|147841,BIRC5|CDC20|CENPF|PPP2CB|AURKB|SPDL1|CENPQ|SPC25|NUP37|SPC24,-3.4,MyList
GO Biological Processes,19,GO:0051303,establishment of chromosome localization,,-6.1,11,8.5,28162,82,253,8,3.2,1.1,891|1063|8697|9212|54908|55165|55166|113130,CCNB1|CENPF|CDC23|AURKB|SPDL1|CEP55|CENPQ|CDCA5,-3.3,MyList
GO Biological Processes,19,GO:0050000,chromosome localization,,-6,11,8.4,28162,84,253,8,3.2,1.1,891|1063|8697|9212|54908|55165|55166|113130,CCNB1|CENPF|CDC23|AURKB|SPDL1|CEP55|CENPQ|CDCA5,-3.2,MyList
GO Biological Processes,19,GO:0030071,regulation of mitotic metaphase/anaphase transition,,-6,13,8.9,28162,59,253,7,2.8,1,891|991|1063|8697|9212|11065|54908,CCNB1|CDC20|CENPF|CDC23|AURKB|UBE2C|SPDL1,-3.2,MyList
Reactome Gene Sets,6,R-HSA-453279,Mitotic G1 phase and G1/S transition,,-6,7.5,7.5,28162,149,253,10,4,1.2,890|891|983|4172|5516|5557|7153|7298|8318|55957,CCNA2|CCNB1|CDK1|MCM3|PPP2CB|PRIM1|TOP2A|TYMS|CDC45|LIN37,-3.2,MyList
GO Biological Processes,19,GO:0007091,metaphase/anaphase transition of mitotic cell cycle,,-5.9,13,8.8,28162,61,253,7,2.8,1,891|991|1063|8697|9212|11065|54908,CCNB1|CDC20|CENPF|CDC23|AURKB|UBE2C|SPDL1,-3.1,MyList
GO Biological Processes,19,GO:1902099,regulation of metaphase/anaphase transition of cell cycle,,-5.9,13,8.7,28162,62,253,7,2.8,1,891|991|1063|8697|9212|11065|54908,CCNB1|CDC20|CENPF|CDC23|AURKB|UBE2C|SPDL1,-3.1,MyList
GO Biological Processes,19,GO:0010965,regulation of mitotic sister chromatid separation,,-5.8,12,8.5,28162,64,253,7,2.8,1,891|991|1063|8697|9212|11065|54908,CCNB1|CDC20|CENPF|CDC23|AURKB|UBE2C|SPDL1,-3,MyList
GO Biological Processes,19,GO:0044784,metaphase/anaphase transition of cell cycle,,-5.8,12,8.5,28162,64,253,7,2.8,1,891|991|1063|8697|9212|11065|54908,CCNB1|CDC20|CENPF|CDC23|AURKB|UBE2C|SPDL1,-3,MyList
Reactome Gene Sets,6,R-HSA-2514853,Condensation of Prometaphase Chromosomes,,-5.7,40,12,28162,11,253,4,1.6,0.78,891|983|9133|23397,CCNB1|CDK1|CCNB2|NCAPH,-2.9,MyList
Reactome Gene Sets,6,R-HSA-174048,APC/C:Cdc20 mediated degradation of Cyclin B,,-5.7,23,10,28162,24,253,5,2,0.88,891|983|991|8697|11065,CCNB1|CDK1|CDC20|CDC23|UBE2C,-2.9,MyList
GO Biological Processes,19,GO:0051306,mitotic sister chromatid separation,,-5.7,12,8.4,28162,66,253,7,2.8,1,891|991|1063|8697|9212|11065|54908,CCNB1|CDC20|CENPF|CDC23|AURKB|UBE2C|SPDL1,-2.9,MyList
Reactome Gene Sets,6,R-HSA-69206,G1/S Transition,,-5.5,7.6,7.3,28162,131,253,9,3.6,1.2,890|891|983|4172|5516|5557|7298|8318|55957,CCNA2|CCNB1|CDK1|MCM3|PPP2CB|PRIM1|TYMS|CDC45|LIN37,-2.8,MyList
GO Biological Processes,19,GO:0033045,regulation of sister chromatid segregation,,-5.5,11,8,28162,71,253,7,2.8,1,891|991|1063|8697|9212|11065|54908,CCNB1|CDC20|CENPF|CDC23|AURKB|UBE2C|SPDL1,-2.7,MyList
GO Biological Processes,19,GO:1905818,regulation of chromosome separation,,-5.5,11,8,28162,71,253,7,2.8,1,891|991|1063|8697|9212|11065|54908,CCNB1|CDC20|CENPF|CDC23|AURKB|UBE2C|SPDL1,-2.7,MyList
GO Biological Processes,19,GO:0030330,"DNA damage response, signal transduction by p53 class mediator",,-5.3,8.4,7.3,28162,106,253,8,3.2,1.1,672|675|891|983|2305|6659|7023|51512,BRCA1|BRCA2|CCNB1|CDK1|FOXM1|SOX4|TFAP4|GTSE1,-2.6,MyList
Reactome Gene Sets,6,R-HSA-69478,G2/M DNA replication checkpoint,,-5.2,67,14,28162,5,253,3,1.2,0.68,891|983|9133,CCNB1|CDK1|CCNB2,-2.5,MyList
GO Biological Processes,19,GO:0007080,mitotic metaphase plate congression,,-5.1,13,8,28162,53,253,6,2.4,0.96,891|8697|9212|54908|55165|113130,CCNB1|CDC23|AURKB|SPDL1|CEP55|CDCA5,-2.4,MyList
WikiPathways,27,WP4016,DNA IR-damage and cellular response via ATR,,-5.1,9.6,7.4,28162,81,253,7,2.8,1,672|675|983|2305|8318|50485|80010,BRCA1|BRCA2|CDK1|FOXM1|CDC45|SMARCAL1|RMI1,-2.4,MyList
GO Biological Processes,19,GO:0000226,microtubule cytoskeleton organization,,-4.9,3.3,5.4,28162,610,253,18,7.1,1.6,402|672|675|891|983|991|3925|8045|9133|9212|9493|10112|24137|54908|57405|79969|90417|643699,ARL2|BRCA1|BRCA2|CCNB1|CDK1|CDC20|STMN1|RASSF7|CCNB2|AURKB|KIF23|KIF20A|KIF4A|SPDL1|SPC25|ATAT1|KNSTRN|GOLGA8N,-2.3,MyList
Reactome Gene Sets,6,R-HSA-69275,G2/M Transition,,-4.9,5.7,6.3,28162,196,253,10,4,1.2,890|891|983|1063|2305|3161|5516|9133|51512|55957,CCNA2|CCNB1|CDK1|CENPF|FOXM1|HMMR|PPP2CB|CCNB2|GTSE1|LIN37,-2.3,MyList
Reactome Gene Sets,6,R-HSA-453274,Mitotic G2-G2/M phases,,-4.9,5.6,6.2,28162,198,253,10,4,1.2,890|891|983|1063|2305|3161|5516|9133|51512|55957,CCNA2|CCNB1|CDK1|CENPF|FOXM1|HMMR|PPP2CB|CCNB2|GTSE1|LIN37,-2.2,MyList
GO Biological Processes,19,GO:0006978,"DNA damage response, signal transduction by p53 class mediator resulting in transcription of p21 class mediator",,-4.9,26,9.9,28162,17,253,4,1.6,0.78,672|675|2305|7023,BRCA1|BRCA2|FOXM1|TFAP4,-2.2,MyList
Reactome Gene Sets,6,R-HSA-176417,Phosphorylation of Emi1,,-4.9,56,13,28162,6,253,3,1.2,0.68,891|983|991,CCNB1|CDK1|CDC20,-2.2,MyList
CORUM,33,CORUM:310,Cell cycle kinase complex CDC2,,-4.9,56,13,28162,6,253,3,1.2,0.68,891|983|9133,CCNB1|CDK1|CCNB2,-2.2,MyList
GO Biological Processes,19,GO:0007093,mitotic cell cycle checkpoint,,-4.8,6.3,6.4,28162,159,253,9,3.6,1.2,672|891|983|991|1063|6659|9212|51512|54908,BRCA1|CCNB1|CDK1|CDC20|CENPF|SOX4|AURKB|GTSE1|SPDL1,-2.2,MyList
Reactome Gene Sets,6,R-HSA-453276,Regulation of mitotic cell cycle,,-4.8,8.9,7,28162,88,253,7,2.8,1,890|891|983|991|8697|9212|11065,CCNA2|CCNB1|CDK1|CDC20|CDC23|AURKB|UBE2C,-2.2,MyList
Reactome Gene Sets,6,R-HSA-174143,APC/C-mediated degradation of cell cycle proteins,,-4.8,8.9,7,28162,88,253,7,2.8,1,890|891|983|991|8697|9212|11065,CCNA2|CCNB1|CDK1|CDC20|CDC23|AURKB|UBE2C,-2.2,MyList
WikiPathways,27,WP179,Cell Cycle,,-4.8,7.3,6.6,28162,122,253,8,3.2,1.1,890|891|983|991|4172|8318|8697|9133,CCNA2|CCNB1|CDK1|CDC20|MCM3|CDC45|CDC23|CCNB2,-2.2,MyList
GO Biological Processes,19,GO:0051983,regulation of chromosome segregation,,-4.8,8.8,7,28162,89,253,7,2.8,1,891|991|1063|8697|9212|11065|54908,CCNB1|CDC20|CENPF|CDC23|AURKB|UBE2C|SPDL1,-2.2,MyList
GO Biological Processes,19,GO:0007051,spindle organization,,-4.8,5.5,6.1,28162,203,253,10,4,1.2,891|991|3925|9133|9212|9493|24137|57405|90417|643699,CCNB1|CDC20|STMN1|CCNB2|AURKB|KIF23|KIF4A|SPC25|KNSTRN|GOLGA8N,-2.2,MyList
Reactome Gene Sets,6,R-HSA-69242,S Phase,,-4.8,6.2,6.3,28162,162,253,9,3.6,1.2,890|4172|5557|8318|8697|11065|55957|113130|157570,CCNA2|MCM3|PRIM1|CDC45|CDC23|UBE2C|LIN37|CDCA5|ESCO2,-2.2,MyList
KEGG Pathway,24,hsa04110,Cell cycle ,,-4.8,7.2,6.6,28162,124,253,8,3.2,1.1,890|891|983|991|4172|8318|8697|9133,CCNA2|CCNB1|CDK1|CDC20|MCM3|CDC45|CDC23|CCNB2,-2.2,MyList
KEGG Pathway,24,ko04110,Cell cycle,,-4.8,7.2,6.6,28162,124,253,8,3.2,1.1,890|891|983|991|4172|8318|8697|9133,CCNA2|CCNB1|CDK1|CDC20|MCM3|CDC45|CDC23|CCNB2,-2.2,MyList
GO Biological Processes,19,GO:0042772,"DNA damage response, signal transduction resulting in transcription",,-4.8,25,9.6,28162,18,253,4,1.6,0.78,672|675|2305|7023,BRCA1|BRCA2|FOXM1|TFAP4,-2.2,MyList
GO Biological Processes,19,GO:0034502,protein localization to chromosome,,-4.7,8.6,6.9,28162,91,253,7,2.8,1,675|983|9212|54908|55166|113130|157570,BRCA2|CDK1|AURKB|SPDL1|CENPQ|CDCA5|ESCO2,-2.2,MyList
GO Biological Processes,19,GO:2001251,negative regulation of chromosome organization,,-4.7,8.6,6.9,28162,91,253,7,2.8,1,891|991|1063|7153|9212|54908|548593,CCNB1|CDC20|CENPF|TOP2A|AURKB|SPDL1|SLX1A,-2.2,MyList
GO Biological Processes,19,GO:0071173,spindle assembly checkpoint,,-4.7,15,8.1,28162,37,253,5,2,0.88,891|991|1063|9212|54908,CCNB1|CDC20|CENPF|AURKB|SPDL1,-2.2,MyList
GO Biological Processes,19,GO:0007094,mitotic spindle assembly checkpoint,,-4.7,15,8.1,28162,37,253,5,2,0.88,891|991|1063|9212|54908,CCNB1|CDC20|CENPF|AURKB|SPDL1,-2.2,MyList
GO Biological Processes,19,GO:0071174,mitotic spindle checkpoint,,-4.7,15,8.1,28162,37,253,5,2,0.88,891|991|1063|9212|54908,CCNB1|CDC20|CENPF|AURKB|SPDL1,-2.2,MyList
GO Biological Processes,19,GO:0071103,DNA conformation change,,-4.7,4.1,5.6,28162,352,253,13,5.1,1.4,891|2968|4172|7153|7290|8355|23397|25788|50485|55166|55355|55723|113130,CCNB1|GTF2H4|MCM3|TOP2A|HIRA|H3C8|NCAPH|RAD54B|SMARCAL1|CENPQ|HJURP|ASF1B|CDCA5,-2.2,MyList
GO Biological Processes,19,GO:0000075,cell cycle checkpoint,,-4.7,5.3,6,28162,209,253,10,4,1.2,672|891|983|991|1063|6659|8318|9212|51512|54908,BRCA1|CCNB1|CDK1|CDC20|CENPF|SOX4|CDC45|AURKB|GTSE1|SPDL1,-2.2,MyList
GO Biological Processes,19,GO:0031577,spindle checkpoint,,-4.7,15,8,28162,38,253,5,2,0.88,891|991|1063|9212|54908,CCNB1|CDC20|CENPF|AURKB|SPDL1,-2.2,MyList
GO Biological Processes,19,GO:0034501,protein localization to kinetochore,,-4.7,23,9.3,28162,19,253,4,1.6,0.78,983|9212|54908|55166,CDK1|AURKB|SPDL1|CENPQ,-2.2,MyList
Reactome Gene Sets,6,R-HSA-2980767,"Activation of NIMA Kinases NEK9, NEK6, NEK7",,-4.6,48,12,28162,7,253,3,1.2,0.68,891|983|9133,CCNB1|CDK1|CCNB2,-2.1,MyList
GO Biological Processes,19,GO:0045841,negative regulation of mitotic metaphase/anaphase transition,,-4.6,14,7.9,28162,39,253,5,2,0.88,891|991|1063|9212|54908,CCNB1|CDC20|CENPF|AURKB|SPDL1,-2.1,MyList
GO Biological Processes,19,GO:0042770,signal transduction in response to DNA damage,,-4.6,6.8,6.3,28162,131,253,8,3.2,1.1,672|675|891|983|2305|6659|7023|51512,BRCA1|BRCA2|CCNB1|CDK1|FOXM1|SOX4|TFAP4|GTSE1,-2.1,MyList
GO Biological Processes,19,GO:0009615,response to virus,,-4.6,4,5.5,28162,361,253,13,5.1,1.4,661|2537|3437|3627|3925|5450|6041|7268|9447|9582|51728|55601|64108,POLR3D|IFI6|IFIT3|CXCL10|STMN1|POU2AF1|RNASEL|TTC4|AIM2|APOBEC3B|POLR3K|DDX60|RTP4,-2.1,MyList
Reactome Gene Sets,6,R-HSA-176412,Phosphorylation of the APC/C,,-4.6,22,9.1,28162,20,253,4,1.6,0.78,891|983|8697|11065,CCNB1|CDK1|CDC23|UBE2C,-2.1,MyList
GO Biological Processes,19,GO:0051607,defense response to virus,,-4.6,4.7,5.7,28162,262,253,11,4.3,1.3,661|2537|3437|3627|6041|7268|9447|9582|51728|55601|64108,POLR3D|IFI6|IFIT3|CXCL10|RNASEL|TTC4|AIM2|APOBEC3B|POLR3K|DDX60|RTP4,-2.1,MyList
GO Biological Processes,19,GO:0140546,defense response to symbiont,,-4.6,4.7,5.7,28162,262,253,11,4.3,1.3,661|2537|3437|3627|6041|7268|9447|9582|51728|55601|64108,POLR3D|IFI6|IFIT3|CXCL10|RNASEL|TTC4|AIM2|APOBEC3B|POLR3K|DDX60|RTP4,-2.1,MyList
GO Biological Processes,19,GO:0072331,signal transduction by p53 class mediator,,-4.5,4.6,5.7,28162,264,253,11,4.3,1.3,672|675|891|983|2305|6659|7023|9212|51512|80010|80237,BRCA1|BRCA2|CCNB1|CDK1|FOXM1|SOX4|TFAP4|AURKB|GTSE1|RMI1|ELL3,-2.1,MyList
GO Biological Processes,19,GO:0061640,cytoskeleton-dependent cytokinesis,,-4.5,8,6.6,28162,98,253,7,2.8,1,1731|3925|9212|9493|10112|24137|55165,SEPTIN1|STMN1|AURKB|KIF23|KIF20A|KIF4A|CEP55,-2.1,MyList
GO Biological Processes,19,GO:1902100,negative regulation of metaphase/anaphase transition of cell cycle,,-4.5,14,7.7,28162,41,253,5,2,0.88,891|991|1063|9212|54908,CCNB1|CDC20|CENPF|AURKB|SPDL1,-2.1,MyList
GO Biological Processes,19,GO:0006302,double-strand break repair,,-4.5,4.6,5.6,28162,268,253,11,4.3,1.3,672|675|2305|4172|8318|25788|50485|80010|113130|157570|548593,BRCA1|BRCA2|FOXM1|MCM3|CDC45|RAD54B|SMARCAL1|RMI1|CDCA5|ESCO2|SLX1A,-2,MyList
GO Biological Processes,19,GO:0033046,negative regulation of sister chromatid segregation,,-4.4,13,7.6,28162,42,253,5,2,0.88,891|991|1063|9212|54908,CCNB1|CDC20|CENPF|AURKB|SPDL1,-2,MyList
GO Biological Processes,19,GO:0033048,negative regulation of mitotic sister chromatid segregation,,-4.4,13,7.6,28162,42,253,5,2,0.88,891|991|1063|9212|54908,CCNB1|CDC20|CENPF|AURKB|SPDL1,-2,MyList
GO Biological Processes,19,GO:2000816,negative regulation of mitotic sister chromatid separation,,-4.4,13,7.6,28162,42,253,5,2,0.88,891|991|1063|9212|54908,CCNB1|CDC20|CENPF|AURKB|SPDL1,-2,MyList
GO Biological Processes,19,GO:0051256,mitotic spindle midzone assembly,,-4.4,42,11,28162,8,253,3,1.2,0.68,9212|9493|24137,AURKB|KIF23|KIF4A,-2,MyList
GO Biological Processes,19,GO:0033044,regulation of chromosome organization,,-4.4,4.5,5.5,28162,273,253,11,4.3,1.3,672|891|991|1063|7153|8697|9212|11065|54908|113130|548593,BRCA1|CCNB1|CDC20|CENPF|TOP2A|CDC23|AURKB|UBE2C|SPDL1|CDCA5|SLX1A,-2,MyList
Reactome Gene Sets,6,R-HSA-113510,E2F mediated regulation of DNA replication,,-4.4,20,8.6,28162,22,253,4,1.6,0.78,891|983|5516|5557,CCNB1|CDK1|PPP2CB|PRIM1,-2,MyList
Reactome Gene Sets,6,R-HSA-195258,RHO GTPase Effectors,,-4.3,4.1,5.3,28162,327,253,12,4.7,1.3,332|991|1063|5516|8355|9212|54908|55166|57405|79023|147841|723790,BIRC5|CDC20|CENPF|PPP2CB|H3C8|AURKB|SPDL1|CENPQ|SPC25|NUP37|SPC24|H2AC19,-2,MyList
GO Biological Processes,19,GO:1905819,negative regulation of chromosome separation,,-4.3,13,7.4,28162,44,253,5,2,0.88,891|991|1063|9212|54908,CCNB1|CDC20|CENPF|AURKB|SPDL1,-2,MyList
GO Biological Processes,19,GO:0051985,negative regulation of chromosome segregation,,-4.3,13,7.4,28162,44,253,5,2,0.88,891|991|1063|9212|54908,CCNB1|CDC20|CENPF|AURKB|SPDL1,-2,MyList
GO Biological Processes,19,GO:1901990,regulation of mitotic cell cycle phase transition,,-4.3,3.5,5.1,28162,439,253,14,5.5,1.4,672|891|983|991|1063|3161|6659|7023|8697|9212|11065|51512|54908|113130,BRCA1|CCNB1|CDK1|CDC20|CENPF|HMMR|SOX4|TFAP4|CDC23|AURKB|UBE2C|GTSE1|SPDL1|CDCA5,-1.9,MyList
GO Biological Processes,19,GO:0033047,regulation of mitotic sister chromatid segregation,,-4.3,12,7.3,28162,45,253,5,2,0.88,891|991|1063|9212|54908,CCNB1|CDC20|CENPF|AURKB|SPDL1,-1.9,MyList
GO Biological Processes,19,GO:0006260,DNA replication,,-4.3,4.4,5.4,28162,281,253,11,4.3,1.3,672|675|890|983|4172|5557|8318|50485|80010|157570|201973,BRCA1|BRCA2|CCNA2|CDK1|MCM3|PRIM1|CDC45|SMARCAL1|RMI1|ESCO2|PRIMPOL,-1.9,MyList
GO Biological Processes,19,GO:0071824,protein-DNA complex subunit organization,,-4.3,4.4,5.4,28162,281,253,11,4.3,1.3,1063|2968|4172|4778|6944|7290|8318|8355|55166|55355|55723,CENPF|GTF2H4|MCM3|NFE2|VPS72|HIRA|CDC45|H3C8|CENPQ|HJURP|ASF1B,-1.9,MyList
GO Biological Processes,19,GO:1902850,microtubule cytoskeleton organization involved in mitosis,,-4.3,6.1,5.9,28162,146,253,8,3.2,1.1,891|991|3925|9212|9493|24137|54908|57405,CCNB1|CDC20|STMN1|AURKB|KIF23|KIF4A|SPDL1|SPC25,-1.9,MyList
GO Biological Processes,19,GO:0071156,regulation of cell cycle arrest,,-4.3,7.2,6.2,28162,108,253,7,2.8,1,672|891|983|2305|6659|7023|51512,BRCA1|CCNB1|CDK1|FOXM1|SOX4|TFAP4|GTSE1,-1.9,MyList
Canonical Pathways,11,M129,PID PLK1 PATHWAY,,-4.2,12,7.2,28162,46,253,5,2,0.88,891|983|991|10112|147841,CCNB1|CDK1|CDC20|KIF20A|SPC24,-1.9,MyList
GO Biological Processes,19,GO:0051231,spindle elongation,,-4.2,37,10,28162,9,253,3,1.2,0.68,9212|9493|24137,AURKB|KIF23|KIF4A,-1.9,MyList
GO Biological Processes,19,GO:0000022,mitotic spindle elongation,,-4.2,37,10,28162,9,253,3,1.2,0.68,9212|9493|24137,AURKB|KIF23|KIF4A,-1.9,MyList
GO Biological Processes,19,GO:0045839,negative regulation of mitotic nuclear division,,-4.2,12,7.1,28162,47,253,5,2,0.88,891|991|1063|9212|54908,CCNB1|CDC20|CENPF|AURKB|SPDL1,-1.9,MyList
Reactome Gene Sets,6,R-HSA-176409,APC/C:Cdc20 mediated degradation of mitotic proteins,,-4.2,8.8,6.5,28162,76,253,6,2.4,0.96,890|891|983|991|8697|11065,CCNA2|CCNB1|CDK1|CDC20|CDC23|UBE2C,-1.9,MyList
GO Biological Processes,19,GO:0045787,positive regulation of cell cycle,,-4.2,3.7,5.1,28162,395,253,13,5.1,1.4,672|675|891|983|6659|7023|7051|8697|9212|9493|11065|51512|113130,BRCA1|BRCA2|CCNB1|CDK1|SOX4|TFAP4|TGM1|CDC23|AURKB|KIF23|UBE2C|GTSE1|CDCA5,-1.8,MyList
Reactome Gene Sets,6,R-HSA-176814,Activation of APC/C and APC/C:Cdc20 mediated degradation of mitotic proteins,,-4.2,8.7,6.4,28162,77,253,6,2.4,0.96,890|891|983|991|8697|11065,CCNA2|CCNB1|CDK1|CDC20|CDC23|UBE2C,-1.8,MyList
GO Biological Processes,19,GO:0071459,"protein localization to chromosome, centromeric region",,-4.2,18,8,28162,25,253,4,1.6,0.78,983|9212|54908|55166,CDK1|AURKB|SPDL1|CENPQ,-1.8,MyList
GO Biological Processes,19,GO:0010639,negative regulation of organelle organization,,-4.1,3.9,5.1,28162,346,253,12,4.7,1.3,672|891|991|1063|2059|3925|7153|9212|11344|51474|54908|548593,BRCA1|CCNB1|CDC20|CENPF|EPS8|STMN1|TOP2A|AURKB|TWF2|LIMA1|SPDL1|SLX1A,-1.8,MyList
Reactome Gene Sets,6,R-HSA-2465910,MASTL Facilitates Mitotic Progression,,-4.1,33,9.8,28162,10,253,3,1.2,0.68,891|983|5516,CCNB1|CDK1|PPP2CB,-1.8,MyList
Reactome Gene Sets,6,R-HSA-176408,Regulation of APC/C activators between G1/S and early anaphase,,-4,8.2,6.2,28162,81,253,6,2.4,0.96,890|891|983|991|8697|11065,CCNA2|CCNB1|CDK1|CDC20|CDC23|UBE2C,-1.7,MyList
GO Biological Processes,19,GO:0006310,DNA recombination,,-4,4.1,5.1,28162,300,253,11,4.3,1.3,672|675|4172|7153|8318|25788|27301|29893|80010|84057|548593,BRCA1|BRCA2|MCM3|TOP2A|CDC45|RAD54B|APEX2|PSMC3IP|RMI1|MND1|SLX1A,-1.7,MyList
Reactome Gene Sets,6,R-HSA-1538133,G0 and Early G1,,-4,16,7.7,28162,27,253,4,1.6,0.78,890|983|7153|55957,CCNA2|CDK1|TOP2A|LIN37,-1.7,MyList
GO Biological Processes,19,GO:0031145,anaphase-promoting complex-dependent catabolic process,,-4,8,6.1,28162,83,253,6,2.4,0.96,891|983|991|8697|9212|11065,CCNB1|CDK1|CDC20|CDC23|AURKB|UBE2C,-1.7,MyList
GO Biological Processes,19,GO:0010564,regulation of cell cycle process,,-4,2.7,4.6,28162,789,253,19,7.5,1.7,672|675|891|983|991|1063|2305|3161|6659|7023|8697|9212|9493|10112|11065|51512|54908|90417|113130,BRCA1|BRCA2|CCNB1|CDK1|CDC20|CENPF|FOXM1|HMMR|SOX4|TFAP4|CDC23|AURKB|KIF23|KIF20A|UBE2C|GTSE1|SPDL1|KNSTRN|CDCA5,-1.7,MyList
GO Biological Processes,19,GO:0010458,exit from mitosis,,-4,16,7.5,28162,28,253,4,1.6,0.78,2059|8697|11065|113130,EPS8|CDC23|UBE2C|CDCA5,-1.7,MyList
Reactome Gene Sets,6,R-HSA-69205,G1/S-Specific Transcription,,-4,16,7.5,28162,28,253,4,1.6,0.78,983|7298|8318|55957,CDK1|TYMS|CDC45|LIN37,-1.7,MyList
GO Biological Processes,19,GO:0007052,mitotic spindle organization,,-3.9,6.4,5.7,28162,121,253,7,2.8,1,891|991|3925|9212|9493|24137|57405,CCNB1|CDC20|STMN1|AURKB|KIF23|KIF4A|SPC25,-1.7,MyList
GO Biological Processes,19,GO:0007127,meiosis I,,-3.9,6.4,5.7,28162,121,253,7,2.8,1,675|7153|9133|25788|29893|80010|84057,BRCA2|TOP2A|CCNB2|RAD54B|PSMC3IP|RMI1|MND1,-1.7,MyList
GO Biological Processes,19,GO:1901987,regulation of cell cycle phase transition,,-3.9,3.3,4.7,28162,478,253,14,5.5,1.4,672|891|983|991|1063|3161|6659|7023|8697|9212|11065|51512|54908|113130,BRCA1|CCNB1|CDK1|CDC20|CENPF|HMMR|SOX4|TFAP4|CDC23|AURKB|UBE2C|GTSE1|SPDL1|CDCA5,-1.6,MyList
GO Biological Processes,19,GO:0051784,negative regulation of nuclear division,,-3.9,10,6.5,28162,54,253,5,2,0.88,891|991|1063|9212|54908,CCNB1|CDC20|CENPF|AURKB|SPDL1,-1.6,MyList
Reactome Gene Sets,6,R-HSA-912446,Meiotic recombination,,-3.9,7.8,6,28162,86,253,6,2.4,0.96,672|675|8355|29893|84057|723790,BRCA1|BRCA2|H3C8|PSMC3IP|MND1|H2AC19,-1.6,MyList
GO Biological Processes,19,GO:0007346,regulation of mitotic cell cycle,,-3.9,2.9,4.6,28162,608,253,16,6.3,1.5,672|675|891|983|991|1063|3161|6659|7023|8697|9212|11065|51512|54908|84632|113130,BRCA1|BRCA2|CCNB1|CDK1|CDC20|CENPF|HMMR|SOX4|TFAP4|CDC23|AURKB|UBE2C|GTSE1|SPDL1|AFAP1L2|CDCA5,-1.6,MyList
Reactome Gene Sets,6,R-HSA-69481,G2/M Checkpoints,,-3.8,5.3,5.3,28162,168,253,8,3.2,1.1,672|891|983|4172|8318|9133|51512|80010,BRCA1|CCNB1|CDK1|MCM3|CDC45|CCNB2|GTSE1|RMI1,-1.6,MyList
GO Biological Processes,19,GO:0061982,meiosis I cell cycle process,,-3.8,6.2,5.6,28162,126,253,7,2.8,1,675|7153|9133|25788|29893|80010|84057,BRCA2|TOP2A|CCNB2|RAD54B|PSMC3IP|RMI1|MND1,-1.6,MyList
GO Biological Processes,19,GO:0051255,spindle midzone assembly,,-3.8,28,8.9,28162,12,253,3,1.2,0.68,9212|9493|24137,AURKB|KIF23|KIF4A,-1.6,MyList
GO Biological Processes,19,GO:0007077,mitotic nuclear envelope disassembly,,-3.8,28,8.9,28162,12,253,3,1.2,0.68,891|983|9133,CCNB1|CDK1|CCNB2,-1.6,MyList
GO Biological Processes,19,GO:0000910,cytokinesis,,-3.8,5.2,5.3,28162,171,253,8,3.2,1.1,675|1731|3925|9212|9493|10112|24137|55165,BRCA2|SEPTIN1|STMN1|AURKB|KIF23|KIF20A|KIF4A|CEP55,-1.5,MyList
GO Biological Processes,19,GO:0007131,reciprocal meiotic recombination,,-3.8,9.6,6.2,28162,58,253,5,2,0.88,7153|25788|29893|80010|84057,TOP2A|RAD54B|PSMC3IP|RMI1|MND1,-1.5,MyList
GO Biological Processes,19,GO:0140527,reciprocal homologous recombination,,-3.8,9.6,6.2,28162,58,253,5,2,0.88,7153|25788|29893|80010|84057,TOP2A|RAD54B|PSMC3IP|RMI1|MND1,-1.5,MyList
GO Biological Processes,19,GO:0140013,meiotic nuclear division,,-3.7,5.1,5.2,28162,174,253,8,3.2,1.1,675|991|7153|9133|25788|29893|80010|84057,BRCA2|CDC20|TOP2A|CCNB2|RAD54B|PSMC3IP|RMI1|MND1,-1.5,MyList
CORUM,33,CORUM:1005,RC complex during G2/M-phase of cell cycle,,-3.7,26,8.5,28162,13,253,3,1.2,0.68,890|891|983,CCNA2|CCNB1|CDK1,-1.5,MyList
GO Biological Processes,19,GO:0051988,regulation of attachment of spindle microtubules to kinetochore,,-3.7,26,8.5,28162,13,253,3,1.2,0.68,891|9212|90417,CCNB1|AURKB|KNSTRN,-1.5,MyList
GO Biological Processes,19,GO:0022411,cellular component disassembly,,-3.7,3,4.5,28162,565,253,15,5.9,1.5,2|891|983|1524|2059|3925|4778|7153|9133|10240|11344|51373|51474|51650|64802,A2M|CCNB1|CDK1|CX3CR1|EPS8|STMN1|NFE2|TOP2A|CCNB2|MRPS31|TWF2|MRPS17|LIMA1|MRPS33|NMNAT1,-1.5,MyList
Reactome Gene Sets,6,R-HSA-1280218,Adaptive Immune System,,-3.7,2.6,4.3,28162,763,253,18,7.1,1.6,909|933|991|2214|3902|3932|5516|8697|9493|10112|11065|23547|24137|29760|56253|79865|84727|140691,CD1A|CD22|CDC20|FCGR3A|LAG3|LCK|PPP2CB|CDC23|KIF23|KIF20A|UBE2C|LILRA4|KIF4A|BLNK|CRTAM|TREML2|SPSB2|TRIM69,-1.5,MyList
GO Biological Processes,19,GO:0035825,homologous recombination,,-3.7,9.3,6.1,28162,60,253,5,2,0.88,7153|25788|29893|80010|84057,TOP2A|RAD54B|PSMC3IP|RMI1|MND1,-1.5,MyList
Reactome Gene Sets,6,R-HSA-5693568,Resolution of D-loop Structures through Holliday Junction Intermediates,,-3.7,13,6.8,28162,33,253,4,1.6,0.78,672|675|80010|548593,BRCA1|BRCA2|RMI1|SLX1A,-1.5,MyList
GO Biological Processes,19,GO:0044839,cell cycle G2/M phase transition,,-3.7,4,4.8,28162,276,253,10,4,1.2,672|890|891|983|1063|2305|3161|9133|9212|51512,BRCA1|CCNA2|CCNB1|CDK1|CENPF|FOXM1|HMMR|CCNB2|AURKB|GTSE1,-1.5,MyList
GO Biological Processes,19,GO:0006281,DNA repair,,-3.6,2.9,4.4,28162,571,253,15,5.9,1.5,672|675|983|2305|2968|4172|8318|25788|27301|50485|80010|113130|157570|201973|548593,BRCA1|BRCA2|CDK1|FOXM1|GTF2H4|MCM3|CDC45|RAD54B|APEX2|SMARCAL1|RMI1|CDCA5|ESCO2|PRIMPOL|SLX1A,-1.4,MyList
Reactome Gene Sets,6,R-HSA-5693537,Resolution of D-Loop Structures,,-3.6,13,6.7,28162,34,253,4,1.6,0.78,672|675|80010|548593,BRCA1|BRCA2|RMI1|SLX1A,-1.4,MyList
Reactome Gene Sets,6,R-HSA-162658,Golgi Cisternae Pericentriolar Stack Reorganization,,-3.6,24,8.1,28162,14,253,3,1.2,0.68,891|983|9133,CCNB1|CDK1|CCNB2,-1.4,MyList
GO Biological Processes,19,GO:0000724,double-strand break repair via homologous recombination,,-3.6,5.6,5.2,28162,138,253,7,2.8,1,672|675|4172|8318|25788|80010|548593,BRCA1|BRCA2|MCM3|CDC45|RAD54B|RMI1|SLX1A,-1.4,MyList
Reactome Gene Sets,6,R-HSA-3301854,Nuclear Pore Complex (NPC) Disassembly,,-3.6,13,6.6,28162,35,253,4,1.6,0.78,891|983|9133|79023,CCNB1|CDK1|CCNB2|NUP37,-1.4,MyList
WikiPathways,27,WP45,G1 to S cell cycle control,,-3.6,8.7,5.9,28162,64,253,5,2,0.88,891|983|4172|5557|8318,CCNB1|CDK1|MCM3|PRIM1|CDC45,-1.4,MyList
GO Biological Processes,19,GO:0000725,recombinational repair,,-3.5,5.6,5.2,28162,140,253,7,2.8,1,672|675|4172|8318|25788|80010|548593,BRCA1|BRCA2|MCM3|CDC45|RAD54B|RMI1|SLX1A,-1.3,MyList
GO Biological Processes,19,GO:0051081,nuclear envelope disassembly,,-3.5,22,7.8,28162,15,253,3,1.2,0.68,891|983|9133,CCNB1|CDK1|CCNB2,-1.3,MyList
Reactome Gene Sets,6,R-HSA-391903,Eicosanoid ligand-binding receptors,,-3.5,22,7.8,28162,15,253,3,1.2,0.68,6915|56413|57105,TBXA2R|LTB4R2|CYSLTR2,-1.3,MyList
GO Biological Processes,19,GO:0030397,membrane disassembly,,-3.5,22,7.8,28162,15,253,3,1.2,0.68,891|983|9133,CCNB1|CDK1|CCNB2,-1.3,MyList
GO Biological Processes,19,GO:0000079,regulation of cyclin-dependent protein serine/threonine kinase activity,,-3.5,6.6,5.4,28162,101,253,6,2.4,0.96,890|891|1033|7023|9133|124790,CCNA2|CCNB1|CDKN3|TFAP4|CCNB2|HEXIM2,-1.3,MyList
Reactome Gene Sets,6,R-HSA-68875,Mitotic Prophase,,-3.5,5.5,5.1,28162,142,253,7,2.8,1,891|983|5516|8355|9133|79023|723790,CCNB1|CDK1|PPP2CB|H3C8|CCNB2|NUP37|H2AC19,-1.3,MyList
GO Biological Processes,19,GO:1903046,meiotic cell cycle process,,-3.5,4.7,4.9,28162,190,253,8,3.2,1.1,675|991|7153|9133|25788|29893|80010|84057,BRCA2|CDC20|TOP2A|CCNB2|RAD54B|PSMC3IP|RMI1|MND1,-1.3,MyList
GO Biological Processes,19,GO:0006323,DNA packaging,,-3.5,4.2,4.7,28162,240,253,9,3.6,1.2,891|7153|7290|8355|23397|55166|55355|55723|113130,CCNB1|TOP2A|HIRA|H3C8|NCAPH|CENPQ|HJURP|ASF1B|CDCA5,-1.3,MyList
GO Biological Processes,19,GO:0065004,protein-DNA complex assembly,,-3.5,4.2,4.7,28162,241,253,9,3.6,1.2,1063|2968|4172|7290|8318|8355|55166|55355|55723,CENPF|GTF2H4|MCM3|HIRA|CDC45|H3C8|CENPQ|HJURP|ASF1B,-1.3,MyList
GO Biological Processes,19,GO:0007096,regulation of exit from mitosis,,-3.4,21,7.6,28162,16,253,3,1.2,0.68,8697|11065|113130,CDC23|UBE2C|CDCA5,-1.3,MyList
GO Biological Processes,19,GO:1902969,mitotic DNA replication,,-3.4,21,7.6,28162,16,253,3,1.2,0.68,675|4172|8318,BRCA2|MCM3|CDC45,-1.3,MyList
Reactome Gene Sets,6,R-HSA-1362300,Transcription of E2F targets under negative control by p107 (RBL1) and p130 (RBL2) in complex with HDAC1,,-3.4,21,7.6,28162,16,253,3,1.2,0.68,890|983|55957,CCNA2|CDK1|LIN37,-1.3,MyList
GO Biological Processes,19,GO:1904029,regulation of cyclin-dependent protein kinase activity,,-3.4,6.4,5.2,28162,105,253,6,2.4,0.96,890|891|1033|7023|9133|124790,CCNA2|CCNB1|CDKN3|TFAP4|CCNB2|HEXIM2,-1.3,MyList
GO Biological Processes,19,GO:0044843,cell cycle G1/S phase transition,,-3.4,3.7,4.5,28162,298,253,10,4,1.2,890|891|983|1033|4172|5557|6659|7298|8318|51512,CCNA2|CCNB1|CDK1|CDKN3|MCM3|PRIM1|SOX4|TYMS|CDC45|GTSE1,-1.2,MyList
GO Biological Processes,19,GO:0016572,histone phosphorylation,,-3.4,11,6.2,28162,39,253,4,1.6,0.78,890|891|983|9212,CCNA2|CCNB1|CDK1|AURKB,-1.2,MyList
GO Biological Processes,19,GO:0000281,mitotic cytokinesis,,-3.4,8,5.5,28162,70,253,5,2,0.88,3925|9493|10112|24137|55165,STMN1|KIF23|KIF20A|KIF4A|CEP55,-1.2,MyList
GO Biological Processes,19,GO:0090068,positive regulation of cell cycle process,,-3.3,3.7,4.5,28162,303,253,10,4,1.2,672|891|983|6659|8697|9212|9493|11065|51512|113130,BRCA1|CCNB1|CDK1|SOX4|CDC23|AURKB|KIF23|UBE2C|GTSE1|CDCA5,-1.2,MyList
GO Biological Processes,19,GO:1901991,negative regulation of mitotic cell cycle phase transition,,-3.3,4,4.5,28162,250,253,9,3.6,1.2,672|891|983|991|1063|6659|9212|51512|54908,BRCA1|CCNB1|CDK1|CDC20|CENPF|SOX4|AURKB|GTSE1|SPDL1,-1.2,MyList
GO Biological Processes,19,GO:0007088,regulation of mitotic nuclear division,,-3.3,6.1,5.1,28162,109,253,6,2.4,0.96,891|991|1063|8697|9212|54908,CCNB1|CDC20|CENPF|CDC23|AURKB|SPDL1,-1.2,MyList
GO Biological Processes,19,GO:0072422,signal transduction involved in DNA damage checkpoint,,-3.3,7.6,5.4,28162,73,253,5,2,0.88,672|891|983|6659|51512,BRCA1|CCNB1|CDK1|SOX4|GTSE1,-1.2,MyList
Reactome Gene Sets,6,R-HSA-174184,Cdc20:Phospho-APC/C mediated degradation of Cyclin A,,-3.3,7.6,5.4,28162,73,253,5,2,0.88,890|983|991|8697|11065,CCNA2|CDK1|CDC20|CDC23|UBE2C,-1.2,MyList
GO Biological Processes,19,GO:0072401,signal transduction involved in DNA integrity checkpoint,,-3.3,7.6,5.4,28162,73,253,5,2,0.88,672|891|983|6659|51512,BRCA1|CCNB1|CDK1|SOX4|GTSE1,-1.2,MyList
Canonical Pathways,11,M40,PID E2F PATHWAY,,-3.3,7.6,5.4,28162,73,253,5,2,0.88,672|890|983|4172|7298,BRCA1|CCNA2|CDK1|MCM3|TYMS,-1.2,MyList
Reactome Gene Sets,6,R-HSA-179419,APC:Cdc20 mediated degradation of cell cycle proteins prior to satisfation of the cell cycle checkpoint,,-3.3,7.5,5.3,28162,74,253,5,2,0.88,890|983|991|8697|11065,CCNA2|CDK1|CDC20|CDC23|UBE2C,-1.1,MyList
GO Biological Processes,19,GO:0071396,cellular response to lipid,,-3.3,2.8,4.1,28162,556,253,14,5.5,1.4,672|890|891|1524|2235|3627|4064|5176|6915|7023|11344|55128|57476|85315,BRCA1|CCNA2|CCNB1|CX3CR1|FECH|CXCL10|CD180|SERPINF1|TBXA2R|TFAP4|TWF2|TRIM68|GRAMD1B|PAQR8,-1.1,MyList
GO Biological Processes,19,GO:0040029,"regulation of gene expression, epigenetic",,-3.3,4.3,4.6,28162,205,253,8,3.2,1.1,672|8318|8329|8355|9015|84661|346171|723790,BRCA1|CDC45|H2AC13|H3C8|TAF1A|DPY30|ZFP57|H2AC19,-1.1,MyList
GO Biological Processes,19,GO:0000086,G2/M transition of mitotic cell cycle,,-3.2,3.9,4.4,28162,258,253,9,3.6,1.2,672|890|891|983|1063|2305|3161|9133|9212,BRCA1|CCNA2|CCNB1|CDK1|CENPF|FOXM1|HMMR|CCNB2|AURKB,-1.1,MyList
GO Biological Processes,19,GO:0072395,signal transduction involved in cell cycle checkpoint,,-3.2,7.3,5.3,28162,76,253,5,2,0.88,672|891|983|6659|51512,BRCA1|CCNB1|CDK1|SOX4|GTSE1,-1.1,MyList
Reactome Gene Sets,6,R-HSA-2995383,Initiation of Nuclear Envelope (NE) Reformation,,-3.2,18,6.9,28162,19,253,3,1.2,0.68,891|983|9133,CCNB1|CDK1|CCNB2,-1.1,MyList
GO Biological Processes,19,GO:0045931,positive regulation of mitotic cell cycle,,-3.2,5.7,4.8,28162,118,253,6,2.4,0.96,675|891|983|8697|11065|113130,BRCA2|CCNB1|CDK1|CDC23|UBE2C|CDCA5,-1,MyList
Reactome Gene Sets,6,R-HSA-1500620,Meiosis,,-3.2,5.7,4.8,28162,118,253,6,2.4,0.96,672|675|8355|29893|84057|723790,BRCA1|BRCA2|H3C8|PSMC3IP|MND1|H2AC19,-1,MyList
Reactome Gene Sets,6,R-HSA-4615885,SUMOylation of DNA replication proteins,,-3.1,9.9,5.7,28162,45,253,4,1.6,0.78,332|7153|9212|79023,BIRC5|TOP2A|AURKB|NUP37,-1,MyList
GO Biological Processes,19,GO:0006954,inflammatory response,,-3.1,2.4,3.9,28162,778,253,17,6.7,1.6,1240|3579|3620|3627|4064|5176|6915|9435|9447|10203|11274|29760|56413|56925|79626|81793|84632,CMKLR1|CXCR2|IDO1|CXCL10|CD180|SERPINF1|TBXA2R|CHST2|AIM2|CALCRL|USP18|BLNK|LTB4R2|LXN|TNFAIP8L2|TLR10|AFAP1L2,-1,MyList
Reactome Gene Sets,6,R-HSA-176407,Conversion from APC/C:Cdc20 to APC/C:Cdh1 in late anaphase,,-3.1,17,6.7,28162,20,253,3,1.2,0.68,991|8697|11065,CDC20|CDC23|UBE2C,-1,MyList
GO Biological Processes,19,GO:1901988,negative regulation of cell cycle phase transition,,-3.1,3.7,4.3,28162,268,253,9,3.6,1.2,672|891|983|991|1063|6659|9212|51512|54908,BRCA1|CCNB1|CDK1|CDC20|CENPF|SOX4|AURKB|GTSE1|SPDL1,-1,MyList
Reactome Gene Sets,6,R-HSA-69239,Synthesis of DNA,,-3.1,5.6,4.8,28162,120,253,6,2.4,0.96,890|4172|5557|8318|8697|11065,CCNA2|MCM3|PRIM1|CDC45|CDC23|UBE2C,-1,MyList
GO Biological Processes,19,GO:0030261,chromosome condensation,,-3.1,9.7,5.6,28162,46,253,4,1.6,0.78,891|7153|23397|113130,CCNB1|TOP2A|NCAPH|CDCA5,-1,MyList
Reactome Gene Sets,6,R-HSA-141430,Inactivation of APC/C via direct inhibition of the APC/C complex,,-3.1,16,6.5,28162,21,253,3,1.2,0.68,991|8697|11065,CDC20|CDC23|UBE2C,-0.98,MyList
Reactome Gene Sets,6,R-HSA-141405,Inhibition of the proteolytic activity of APC/C required for the onset of anaphase by mitotic spindle checkpoint components,,-3.1,16,6.5,28162,21,253,3,1.2,0.68,991|8697|11065,CDC20|CDC23|UBE2C,-0.98,MyList
GO Biological Processes,19,GO:0071158,positive regulation of cell cycle arrest,,-3.1,6.8,5,28162,82,253,5,2,0.88,672|891|983|6659|51512,BRCA1|CCNB1|CDK1|SOX4|GTSE1,-0.96,MyList
GO Biological Processes,19,GO:0000082,G1/S transition of mitotic cell cycle,,-3,3.6,4.2,28162,275,253,9,3.6,1.2,891|983|1033|4172|5557|6659|7298|8318|51512,CCNB1|CDK1|CDKN3|MCM3|PRIM1|SOX4|TYMS|CDC45|GTSE1,-0.95,MyList
KEGG Pathway,24,hsa04114,Oocyte meiosis ,,-3,5.4,4.7,28162,124,253,6,2.4,0.96,891|983|991|5516|8697|9133,CCNB1|CDK1|CDC20|PPP2CB|CDC23|CCNB2,-0.95,MyList
KEGG Pathway,24,ko04114,Oocyte meiosis,,-3,5.4,4.7,28162,124,253,6,2.4,0.96,891|983|991|5516|8697|9133,CCNB1|CDK1|CDC20|PPP2CB|CDC23|CCNB2,-0.95,MyList
Reactome Gene Sets,6,R-HSA-69306,DNA Replication,,-3,5.2,4.6,28162,128,253,6,2.4,0.96,890|4172|5557|8318|8697|11065,CCNA2|MCM3|PRIM1|CDC45|CDC23|UBE2C,-0.88,MyList
Reactome Gene Sets,6,R-HSA-500792,GPCR ligand binding,,-2.9,2.9,3.9,28162,467,253,12,4.7,1.3,1240|1524|3579|3627|5031|6343|6915|10203|10911|56413|57105|94235,CMKLR1|CX3CR1|CXCR2|CXCL10|P2RY6|SCT|TBXA2R|CALCRL|UTS2|LTB4R2|CYSLTR2|GNG8,-0.86,MyList
Reactome Gene Sets,6,R-HSA-2980766,Nuclear Envelope Breakdown,,-2.9,8.6,5.2,28162,52,253,4,1.6,0.78,891|983|9133|79023,CCNB1|CDK1|CCNB2|NUP37,-0.83,MyList
Reactome Gene Sets,6,R-HSA-198933,Immunoregulatory interactions between a Lymphoid and a non-Lymphoid cell,,-2.9,5.1,4.5,28162,132,253,6,2.4,0.96,909|933|2214|23547|56253|79865,CD1A|CD22|FCGR3A|LILRA4|CRTAM|TREML2,-0.82,MyList
GO Biological Processes,19,GO:0006336,DNA replication-independent nucleosome assembly,,-2.9,8.4,5.1,28162,53,253,4,1.6,0.78,7290|55166|55355|55723,HIRA|CENPQ|HJURP|ASF1B,-0.8,MyList
GO Biological Processes,19,GO:0034728,nucleosome organization,,-2.9,4.3,4.2,28162,183,253,7,2.8,1,4778|6944|7290|8355|55166|55355|55723,NFE2|VPS72|HIRA|H3C8|CENPQ|HJURP|ASF1B,-0.79,MyList
GO Biological Processes,19,GO:0007050,cell cycle arrest,,-2.9,3.8,4.1,28162,236,253,8,3.2,1.1,672|891|983|1033|2305|6659|7023|51512,BRCA1|CCNB1|CDK1|CDKN3|FOXM1|SOX4|TFAP4|GTSE1,-0.79,MyList
GO Biological Processes,19,GO:1901992,positive regulation of mitotic cell cycle phase transition,,-2.9,6.1,4.7,28162,91,253,5,2,0.88,891|983|8697|11065|113130,CCNB1|CDK1|CDC23|UBE2C|CDCA5,-0.79,MyList
KEGG Pathway,24,ko03460,Fanconi anemia pathway,,-2.8,8.2,5.1,28162,54,253,4,1.6,0.78,672|675|80010|548593,BRCA1|BRCA2|RMI1|SLX1A,-0.79,MyList
GO Biological Processes,19,GO:0034724,DNA replication-independent nucleosome organization,,-2.8,8.2,5.1,28162,54,253,4,1.6,0.78,7290|55166|55355|55723,HIRA|CENPQ|HJURP|ASF1B,-0.79,MyList
GO Biological Processes,19,GO:0051225,spindle assembly,,-2.8,4.9,4.4,28162,135,253,6,2.4,0.96,991|9133|9212|9493|24137|643699,CDC20|CCNB2|AURKB|KIF23|KIF4A|GOLGA8N,-0.79,MyList
GO Biological Processes,19,GO:0051783,regulation of nuclear division,,-2.8,4.9,4.4,28162,135,253,6,2.4,0.96,891|991|1063|8697|9212|54908,CCNB1|CDC20|CENPF|CDC23|AURKB|SPDL1,-0.79,MyList
Reactome Gene Sets,6,R-HSA-5693554,Resolution of D-loop Structures through Synthesis-Dependent Strand Annealing (SDSA),,-2.8,13,5.8,28162,26,253,3,1.2,0.68,672|675|80010,BRCA1|BRCA2|RMI1,-0.74,MyList
Reactome Gene Sets,6,R-HSA-179409,APC-Cdc20 mediated degradation of Nek2A,,-2.8,13,5.8,28162,26,253,3,1.2,0.68,991|8697|11065,CDC20|CDC23|UBE2C,-0.74,MyList
GO Biological Processes,19,GO:0010948,negative regulation of cell cycle process,,-2.8,3.1,3.8,28162,359,253,10,4,1.2,672|891|983|991|1063|6659|7023|9212|51512|54908,BRCA1|CCNB1|CDK1|CDC20|CENPF|SOX4|TFAP4|AURKB|GTSE1|SPDL1,-0.74,MyList
GO Biological Processes,19,GO:0032259,methylation,,-2.8,3.1,3.8,28162,359,253,10,4,1.2,672|2593|7298|51603|57570|79922|84661|91893|158234|346171,BRCA1|GAMT|TYMS|EEF1AKNMT|TRMT5|MRM1|DPY30|FDXACB1|TRMT10B|ZFP57,-0.74,MyList
GO Biological Processes,19,GO:0006977,"DNA damage response, signal transduction by p53 class mediator resulting in cell cycle arrest",,-2.8,8,5,28162,56,253,4,1.6,0.78,891|983|6659|51512,CCNB1|CDK1|SOX4|GTSE1,-0.74,MyList
GO Biological Processes,19,GO:0045786,negative regulation of cell cycle,,-2.8,2.5,3.6,28162,625,253,14,5.5,1.4,672|891|983|991|1033|1063|2305|6659|7023|8318|9212|51512|54908|124790,BRCA1|CCNB1|CDK1|CDC20|CDKN3|CENPF|FOXM1|SOX4|TFAP4|CDC45|AURKB|GTSE1|SPDL1|HEXIM2,-0.73,MyList
GO Biological Processes,19,GO:1902400,intracellular signal transduction involved in G1 DNA damage checkpoint,,-2.8,7.8,4.9,28162,57,253,4,1.6,0.78,891|983|6659|51512,CCNB1|CDK1|SOX4|GTSE1,-0.72,MyList
GO Biological Processes,19,GO:0072431,signal transduction involved in mitotic G1 DNA damage checkpoint,,-2.8,7.8,4.9,28162,57,253,4,1.6,0.78,891|983|6659|51512,CCNB1|CDK1|SOX4|GTSE1,-0.72,MyList
KEGG Pathway,24,hsa04914,Progesterone-mediated oocyte maturation ,,-2.8,5.8,4.5,28162,96,253,5,2,0.88,890|891|983|8697|9133,CCNA2|CCNB1|CDK1|CDC23|CCNB2,-0.71,MyList
KEGG Pathway,24,ko04914,Progesterone-mediated oocyte maturation,,-2.8,5.8,4.5,28162,96,253,5,2,0.88,890|891|983|8697|9133,CCNA2|CCNB1|CDK1|CDC23|CCNB2,-0.71,MyList
Reactome Gene Sets,6,R-HSA-194315,Signaling by Rho GTPases,,-2.7,2.4,3.5,28162,703,253,15,5.9,1.5,332|991|1063|3932|5516|8355|9212|10963|54908|55166|57405|79023|84986|147841|723790,BIRC5|CDC20|CENPF|LCK|PPP2CB|H3C8|AURKB|STIP1|SPDL1|CENPQ|SPC25|NUP37|ARHGAP19|SPC24|H2AC19,-0.69,MyList
Reactome Gene Sets,6,R-HSA-1474165,Reproduction,,-2.7,4.7,4.2,28162,143,253,6,2.4,0.96,672|675|8355|29893|84057|723790,BRCA1|BRCA2|H3C8|PSMC3IP|MND1|H2AC19,-0.69,MyList
GO Biological Processes,19,GO:1902403,signal transduction involved in mitotic DNA integrity checkpoint,,-2.7,7.5,4.8,28162,59,253,4,1.6,0.78,891|983|6659|51512,CCNB1|CDK1|SOX4|GTSE1,-0.68,MyList
GO Biological Processes,19,GO:1902402,signal transduction involved in mitotic DNA damage checkpoint,,-2.7,7.5,4.8,28162,59,253,4,1.6,0.78,891|983|6659|51512,CCNB1|CDK1|SOX4|GTSE1,-0.68,MyList
GO Biological Processes,19,GO:0051321,meiotic cell cycle,,-2.7,3.6,3.9,28162,250,253,8,3.2,1.1,675|991|7153|9133|25788|29893|80010|84057,BRCA2|CDC20|TOP2A|CCNB2|RAD54B|PSMC3IP|RMI1|MND1,-0.67,MyList
GO Biological Processes,19,GO:0033260,nuclear DNA replication,,-2.7,7.4,4.7,28162,60,253,4,1.6,0.78,675|4172|5557|8318,BRCA2|MCM3|PRIM1|CDC45,-0.65,MyList
CORUM,33,CORUM:315,"28S ribosomal subunit, mitochondrial",,-2.7,12,5.4,28162,29,253,3,1.2,0.68,10240|51373|51650,MRPS31|MRPS17|MRPS33,-0.64,MyList
GO Biological Processes,19,GO:0071549,cellular response to dexamethasone stimulus,,-2.7,12,5.4,28162,29,253,3,1.2,0.68,2235|5176|7023,FECH|SERPINF1|TFAP4,-0.64,MyList
WikiPathways,27,WP2361,Gastric Cancer Network 1,,-2.7,12,5.4,28162,29,253,3,1.2,0.68,1063|7153|11065,CENPF|TOP2A|UBE2C,-0.64,MyList
GO Biological Processes,19,GO:0072413,signal transduction involved in mitotic cell cycle checkpoint,,-2.7,7.3,4.7,28162,61,253,4,1.6,0.78,891|983|6659|51512,CCNB1|CDK1|SOX4|GTSE1,-0.63,MyList
Reactome Gene Sets,6,R-HSA-9716542,"Signaling by Rho GTPases, Miro GTPases and RHOBTB3",,-2.6,2.3,3.4,28162,719,253,15,5.9,1.5,332|991|1063|3932|5516|8355|9212|10963|54908|55166|57405|79023|84986|147841|723790,BIRC5|CDC20|CENPF|LCK|PPP2CB|H3C8|AURKB|STIP1|SPDL1|CENPQ|SPC25|NUP37|ARHGAP19|SPC24|H2AC19,-0.62,MyList
GO Biological Processes,19,GO:0031571,mitotic G1 DNA damage checkpoint,,-2.6,7.2,4.6,28162,62,253,4,1.6,0.78,891|983|6659|51512,CCNB1|CDK1|SOX4|GTSE1,-0.61,MyList
KEGG Pathway,24,ko04623,Cytosolic DNA-sensing pathway,,-2.6,7.1,4.6,28162,63,253,4,1.6,0.78,661|3627|9447|51728,POLR3D|CXCL10|AIM2|POLR3K,-0.6,MyList
KEGG Pathway,24,hsa03460,Fanconi anemia pathway,,-2.6,7.1,4.6,28162,63,253,4,1.6,0.78,672|675|80010|548593,BRCA1|BRCA2|RMI1|SLX1A,-0.6,MyList
GO Biological Processes,19,GO:0044819,mitotic G1/S transition checkpoint,,-2.6,7.1,4.6,28162,63,253,4,1.6,0.78,891|983|6659|51512,CCNB1|CDK1|SOX4|GTSE1,-0.6,MyList
KEGG Pathway,24,hsa04623,Cytosolic DNA-sensing pathway ,,-2.6,7.1,4.6,28162,63,253,4,1.6,0.78,661|3627|9447|51728,POLR3D|CXCL10|AIM2|POLR3K,-0.6,MyList
GO Biological Processes,19,GO:0044783,G1 DNA damage checkpoint,,-2.6,7.1,4.6,28162,63,253,4,1.6,0.78,891|983|6659|51512,CCNB1|CDK1|SOX4|GTSE1,-0.6,MyList
GO Biological Processes,19,GO:0045930,negative regulation of mitotic cell cycle,,-2.6,3.1,3.6,28162,321,253,9,3.6,1.2,672|891|983|991|1063|6659|9212|51512|54908,BRCA1|CCNB1|CDK1|CDC20|CENPF|SOX4|AURKB|GTSE1|SPDL1,-0.58,MyList
Canonical Pathways,11,M242,PID AURORA A PATHWAY,,-2.6,11,5.2,28162,31,253,3,1.2,0.68,332|672|9212,BIRC5|BRCA1|AURKB,-0.57,MyList
GO Biological Processes,19,GO:0019835,cytolysis,,-2.6,11,5.2,28162,31,253,3,1.2,0.68,2999|3001|3004,GZMH|GZMA|GZMM,-0.57,MyList
GO Biological Processes,19,GO:0044786,cell cycle DNA replication,,-2.6,6.8,4.5,28162,65,253,4,1.6,0.78,675|4172|5557|8318,BRCA2|MCM3|PRIM1|CDC45,-0.55,MyList
GO Biological Processes,19,GO:0032508,DNA duplex unwinding,,-2.5,5.2,4.1,28162,107,253,5,2,0.88,2968|4172|7153|25788|50485,GTF2H4|MCM3|TOP2A|RAD54B|SMARCAL1,-0.55,MyList
GO Biological Processes,19,GO:1901989,positive regulation of cell cycle phase transition,,-2.5,5.2,4.1,28162,107,253,5,2,0.88,891|983|8697|11065|113130,CCNB1|CDK1|CDC23|UBE2C|CDCA5,-0.55,MyList
Reactome Gene Sets,6,R-HSA-69190,DNA strand elongation,,-2.5,10,5.1,28162,32,253,3,1.2,0.68,4172|5557|8318,MCM3|PRIM1|CDC45,-0.54,MyList
GO Biological Processes,19,GO:0031570,DNA integrity checkpoint,,-2.5,4.3,3.9,28162,156,253,6,2.4,0.96,672|891|983|6659|8318|51512,BRCA1|CCNB1|CDK1|SOX4|CDC45|GTSE1,-0.54,MyList
GO Biological Processes,19,GO:0006261,DNA-dependent DNA replication,,-2.5,4.2,3.9,28162,158,253,6,2.4,0.96,675|4172|5557|8318|50485|201973,BRCA2|MCM3|PRIM1|CDC45|SMARCAL1|PRIMPOL,-0.52,MyList
Reactome Gene Sets,6,R-HSA-5685942,HDR through Homologous Recombination (HRR),,-2.5,6.6,4.4,28162,67,253,4,1.6,0.78,672|675|80010|548593,BRCA1|BRCA2|RMI1|SLX1A,-0.52,MyList
Reactome Gene Sets,6,R-HSA-68962,Activation of the pre-replicative complex,,-2.5,10,5,28162,33,253,3,1.2,0.68,4172|5557|8318,MCM3|PRIM1|CDC45,-0.51,MyList
Reactome Gene Sets,6,R-HSA-420092,Glucagon-type ligand receptors,,-2.5,10,5,28162,33,253,3,1.2,0.68,6343|57105|94235,SCT|CYSLTR2|GNG8,-0.51,MyList
GO Biological Processes,19,GO:0090307,mitotic spindle assembly,,-2.5,6.5,4.4,28162,68,253,4,1.6,0.78,991|9212|9493|24137,CDC20|AURKB|KIF23|KIF4A,-0.5,MyList
Reactome Gene Sets,6,R-HSA-5633007,Regulation of TP53 Activity,,-2.5,4.2,3.8,28162,160,253,6,2.4,0.96,672|890|983|5516|9212|80010,BRCA1|CCNA2|CDK1|PPP2CB|AURKB|RMI1,-0.5,MyList
Reactome Gene Sets,6,R-HSA-2559582,Senescence-Associated Secretory Phenotype (SASP),,-2.5,5,4,28162,112,253,5,2,0.88,890|8355|8697|11065|723790,CCNA2|H3C8|CDC23|UBE2C|H2AC19,-0.49,MyList
Reactome Gene Sets,6,R-HSA-373076,Class A/1 (Rhodopsin-like receptors),,-2.5,3,3.5,28162,335,253,9,3.6,1.2,1240|1524|3579|3627|5031|6915|10911|56413|57105,CMKLR1|CX3CR1|CXCR2|CXCL10|P2RY6|TBXA2R|UTS2|LTB4R2|CYSLTR2,-0.49,MyList
WikiPathways,27,WP707,DNA Damage Response,,-2.5,6.5,4.3,28162,69,253,4,1.6,0.78,672|891|983|9133,BRCA1|CCNB1|CDK1|CCNB2,-0.49,MyList
KEGG Pathway,24,ko04115,p53 signaling pathway,,-2.5,6.5,4.3,28162,69,253,4,1.6,0.78,891|983|9133|51512,CCNB1|CDK1|CCNB2|GTSE1,-0.49,MyList
KEGG Pathway,24,hsa04115,p53 signaling pathway ,,-2.5,6.5,4.3,28162,69,253,4,1.6,0.78,891|983|9133|51512,CCNB1|CDK1|CCNB2|GTSE1,-0.49,MyList
Reactome Gene Sets,6,R-HSA-416476,G alpha (q) signalling events,,-2.5,3.6,3.7,28162,216,253,7,2.8,1,5031|5998|6915|10911|56413|57105|94235,P2RY6|RGS3|TBXA2R|UTS2|LTB4R2|CYSLTR2|GNG8,-0.49,MyList
GO Biological Processes,19,GO:0034470,ncRNA processing,,-2.5,2.8,3.4,28162,400,253,10,4,1.2,16|6041|26512|51728|55759|57570|79922|91893|138716|158234,AARS1|RNASEL|INTS6|POLR3K|WDR12|TRMT5|MRM1|FDXACB1|RPP25L|TRMT10B,-0.49,MyList
GO Biological Processes,19,GO:0032392,DNA geometric change,,-2.4,4.9,4,28162,114,253,5,2,0.88,2968|4172|7153|25788|50485,GTF2H4|MCM3|TOP2A|RAD54B|SMARCAL1,-0.46,MyList
GO Biological Processes,19,GO:1902749,regulation of cell cycle G2/M phase transition,,-2.4,3.6,3.6,28162,219,253,7,2.8,1,672|891|983|1063|3161|9212|51512,BRCA1|CCNB1|CDK1|CENPF|HMMR|AURKB|GTSE1,-0.46,MyList
GO Biological Processes,19,GO:0008608,attachment of spindle microtubules to kinetochore,,-2.4,9.5,4.8,28162,35,253,3,1.2,0.68,891|9212|90417,CCNB1|AURKB|KNSTRN,-0.46,MyList
GO Biological Processes,19,GO:0006333,chromatin assembly or disassembly,,-2.4,3.5,3.6,28162,221,253,7,2.8,1,4778|7290|8355|8479|55166|55355|55723,NFE2|HIRA|H3C8|HIRIP3|CENPQ|HJURP|ASF1B,-0.44,MyList
Reactome Gene Sets,6,R-HSA-909733,Interferon alpha/beta signaling,,-2.4,6.2,4.2,28162,72,253,4,1.6,0.78,2537|3437|6041|11274,IFI6|IFIT3|RNASEL|USP18,-0.43,MyList
GO Biological Processes,19,GO:0043624,cellular protein complex disassembly,,-2.4,3.5,3.6,28162,222,253,7,2.8,1,2059|3925|10240|11344|51373|51474|51650,EPS8|STMN1|MRPS31|TWF2|MRPS17|LIMA1|MRPS33,-0.43,MyList
Reactome Gene Sets,6,R-HSA-6804757,Regulation of TP53 Degradation,,-2.4,9.3,4.7,28162,36,253,3,1.2,0.68,890|983|5516,CCNA2|CDK1|PPP2CB,-0.43,MyList
GO Biological Processes,19,GO:0009451,RNA modification,,-2.4,4,3.7,28162,169,253,6,2.4,0.96,16|9582|57570|79922|91893|158234,AARS1|APOBEC3B|TRMT5|MRM1|FDXACB1|TRMT10B,-0.41,MyList
Reactome Gene Sets,6,R-HSA-6806003,Regulation of TP53 Expression and Degradation,,-2.4,9,4.7,28162,37,253,3,1.2,0.68,890|983|5516,CCNA2|CDK1|PPP2CB,-0.4,MyList
Reactome Gene Sets,6,R-HSA-5689901,Metalloprotease DUBs,,-2.4,9,4.7,28162,37,253,3,1.2,0.68,672|8329|723790,BRCA1|H2AC13|H2AC19,-0.4,MyList
Reactome Gene Sets,6,R-HSA-174178,APC/C:Cdh1 mediated degradation of Cdc20 and other APC/C:Cdh1 targeted proteins in late mitosis/early G1,,-2.3,6,4.1,28162,74,253,4,1.6,0.78,991|8697|9212|11065,CDC20|CDC23|AURKB|UBE2C,-0.4,MyList
Reactome Gene Sets,6,R-HSA-2299718,Condensation of Prophase Chromosomes,,-2.3,6,4.1,28162,74,253,4,1.6,0.78,891|983|8355|723790,CCNB1|CDK1|H3C8|H2AC19,-0.4,MyList
GO Biological Processes,19,GO:0006353,"DNA-templated transcription, termination",,-2.3,5.9,4.1,28162,75,253,4,1.6,0.78,2968|9015|51728|54797,GTF2H4|TAF1A|POLR3K|MED18,-0.39,MyList
WikiPathways,27,WP4655,Cytosolic DNA-sensing pathway,,-2.3,5.9,4.1,28162,75,253,4,1.6,0.78,661|3627|9447|51728,POLR3D|CXCL10|AIM2|POLR3K,-0.39,MyList
Reactome Gene Sets,6,R-HSA-2995410,Nuclear Envelope (NE) Reassembly,,-2.3,5.9,4.1,28162,75,253,4,1.6,0.78,891|983|9133|79023,CCNB1|CDK1|CCNB2|NUP37,-0.39,MyList
Reactome Gene Sets,6,R-HSA-388396,GPCR downstream signalling,,-2.3,2.3,3.1,28162,629,253,13,5.1,1.4,1524|3579|3627|5031|5516|5998|6343|6915|10203|10911|56413|57105|94235,CX3CR1|CXCR2|CXCL10|P2RY6|PPP2CB|RGS3|SCT|TBXA2R|CALCRL|UTS2|LTB4R2|CYSLTR2|GNG8,-0.38,MyList
GO Biological Processes,19,GO:0071548,response to dexamethasone,,-2.3,8.8,4.6,28162,38,253,3,1.2,0.68,2235|5176|7023,FECH|SERPINF1|TFAP4,-0.38,MyList
GO Biological Processes,19,GO:0032506,cytokinetic process,,-2.3,8.8,4.6,28162,38,253,3,1.2,0.68,9212|10112|55165,AURKB|KIF20A|CEP55,-0.38,MyList
WikiPathways,27,WP4946,DNA Repair Pathways Full Network,,-2.3,4.6,3.8,28162,121,253,5,2,0.88,672|675|2968|25788|27301,BRCA1|BRCA2|GTF2H4|RAD54B|APEX2,-0.38,MyList
Reactome Gene Sets,6,R-HSA-372790,Signaling by GPCR,,-2.3,2.2,3.1,28162,704,253,14,5.5,1.4,1240|1524|3579|3627|5031|5516|5998|6343|6915|10203|10911|56413|57105|94235,CMKLR1|CX3CR1|CXCR2|CXCL10|P2RY6|PPP2CB|RGS3|SCT|TBXA2R|CALCRL|UTS2|LTB4R2|CYSLTR2|GNG8,-0.38,MyList
GO Biological Processes,19,GO:0032200,telomere organization,,-2.3,3.8,3.6,28162,174,253,6,2.4,0.96,675|5557|8355|9212|50485|548593,BRCA2|PRIM1|H3C8|AURKB|SMARCAL1|SLX1A,-0.37,MyList
Reactome Gene Sets,6,R-HSA-8852276,The role of GTSE1 in G2/M progression after G2 checkpoint,,-2.3,5.8,4,28162,77,253,4,1.6,0.78,891|983|9133|51512,CCNB1|CDK1|CCNB2|GTSE1,-0.36,MyList
GO Biological Processes,19,GO:0006342,chromatin silencing,,-2.3,5.8,4,28162,77,253,4,1.6,0.78,8318|8329|84661|723790,CDC45|H2AC13|DPY30|H2AC19,-0.36,MyList
Reactome Gene Sets,6,R-HSA-5693616,Presynaptic phase of homologous DNA pairing and strand exchange,,-2.3,8.6,4.5,28162,39,253,3,1.2,0.68,672|675|80010,BRCA1|BRCA2|RMI1,-0.36,MyList
Canonical Pathways,11,M46,PID ATR PATHWAY,,-2.3,8.6,4.5,28162,39,253,3,1.2,0.68,675|890|50485,BRCA2|CCNA2|SMARCAL1,-0.36,MyList
GO Biological Processes,19,GO:0034660,ncRNA metabolic process,,-2.3,2.5,3.2,28162,494,253,11,4.3,1.3,16|6041|25973|26512|51728|55759|57570|79922|91893|138716|158234,AARS1|RNASEL|PARS2|INTS6|POLR3K|WDR12|TRMT5|MRM1|FDXACB1|RPP25L|TRMT10B,-0.35,MyList
GO Biological Processes,19,GO:0045814,"negative regulation of gene expression, epigenetic",,-2.3,4.5,3.7,28162,125,253,5,2,0.88,8318|8329|8355|84661|723790,CDC45|H2AC13|H3C8|DPY30|H2AC19,-0.34,MyList
GO Biological Processes,19,GO:0031297,replication fork processing,,-2.3,8.3,4.4,28162,40,253,3,1.2,0.68,675|50485|201973,BRCA2|SMARCAL1|PRIMPOL,-0.34,MyList
GO Biological Processes,19,GO:0006270,DNA replication initiation,,-2.3,8.3,4.4,28162,40,253,3,1.2,0.68,4172|5557|8318,MCM3|PRIM1|CDC45,-0.34,MyList
WikiPathways,27,WP2516,ATM Signaling Pathway,,-2.3,8.3,4.4,28162,40,253,3,1.2,0.68,672|891|983,BRCA1|CCNB1|CDK1,-0.34,MyList
Reactome Gene Sets,6,R-HSA-1280215,Cytokine Signaling in Immune system,,-2.3,2.2,3,28162,715,253,14,5.5,1.4,332|608|2537|3437|3563|3627|3932|5516|6041|8355|11274|29760|55128|79023,BIRC5|TNFRSF17|IFI6|IFIT3|IL3RA|CXCL10|LCK|PPP2CB|RNASEL|H3C8|USP18|BLNK|TRIM68|NUP37,-0.34,MyList
GO Biological Processes,19,GO:0071900,regulation of protein serine/threonine kinase activity,,-2.3,2.5,3.1,28162,497,253,11,4.3,1.3,890|891|983|1033|3627|5998|7023|8115|9133|9623|124790,CCNA2|CCNB1|CDK1|CDKN3|CXCL10|RGS3|TFAP4|TCL1A|CCNB2|TCL1B|HEXIM2,-0.34,MyList
Canonical Pathways,11,M66,PID MYC ACTIV PATHWAY,,-2.2,5.6,3.9,28162,79,253,4,1.6,0.78,332|661|891|83879,BIRC5|POLR3D|CCNB1|CDCA7,-0.34,MyList
Canonical Pathways,11,M19,PID P73PATHWAY,,-2.2,5.6,3.9,28162,79,253,4,1.6,0.78,675|890|891|983,BRCA2|CCNA2|CCNB1|CDK1,-0.34,MyList
GO Biological Processes,19,GO:0006399,tRNA metabolic process,,-2.2,3.7,3.5,28162,179,253,6,2.4,0.96,16|25973|51728|57570|138716|158234,AARS1|PARS2|POLR3K|TRMT5|RPP25L|TRMT10B,-0.33,MyList
KEGG Pathway,24,ko03440,Homologous recombination,,-2.2,8.1,4.4,28162,41,253,3,1.2,0.68,672|675|25788,BRCA1|BRCA2|RAD54B,-0.32,MyList
KEGG Pathway,24,hsa03440,Homologous recombination ,,-2.2,8.1,4.4,28162,41,253,3,1.2,0.68,672|675|25788,BRCA1|BRCA2|RAD54B,-0.32,MyList
Reactome Gene Sets,6,R-HSA-3700989,Transcriptional Regulation by TP53,,-2.2,2.7,3.2,28162,365,253,9,3.6,1.2,332|672|890|891|983|2968|5516|9212|80010,BIRC5|BRCA1|CCNA2|CCNB1|CDK1|GTF2H4|PPP2CB|AURKB|RMI1,-0.32,MyList
WikiPathways,27,WP466,DNA Replication,,-2.2,8,4.3,28162,42,253,3,1.2,0.68,4172|5557|8318,MCM3|PRIM1|CDC45,-0.3,MyList
WikiPathways,27,WP405,Eukaryotic Transcription Initiation,,-2.2,8,4.3,28162,42,253,3,1.2,0.68,661|2968|51728,POLR3D|GTF2H4|POLR3K,-0.3,MyList
Reactome Gene Sets,6,R-HSA-5693579,Homologous DNA Pairing and Strand Exchange,,-2.2,8,4.3,28162,42,253,3,1.2,0.68,672|675|80010,BRCA1|BRCA2|RMI1,-0.3,MyList
GO Biological Processes,19,GO:0008033,tRNA processing,,-2.2,4.3,3.6,28162,130,253,5,2,0.88,16|51728|57570|138716|158234,AARS1|POLR3K|TRMT5|RPP25L|TRMT10B,-0.29,MyList
GO Biological Processes,19,GO:0007292,female gamete generation,,-2.2,4.2,3.5,28162,131,253,5,2,0.88,675|891|7153|9133|85315,BRCA2|CCNB1|TOP2A|CCNB2|PAQR8,-0.28,MyList
Reactome Gene Sets,6,R-HSA-5693567,HDR through Homologous Recombination (HRR) or Single Strand Annealing (SSA),,-2.2,4.2,3.5,28162,132,253,5,2,0.88,672|675|890|80010|548593,BRCA1|BRCA2|CCNA2|RMI1|SLX1A,-0.27,MyList
GO Biological Processes,19,GO:0051129,negative regulation of cellular component organization,,-2.2,2.1,2.9,28162,735,253,14,5.5,1.4,341|672|891|991|1063|2059|3627|3925|7153|9212|11344|51474|54908|548593,APOC1|BRCA1|CCNB1|CDC20|CENPF|EPS8|CXCL10|STMN1|TOP2A|AURKB|TWF2|LIMA1|SPDL1|SLX1A,-0.26,MyList
GO Biological Processes,19,GO:0001510,RNA methylation,,-2.2,5.3,3.8,28162,84,253,4,1.6,0.78,57570|79922|91893|158234,TRMT5|MRM1|FDXACB1|TRMT10B,-0.26,MyList
GO Biological Processes,19,GO:0007204,positive regulation of cytosolic calcium ion concentration,,-2.1,2.9,3.2,28162,310,253,8,3.2,1.1,773|1240|1524|3579|3627|3932|5031|6915,CACNA1A|CMKLR1|CX3CR1|CXCR2|CXCL10|LCK|P2RY6|TBXA2R,-0.25,MyList
WikiPathways,27,WP4022,Pyrimidine metabolism,,-2.1,5.2,3.7,28162,86,253,4,1.6,0.78,661|5557|7298|51728,POLR3D|PRIM1|TYMS|POLR3K,-0.23,MyList
GO Biological Processes,19,GO:0043254,regulation of protein-containing complex assembly,,-2.1,2.5,3,28162,448,253,10,4,1.2,402|638|2059|2968|3925|8115|8631|11344|55355|79969,ARL2|BIK|EPS8|GTF2H4|STMN1|TCL1A|SKAP1|TWF2|HJURP|ATAT1,-0.23,MyList
GO Biological Processes,19,GO:0030835,negative regulation of actin filament depolymerization,,-2.1,7.4,4.1,28162,45,253,3,1.2,0.68,2059|11344|51474,EPS8|TWF2|LIMA1,-0.23,MyList
GO Biological Processes,19,GO:0070098,chemokine-mediated signaling pathway,,-2.1,5.1,3.6,28162,88,253,4,1.6,0.78,1240|1524|3579|3627,CMKLR1|CX3CR1|CXCR2|CXCL10,-0.2,MyList
Reactome Gene Sets,6,R-HSA-5693538,Homology Directed Repair,,-2.1,4,3.4,28162,138,253,5,2,0.88,672|675|890|80010|548593,BRCA1|BRCA2|CCNA2|RMI1|SLX1A,-0.2,MyList
Canonical Pathways,11,M236,PID DELTA NP63 PATHWAY,,-2.1,7.1,4,28162,47,253,3,1.2,0.68,675|7153|9133,BRCA2|TOP2A|CCNB2,-0.18,MyList
Canonical Pathways,11,M1,PID FANCONI PATHWAY,,-2.1,7.1,4,28162,47,253,3,1.2,0.68,672|675|80010,BRCA1|BRCA2|RMI1,-0.18,MyList
GO Biological Processes,19,GO:0006383,transcription by RNA polymerase III,,-2.1,7.1,4,28162,47,253,3,1.2,0.68,661|672|51728,POLR3D|BRCA1|POLR3K,-0.18,MyList
GO Biological Processes,19,GO:0032465,regulation of cytokinesis,,-2.1,4.9,3.6,28162,90,253,4,1.6,0.78,675|9212|9493|10112,BRCA2|AURKB|KIF23|KIF20A,-0.17,MyList
Reactome Gene Sets,6,R-HSA-2559583,Cellular Senescence,,-2,3.4,3.2,28162,197,253,6,2.4,0.96,890|7290|8355|8697|11065|723790,CCNA2|HIRA|H3C8|CDC23|UBE2C|H2AC19,-0.17,MyList
Reactome Gene Sets,6,R-HSA-73886,Chromosome Maintenance,,-2,3.9,3.3,28162,141,253,5,2,0.88,890|5557|55166|55355|723790,CCNA2|PRIM1|CENPQ|HJURP|H2AC19,-0.17,MyList
Reactome Gene Sets,6,R-HSA-6791312,TP53 Regulates Transcription of Cell Cycle Genes,,-2,7,3.9,28162,48,253,3,1.2,0.68,890|891|983,CCNA2|CCNB1|CDK1,-0.17,MyList
Reactome Gene Sets,6,R-HSA-69052,Switching of origins to a post-replicative state,,-2,4.9,3.5,28162,91,253,4,1.6,0.78,890|4172|8697|11065,CCNA2|MCM3|CDC23|UBE2C,-0.17,MyList
Reactome Gene Sets,6,R-HSA-73772,RNA Polymerase I Promoter Escape,,-2,4.9,3.5,28162,91,253,4,1.6,0.78,2968|8355|9015|723790,GTF2H4|H3C8|TAF1A|H2AC19,-0.17,MyList
Reactome Gene Sets,6,R-HSA-70326,Glucose metabolism,,-2,4.9,3.5,28162,91,253,4,1.6,0.78,1468|5516|10007|79023,SLC25A10|PPP2CB|GNPDA1|NUP37,-0.17,MyList
GO Biological Processes,19,GO:0097549,chromatin organization involved in negative regulation of transcription,,-2,3.9,3.3,28162,142,253,5,2,0.88,8318|8329|8355|84661|723790,CDC45|H2AC13|H3C8|DPY30|H2AC19,-0.16,MyList
Reactome Gene Sets,6,R-HSA-3214847,HATs acetylate histones,,-2,3.9,3.3,28162,142,253,5,2,0.88,6944|8329|8355|55578|723790,VPS72|H2AC13|H3C8|SUPT20H|H2AC19,-0.16,MyList
Reactome Gene Sets,6,R-HSA-913531,Interferon Signaling,,-2,3.4,3.2,28162,199,253,6,2.4,0.96,2537|3437|6041|11274|55128|79023,IFI6|IFIT3|RNASEL|USP18|TRIM68|NUP37,-0.16,MyList
Reactome Gene Sets,6,R-HSA-6804756,Regulation of TP53 Activity through Phosphorylation,,-2,4.8,3.5,28162,92,253,4,1.6,0.78,672|890|9212|80010,BRCA1|CCNA2|AURKB|RMI1,-0.15,MyList
WikiPathways,27,WP2038,Regulation of Microtubule Cytoskeleton,,-2,6.8,3.9,28162,49,253,3,1.2,0.68,983|3925|9212,CDK1|STMN1|AURKB,-0.15,MyList
GO Biological Processes,19,GO:0045005,DNA-dependent DNA replication maintenance of fidelity,,-2,6.8,3.9,28162,49,253,3,1.2,0.68,675|50485|201973,BRCA2|SMARCAL1|PRIMPOL,-0.15,MyList
GO Biological Processes,19,GO:0071383,cellular response to steroid hormone stimulus,,-2,3.3,3.1,28162,201,253,6,2.4,0.96,672|2235|5176|7023|55128|85315,BRCA1|FECH|SERPINF1|TFAP4|TRIM68|PAQR8,-0.15,MyList
WikiPathways,27,WP1530,miRNA Regulation of DNA Damage Response,,-2,4.8,3.5,28162,93,253,4,1.6,0.78,672|891|983|9133,BRCA1|CCNB1|CDK1|CCNB2,-0.14,MyList
