_MEMBER_MyList,_LogP_MyList,GO,Description,_PATTERN_,_RANK_,GiniIndex
1,-3.5,GO:0000725,recombinational repair,M1,1,0
1,-5.1,GO:0007080,mitotic metaphase plate congression,M1,1,0
1,-4.9,R-HSA-176417,Phosphorylation of Emi1,M1,1,0
1,-4.2,R-HSA-176409,APC/C:Cdc20 mediated degradation of mitotic proteins,M1,1,0
1,-3.1,R-HSA-176407,Conversion from APC/C:Cdc20 to APC/C:Cdh1 in late anaphase,M1,1,0
1,-3.1,R-HSA-69239,Synthesis of DNA,M1,1,0
1,-2.5,R-HSA-373076,Class A/1 (Rhodopsin-like receptors),M1,1,0
1,-2.6,GO:0031571,mitotic G1 DNA damage checkpoint,M1,1,0
1,-3.4,GO:1904029,regulation of cyclin-dependent protein kinase activity,M1,1,0
1,-4.2,R-HSA-176814,Activation of APC/C and APC/C:Cdc20 mediated degradation of mitotic proteins,M1,1,0
1,-3.7,GO:0035825,homologous recombination,M1,1,0
1,-2.7,R-HSA-1474165,Reproduction,M1,1,0
1,-3,GO:0000082,G1/S transition of mitotic cell cycle,M1,1,0
1,-3,hsa04114,Oocyte meiosis ,M1,1,0
1,-3.9,GO:0007346,regulation of mitotic cell cycle,M1,1,0
1,-4.6,GO:0042770,signal transduction in response to DNA damage,M1,1,0
1,-4.7,GO:0031577,spindle checkpoint,M1,1,0
1,-6.7,GO:0051304,chromosome separation,M1,1,0
1,-3.5,GO:0065004,protein-DNA complex assembly,M1,1,0
1,-2.6,hsa03460,Fanconi anemia pathway,M1,1,0
1,-2.2,R-HSA-5693567,HDR through Homologous Recombination (HRR) or Single Strand Annealing (SSA),M1,1,0
1,-3.6,GO:0006281,DNA repair,M1,1,0
1,-4.6,GO:0009615,response to virus,M1,1,0
1,-4.4,GO:2000816,negative regulation of mitotic sister chromatid separation,M1,1,0
1,-2.2,GO:0007292,female gamete generation,M1,1,0
1,-3.5,R-HSA-391903,Eicosanoid ligand-binding receptors,M1,1,0
1,-2.4,GO:0043624,cellular protein complex disassembly,M1,1,0
1,-3.8,R-HSA-69481,G2/M Checkpoints,M1,1,0
1,-2.4,R-HSA-6806003,Regulation of TP53 Expression and Degradation,M1,1,0
1,-4.3,GO:1901990,regulation of mitotic cell cycle phase transition,M1,1,0
1,-13,GO:0007059,chromosome segregation,M1,1,0
1,-3.7,R-HSA-5693568,Resolution of D-loop Structures through Holliday Junction Intermediates,M1,1,0
1,-4.4,GO:0033044,regulation of chromosome organization,M1,1,0
1,-3,R-HSA-69306,DNA Replication,M1,1,0
1,-2.1,M236,PID DELTA NP63 PATHWAY,M1,1,0
1,-5.7,R-HSA-2514853,Condensation of Prometaphase Chromosomes,M1,1,0
1,-4.2,GO:0051231,spindle elongation,M1,1,0
1,-6.6,R-HSA-156711,Polo-like kinase mediated events,M1,1,0
1,-8.3,GO:0044772,mitotic cell cycle phase transition,M1,1,0
1,-3.6,R-HSA-5693537,Resolution of D-Loop Structures,M1,1,0
1,-2,GO:0045005,DNA-dependent DNA replication maintenance of fidelity,M1,1,0
1,-2.7,GO:0033260,nuclear DNA replication,M1,1,0
1,-9.4,WP2446,Retinoblastoma Gene in Cancer,M1,1,0
1,-3.5,GO:1903046,meiotic cell cycle process,M1,1,0
1,-4.3,GO:0071824,protein-DNA complex subunit organization,M1,1,0
1,-6.1,GO:0051303,establishment of chromosome localization,M1,1,0
1,-9.3,R-HSA-68882,Mitotic Anaphase,M1,1,0
1,-2.7,CORUM:315,"28S ribosomal subunit, mitochondrial",M1,1,0
1,-6,GO:0030071,regulation of mitotic metaphase/anaphase transition,M1,1,0
1,-2,R-HSA-6804756,Regulation of TP53 Activity through Phosphorylation,M1,1,0
1,-2.3,GO:0006342,chromatin silencing,M1,1,0
1,-5.5,GO:0033045,regulation of sister chromatid segregation,M1,1,0
1,-4,R-HSA-176408,Regulation of APC/C activators between G1/S and early anaphase,M1,1,0
1,-2.8,GO:0010948,negative regulation of cell cycle process,M1,1,0
1,-3.8,GO:0140527,reciprocal homologous recombination,M1,1,0
1,-4.4,GO:0033046,negative regulation of sister chromatid segregation,M1,1,0
1,-3.2,GO:0045931,positive regulation of mitotic cell cycle,M1,1,0
1,-4.4,R-HSA-113510,E2F mediated regulation of DNA replication,M1,1,0
1,-4.2,GO:0000022,mitotic spindle elongation,M1,1,0
1,-9.1,GO:0048285,organelle fission,M1,1,0
1,-2,GO:0071383,cellular response to steroid hormone stimulus,M1,1,0
1,-2.5,R-HSA-416476,G alpha (q) signalling events,M1,1,0
1,-2.4,GO:1902749,regulation of cell cycle G2/M phase transition,M1,1,0
1,-3.4,R-HSA-1362300,Transcription of E2F targets under negative control by p107 (RBL1) and p130 (RBL2) in complex with HDAC1,M1,1,0
1,-2.6,R-HSA-9716542,"Signaling by Rho GTPases, Miro GTPases and RHOBTB3",M1,1,0
1,-5.7,GO:0051306,mitotic sister chromatid separation,M1,1,0
1,-2.3,GO:0006353,"DNA-templated transcription, termination",M1,1,0
1,-10,M176,PID FOXM1 PATHWAY,M1,1,0
1,-2,R-HSA-73886,Chromosome Maintenance,M1,1,0
1,-3.3,R-HSA-179419,APC:Cdc20 mediated degradation of cell cycle proteins prior to satisfation of the cell cycle checkpoint,M1,1,0
1,-2.7,GO:0072413,signal transduction involved in mitotic cell cycle checkpoint,M1,1,0
1,-2.4,R-HSA-5689901,Metalloprotease DUBs,M1,1,0
1,-18,R-HSA-1640170,Cell Cycle,M1,1,0
1,-3.5,GO:0006323,DNA packaging,M1,1,0
1,-2.2,WP405,Eukaryotic Transcription Initiation,M1,1,0
1,-3.4,GO:0000281,mitotic cytokinesis,M1,1,0
1,-4.6,GO:0045841,negative regulation of mitotic metaphase/anaphase transition,M1,1,0
1,-7.3,M14,PID AURORA B PATHWAY,M1,1,0
1,-2.6,GO:0019835,cytolysis,M1,1,0
1,-2.2,R-HSA-5693579,Homologous DNA Pairing and Strand Exchange,M1,1,0
1,-4.9,GO:0006978,"DNA damage response, signal transduction by p53 class mediator resulting in transcription of p21 class mediator",M1,1,0
1,-7.8,R-HSA-141424,Amplification of signal from the kinetochores,M1,1,0
1,-4.6,R-HSA-2980767,"Activation of NIMA Kinases NEK9, NEK6, NEK7",M1,1,0
1,-3.7,R-HSA-1280218,Adaptive Immune System,M1,1,0
1,-2.5,R-HSA-69190,DNA strand elongation,M1,1,0
1,-4.3,GO:0006260,DNA replication,M1,1,0
1,-2.6,ko04623,Cytosolic DNA-sensing pathway,M1,1,0
1,-2.2,M19,PID P73PATHWAY,M1,1,0
1,-4.2,GO:0045839,negative regulation of mitotic nuclear division,M1,1,0
1,-12,R-HSA-69620,Cell Cycle Checkpoints,M1,1,0
1,-2.3,WP4655,Cytosolic DNA-sensing pathway,M1,1,0
1,-4.9,CORUM:310,Cell cycle kinase complex CDC2,M1,1,0
1,-6,GO:0050000,chromosome localization,M1,1,0
1,-2.8,GO:0006977,"DNA damage response, signal transduction by p53 class mediator resulting in cell cycle arrest",M1,1,0
1,-3.4,GO:0007096,regulation of exit from mitosis,M1,1,0
1,-3.2,GO:0000086,G2/M transition of mitotic cell cycle,M1,1,0
1,-2.8,ko03460,Fanconi anemia pathway,M1,1,0
1,-3.3,GO:0007088,regulation of mitotic nuclear division,M1,1,0
1,-2.3,GO:0032506,cytokinetic process,M1,1,0
1,-7.7,GO:0044770,cell cycle phase transition,M1,1,0
1,-2.3,R-HSA-372790,Signaling by GPCR,M1,1,0
1,-3.1,GO:1901988,negative regulation of cell cycle phase transition,M1,1,0
1,-3.6,WP45,G1 to S cell cycle control,M1,1,0
1,-2.7,GO:1902402,signal transduction involved in mitotic DNA damage checkpoint,M1,1,0
1,-3.9,GO:0051784,negative regulation of nuclear division,M1,1,0
1,-4.3,R-HSA-195258,RHO GTPase Effectors,M1,1,0
1,-2.5,R-HSA-68962,Activation of the pre-replicative complex,M1,1,0
1,-2.4,R-HSA-909733,Interferon alpha/beta signaling,M1,1,0
1,-2.1,GO:0043254,regulation of protein-containing complex assembly,M1,1,0
1,-2.7,GO:0071549,cellular response to dexamethasone stimulus,M1,1,0
1,-2.3,WP4946,DNA Repair Pathways Full Network,M1,1,0
1,-3.9,GO:0007052,mitotic spindle organization,M1,1,0
1,-2.1,R-HSA-5693538,Homology Directed Repair,M1,1,0
1,-4.7,GO:0034501,protein localization to kinetochore,M1,1,0
1,-4.8,GO:0007051,spindle organization,M1,1,0
1,-4.4,GO:0051256,mitotic spindle midzone assembly,M1,1,0
1,-9.3,R-HSA-69618,Mitotic Spindle Checkpoint,M1,1,0
1,-2.8,R-HSA-179409,APC-Cdc20 mediated degradation of Nek2A,M1,1,0
1,-3.5,GO:0051081,nuclear envelope disassembly,M1,1,0
1,-3.3,GO:0072422,signal transduction involved in DNA damage checkpoint,M1,1,0
1,-3.1,R-HSA-4615885,SUMOylation of DNA replication proteins,M1,1,0
1,-3.3,R-HSA-174184,Cdc20:Phospho-APC/C mediated degradation of Cyclin A,M1,1,0
1,-2.3,GO:0071900,regulation of protein serine/threonine kinase activity,M1,1,0
1,-5.5,GO:1905818,regulation of chromosome separation,M1,1,0
1,-2.2,GO:0051129,negative regulation of cellular component organization,M1,1,0
1,-4.8,R-HSA-174143,APC/C-mediated degradation of cell cycle proteins,M1,1,0
1,-4.1,GO:0010639,negative regulation of organelle organization,M1,1,0
1,-4.3,GO:1905819,negative regulation of chromosome separation,M1,1,0
1,-4.8,GO:0007093,mitotic cell cycle checkpoint,M1,1,0
1,-4.7,GO:0034502,protein localization to chromosome,M1,1,0
1,-2.2,GO:0001510,RNA methylation,M1,1,0
1,-3.6,R-HSA-3301854,Nuclear Pore Complex (NPC) Disassembly,M1,1,0
1,-4.7,GO:0071103,DNA conformation change,M1,1,0
1,-7.1,R-HSA-69273,Cyclin A/B1/B2 associated events during G2/M transition,M1,1,0
1,-4.2,GO:0045787,positive regulation of cell cycle,M1,1,0
1,-3.2,R-HSA-2995383,Initiation of Nuclear Envelope (NE) Reformation,M1,1,0
1,-2.2,R-HSA-3700989,Transcriptional Regulation by TP53,M1,1,0
1,-3.8,GO:0007131,reciprocal meiotic recombination,M1,1,0
1,-2.5,GO:0031570,DNA integrity checkpoint,M1,1,0
1,-2.3,R-HSA-5693616,Presynaptic phase of homologous DNA pairing and strand exchange,M1,1,0
1,-3.5,GO:0000079,regulation of cyclin-dependent protein serine/threonine kinase activity,M1,1,0
1,-2.5,GO:0006261,DNA-dependent DNA replication,M1,1,0
1,-11,GO:0051301,cell division,M1,1,0
1,-2,R-HSA-3214847,HATs acetylate histones,M1,1,0
1,-5.7,R-HSA-174048,APC/C:Cdc20 mediated degradation of Cyclin B,M1,1,0
1,-4.5,GO:0061640,cytoskeleton-dependent cytokinesis,M1,1,0
1,-3.3,GO:0090068,positive regulation of cell cycle process,M1,1,0
1,-2.5,GO:0034470,ncRNA processing,M1,1,0
1,-2.2,ko03440,Homologous recombination,M1,1,0
1,-2.5,ko04115,p53 signaling pathway,M1,1,0
1,-4.8,ko04110,Cell cycle,M1,1,0
1,-2.6,M242,PID AURORA A PATHWAY,M1,1,0
1,-3.7,CORUM:1005,RC complex during G2/M-phase of cell cycle,M1,1,0
1,-3.7,GO:0140013,meiotic nuclear division,M1,1,0
1,-4.6,GO:0051607,defense response to virus,M1,1,0
1,-3.4,GO:1902969,mitotic DNA replication,M1,1,0
1,-4.7,GO:2001251,negative regulation of chromosome organization,M1,1,0
1,-2.5,R-HSA-5633007,Regulation of TP53 Activity,M1,1,0
1,-3.3,GO:0071396,cellular response to lipid,M1,1,0
1,-2.1,GO:0030835,negative regulation of actin filament depolymerization,M1,1,0
1,-2.9,R-HSA-2980766,Nuclear Envelope Breakdown,M1,1,0
1,-16,R-HSA-69278,"Cell Cycle, Mitotic",M1,1,0
1,-9.2,GO:0098813,nuclear chromosome segregation,M1,1,0
1,-7.7,R-HSA-2467813,Separation of Sister Chromatids,M1,1,0
1,-2.6,hsa04623,Cytosolic DNA-sensing pathway ,M1,1,0
1,-2.4,R-HSA-6804757,Regulation of TP53 Degradation,M1,1,0
1,-4.9,R-HSA-453274,Mitotic G2-G2/M phases,M1,1,0
1,-2.3,GO:0045814,"negative regulation of gene expression, epigenetic",M1,1,0
1,-3.3,GO:1901991,negative regulation of mitotic cell cycle phase transition,M1,1,0
1,-2.7,WP2361,Gastric Cancer Network 1,M1,1,0
1,-4.7,GO:0007094,mitotic spindle assembly checkpoint,M1,1,0
1,-2.1,GO:0007204,positive regulation of cytosolic calcium ion concentration,M1,1,0
1,-2.9,GO:0007050,cell cycle arrest,M1,1,0
1,-4.5,GO:1902100,negative regulation of metaphase/anaphase transition of cell cycle,M1,1,0
1,-3.8,GO:0051255,spindle midzone assembly,M1,1,0
1,-6,R-HSA-453279,Mitotic G1 phase and G1/S transition,M1,1,0
1,-2.3,GO:0006270,DNA replication initiation,M1,1,0
1,-7.8,GO:0140014,mitotic nuclear division,M1,1,0
1,-4.9,R-HSA-69275,G2/M Transition,M1,1,0
1,-8.4,GO:0000070,mitotic sister chromatid segregation,M1,1,0
1,-11,R-HSA-2500257,Resolution of Sister Chromatid Cohesion,M1,1,0
1,-3.7,GO:0022411,cellular component disassembly,M1,1,0
1,-2.4,GO:0006333,chromatin assembly or disassembly,M1,1,0
1,-2.2,M66,PID MYC ACTIV PATHWAY,M1,1,0
1,-2,R-HSA-69052,Switching of origins to a post-replicative state,M1,1,0
1,-2.5,GO:0090307,mitotic spindle assembly,M1,1,0
1,-2.3,GO:0071548,response to dexamethasone,M1,1,0
1,-2.8,GO:0034724,DNA replication-independent nucleosome organization,M1,1,0
1,-3.8,GO:0000910,cytokinesis,M1,1,0
1,-4,R-HSA-1538133,G0 and Early G1,M1,1,0
1,-2.9,GO:1901992,positive regulation of mitotic cell cycle phase transition,M1,1,0
1,-2.5,R-HSA-5685942,HDR through Homologous Recombination (HRR),M1,1,0
1,-4.8,WP179,Cell Cycle,M1,1,0
1,-4.7,GO:0000075,cell cycle checkpoint,M1,1,0
1,-4,R-HSA-69205,G1/S-Specific Transcription,M1,1,0
1,-4,GO:0006310,DNA recombination,M1,1,0
1,-2,R-HSA-73772,RNA Polymerase I Promoter Escape,M1,1,0
1,-4.3,GO:0033047,regulation of mitotic sister chromatid segregation,M1,1,0
1,-2.7,GO:1902403,signal transduction involved in mitotic DNA integrity checkpoint,M1,1,0
1,-10,GO:0000280,nuclear division,M1,1,0
1,-4.6,R-HSA-176412,Phosphorylation of the APC/C,M1,1,0
1,-5.2,R-HSA-69478,G2/M DNA replication checkpoint,M1,1,0
1,-3.4,GO:0044843,cell cycle G1/S phase transition,M1,1,0
1,-3.9,GO:1901987,regulation of cell cycle phase transition,M1,1,0
1,-9.3,R-HSA-2555396,Mitotic Metaphase and Anaphase,M1,1,0
1,-2.1,M1,PID FANCONI PATHWAY,M1,1,0
1,-2.4,GO:0008608,attachment of spindle microtubules to kinetochore,M1,1,0
1,-3.6,R-HSA-162658,Golgi Cisternae Pericentriolar Stack Reorganization,M1,1,0
1,-3.1,GO:0071158,positive regulation of cell cycle arrest,M1,1,0
1,-2.3,R-HSA-2299718,Condensation of Prophase Chromosomes,M1,1,0
1,-5.8,GO:0010965,regulation of mitotic sister chromatid separation,M1,1,0
1,-3.3,GO:0040029,"regulation of gene expression, epigenetic",M1,1,0
1,-6.2,R-HSA-5663220,RHO GTPases Activate Formins,M1,1,0
1,-4,GO:0010564,regulation of cell cycle process,M1,1,0
1,-2,WP2038,Regulation of Microtubule Cytoskeleton,M1,1,0
1,-4.8,R-HSA-453276,Regulation of mitotic cell cycle,M1,1,0
1,-2,R-HSA-2559583,Cellular Senescence,M1,1,0
1,-2.5,R-HSA-420092,Glucagon-type ligand receptors,M1,1,0
1,-2.5,hsa04115,p53 signaling pathway ,M1,1,0
1,-3.1,R-HSA-141405,Inhibition of the proteolytic activity of APC/C required for the onset of anaphase by mitotic spindle checkpoint components,M1,1,0
1,-4.8,hsa04110,Cell cycle ,M1,1,0
1,-5.5,R-HSA-69206,G1/S Transition,M1,1,0
1,-3.9,R-HSA-912446,Meiotic recombination,M1,1,0
1,-3.2,R-HSA-1500620,Meiosis,M1,1,0
1,-4.6,GO:0140546,defense response to symbiont,M1,1,0
1,-2.6,GO:0045930,negative regulation of mitotic cell cycle,M1,1,0
1,-4,GO:0031145,anaphase-promoting complex-dependent catabolic process,M1,1,0
1,-3.1,GO:0030261,chromosome condensation,M1,1,0
1,-4.3,GO:1902850,microtubule cytoskeleton organization involved in mitosis,M1,1,0
1,-3.4,GO:0016572,histone phosphorylation,M1,1,0
1,-2.5,WP707,DNA Damage Response,M1,1,0
1,-2.6,GO:0044819,mitotic G1/S transition checkpoint,M1,1,0
1,-2.1,GO:0006383,transcription by RNA polymerase III,M1,1,0
1,-9.6,R-HSA-68886,M Phase,M1,1,0
1,-2.9,GO:0006336,DNA replication-independent nucleosome assembly,M1,1,0
1,-2.3,GO:0032200,telomere organization,M1,1,0
1,-2,WP1530,miRNA Regulation of DNA Damage Response,M1,1,0
1,-3.8,GO:0061982,meiosis I cell cycle process,M1,1,0
1,-4.5,GO:0072331,signal transduction by p53 class mediator,M1,1,0
1,-2.8,R-HSA-5693554,Resolution of D-loop Structures through Synthesis-Dependent Strand Annealing (SDSA),M1,1,0
1,-2.3,R-HSA-2995410,Nuclear Envelope (NE) Reassembly,M1,1,0
1,-2.9,R-HSA-500792,GPCR ligand binding,M1,1,0
1,-2,R-HSA-913531,Interferon Signaling,M1,1,0
1,-9.2,R-HSA-68877,Mitotic Prometaphase,M1,1,0
1,-5.8,GO:0044784,metaphase/anaphase transition of cell cycle,M1,1,0
1,-2.9,GO:0034728,nucleosome organization,M1,1,0
1,-4.8,R-HSA-69242,S Phase,M1,1,0
1,-3.1,GO:0006954,inflammatory response,M1,1,0
1,-2.6,GO:0044786,cell cycle DNA replication,M1,1,0
1,-2.2,WP466,DNA Replication,M1,1,0
1,-4.8,GO:0042772,"DNA damage response, signal transduction resulting in transcription",M1,1,0
1,-2.1,GO:0032465,regulation of cytokinesis,M1,1,0
1,-2.6,GO:0044783,G1 DNA damage checkpoint,M1,1,0
1,-9.3,GO:0000819,sister chromatid segregation,M1,1,0
1,-2.8,GO:1902400,intracellular signal transduction involved in G1 DNA damage checkpoint,M1,1,0
1,-2.8,GO:0051225,spindle assembly,M1,1,0
1,-4.7,GO:0071174,mitotic spindle checkpoint,M1,1,0
1,-5.9,GO:1902099,regulation of metaphase/anaphase transition of cell cycle,M1,1,0
1,-4.2,M129,PID PLK1 PATHWAY,M1,1,0
1,-4.8,GO:0051983,regulation of chromosome segregation,M1,1,0
1,-4.3,GO:0071156,regulation of cell cycle arrest,M1,1,0
1,-2,R-HSA-6791312,TP53 Regulates Transcription of Cell Cycle Genes,M1,1,0
1,-5.9,GO:0007091,metaphase/anaphase transition of mitotic cell cycle,M1,1,0
1,-3.8,GO:0007077,mitotic nuclear envelope disassembly,M1,1,0
1,-2.2,GO:0006399,tRNA metabolic process,M1,1,0
1,-4.9,GO:0000226,microtubule cytoskeleton organization,M1,1,0
1,-2.8,ko04914,Progesterone-mediated oocyte maturation,M1,1,0
1,-6.8,GO:0051310,metaphase plate congression,M1,1,0
1,-2.7,GO:0051321,meiotic cell cycle,M1,1,0
1,-4.4,GO:0033048,negative regulation of mitotic sister chromatid segregation,M1,1,0
1,-2.4,GO:0032392,DNA geometric change,M1,1,0
1,-2.8,GO:0051783,regulation of nuclear division,M1,1,0
1,-2,GO:0097549,chromatin organization involved in negative regulation of transcription,M1,1,0
1,-2.3,GO:0031297,replication fork processing,M1,1,0
1,-2.9,R-HSA-198933,Immunoregulatory interactions between a Lymphoid and a non-Lymphoid cell,M1,1,0
1,-2.2,hsa03440,Homologous recombination ,M1,1,0
1,-3,ko04114,Oocyte meiosis,M1,1,0
1,-2.3,R-HSA-1280215,Cytokine Signaling in Immune system,M1,1,0
1,-3.1,R-HSA-141430,Inactivation of APC/C via direct inhibition of the APC/C complex,M1,1,0
1,-2.5,R-HSA-2559582,Senescence-Associated Secretory Phenotype (SASP),M1,1,0
1,-7,R-HSA-9648025,EML4 and NUDC in mitotic spindle formation,M1,1,0
1,-4.1,R-HSA-2465910,MASTL Facilitates Mitotic Progression,M1,1,0
1,-7.8,R-HSA-141444,Amplification  of signal from unattached  kinetochores via a MAD2  inhibitory signal,M1,1,0
1,-3.5,R-HSA-68875,Mitotic Prophase,M1,1,0
1,-3.3,M40,PID E2F PATHWAY,M1,1,0
1,-4.2,GO:0071459,"protein localization to chromosome, centromeric region",M1,1,0
1,-2.2,GO:0008033,tRNA processing,M1,1,0
1,-2.3,GO:0034660,ncRNA metabolic process,M1,1,0
1,-2.3,WP2516,ATM Signaling Pathway,M1,1,0
1,-5.1,WP4016,DNA IR-damage and cellular response via ATR,M1,1,0
1,-2.3,R-HSA-388396,GPCR downstream signalling,M1,1,0
1,-2.4,GO:0009451,RNA modification,M1,1,0
1,-2.5,GO:1901989,positive regulation of cell cycle phase transition,M1,1,0
1,-4.3,GO:0051985,negative regulation of chromosome segregation,M1,1,0
1,-3.5,GO:0030397,membrane disassembly,M1,1,0
1,-2.8,GO:0045786,negative regulation of cell cycle,M1,1,0
1,-2.3,R-HSA-8852276,The role of GTSE1 in G2/M progression after G2 checkpoint,M1,1,0
1,-2.1,GO:0070098,chemokine-mediated signaling pathway,M1,1,0
1,-3.7,GO:0051988,regulation of attachment of spindle microtubules to kinetochore,M1,1,0
1,-2.5,GO:0032508,DNA duplex unwinding,M1,1,0
1,-2.8,GO:0032259,methylation,M1,1,0
1,-2.7,R-HSA-194315,Signaling by Rho GTPases,M1,1,0
1,-3.3,GO:0072401,signal transduction involved in DNA integrity checkpoint,M1,1,0
1,-4.7,GO:0071173,spindle assembly checkpoint,M1,1,0
1,-2,R-HSA-70326,Glucose metabolism,M1,1,0
1,-2.8,hsa04914,Progesterone-mediated oocyte maturation ,M1,1,0
1,-3.2,GO:0072395,signal transduction involved in cell cycle checkpoint,M1,1,0
1,-2.3,R-HSA-174178,APC/C:Cdh1 mediated degradation of Cdc20 and other APC/C:Cdh1 targeted proteins in late mitosis/early G1,M1,1,0
1,-5.3,GO:0030330,"DNA damage response, signal transduction by p53 class mediator",M1,1,0
1,-4.5,GO:0006302,double-strand break repair,M1,1,0
1,-2.1,WP4022,Pyrimidine metabolism,M1,1,0
1,-4,GO:0010458,exit from mitosis,M1,1,0
1,-2.3,M46,PID ATR PATHWAY,M1,1,0
1,-3.6,GO:0000724,double-strand break repair via homologous recombination,M1,1,0
1,-3.7,GO:0044839,cell cycle G2/M phase transition,M1,1,0
1,-3.9,GO:0007127,meiosis I,M1,1,0
1,-2.8,GO:0072431,signal transduction involved in mitotic G1 DNA damage checkpoint,M1,1,0
