_MEMBER_MyList,_LogP_MyList,GO,_PATTERN_,_RANK_,GiniIndex,Category,CategoryID,Description,PARENT_GO,LogP,Enrichment,Z-score,#TotalGeneInLibrary,#GeneInGO,#GeneInHitList,#GeneInGOAndHitList,%InGO,STDV %InGO,GeneID,Hits,Log(q-value),EvidenceCutoff
1,-20,COVID054,M1,1,0,COVID,200,RNA_Xiong_PBMC_Up,,-20,10,16,28162,300,253,28,11,2,332|890|891|991|1033|1063|2059|3161|3627|4064|7153|7298|8318|9133|9493|10112|10203|11065|23397|24137|51512|55165|55355|79626|83416|83461|113130|157313,BIRC5|CCNA2|CCNB1|CDC20|CDKN3|CENPF|EPS8|HMMR|CXCL10|CD180|TOP2A|TYMS|CDC45|CCNB2|KIF23|KIF20A|CALCRL|UBE2C|NCAPH|KIF4A|GTSE1|CEP55|HJURP|TNFAIP8L2|FCRL5|CDCA3|CDCA5|CDCA2,-15,0
1,-10,COVID015,M1,1,0,COVID,200,RNA_Blanco-Melo_Calu-3_Down,,-10,7,10,28162,300,253,19,7.5,1.7,332|891|991|1033|1468|2593|4172|7153|7298|8318|10112|23397|51512|55355|55723|57405|79038|83461|157313,BIRC5|CCNB1|CDC20|CDKN3|SLC25A10|GAMT|MCM3|TOP2A|TYMS|CDC45|KIF20A|NCAPH|GTSE1|HJURP|ASF1B|SPC25|ZFYVE21|CDCA3|CDCA2,-6.4,0
1,-7.8,COVID007,M1,1,0,COVID,200,RNA_Blanco-Melo_A549_Down,,-7.8,5.9,8.2,28162,300,253,16,6.3,1.5,332|891|1468|2305|4172|8318|9212|10112|23397|27301|51512|55355|55723|80777|83461|113130,BIRC5|CCNB1|SLC25A10|FOXM1|MCM3|CDC45|AURKB|KIF20A|NCAPH|APEX2|GTSE1|HJURP|ASF1B|CYB5B|CDCA3|CDCA5,-4,0
1,-7,COVID134,M1,1,0,COVID,200,Proteome_Stukalov_A549-ACE2_24h_Down,,-7,5.6,7.6,28162,299,253,15,5.9,1.5,890|1063|3925|7023|7268|7298|9212|10112|11065|54908|55165|55723|57405|79833|84706,CCNA2|CENPF|STMN1|TFAP4|TTC4|TYMS|AURKB|KIF20A|UBE2C|SPDL1|CEP55|ASF1B|SPC25|GEMIN6|GPT2,-3.4,0
1,-6.6,COVID353,M1,1,0,COVID,200,RNA_Zhang_Monocytes_severe-and-moderate_Up,,-6.6,8.8,8.4,28162,127,253,10,4,1.2,2537|2999|3001|3437|3627|9381|11274|55303|91624|168537,IFI6|GZMH|GZMA|IFIT3|CXCL10|OTOF|USP18|GIMAP4|NEXN|GIMAP7,-3.1,0
1,-6.3,COVID359,M1,1,0,COVID,200,RNA_Zhang_T-cells_severe-and-moderate_Up,,-6.3,8,7.9,28162,139,253,10,4,1.2,1524|2214|2537|2999|3001|3437|9172|11274|55303|168537,CX3CR1|FCGR3A|IFI6|GZMH|GZMA|IFIT3|MYOM2|USP18|GIMAP4|GIMAP7,-2.7,0
1,-5.8,COVID055,M1,1,0,COVID,200,Phosphoproteome_Bouhaddou_Vero_E6_0h_Down,,-5.8,5.2,6.7,28162,277,253,13,5.1,1.4,991|2059|3097|3925|4298|7153|8479|23397|29035|51474|55355|83879|157313,CDC20|EPS8|HIVEP2|STMN1|MLLT1|TOP2A|HIRIP3|NCAPH|C16orf72|LIMA1|HJURP|CDCA7|CDCA2,-2.4,0
1,-5.6,COVID313,M1,1,0,COVID,200,RNA_Wilk_CD8+T-cells_patient-C5_Up,,-5.6,16,9.1,28162,43,253,6,2.4,0.96,2537|3437|3902|3925|7153|55303,IFI6|IFIT3|LAG3|STMN1|TOP2A|GIMAP4,-2.2,0
1,-5.1,COVID297,M1,1,0,COVID,200,RNA_Wilk_NK-cells_patient-C5_Up,,-5.1,13,8.1,28162,52,253,6,2.4,0.96,1524|2537|3437|9172|22806|55601,CX3CR1|IFI6|IFIT3|MYOM2|IKZF3|DDX60,-1.8,0
1,-4.9,COVID147,M1,1,0,COVID,200,Proteome_Stukalov_A549_72h_NSP13_Up,,-4.9,7.4,6.7,28162,120,253,8,3.2,1.1,16|332|7153|9212|10112|79038|90417|91624,AARS1|BIRC5|TOP2A|AURKB|KIF20A|ZFYVE21|KNSTRN|NEXN,-1.6,0
1,-4.7,COVID024,M1,1,0,COVID,200,RNA_Keller_B-cells-Infected_CD21pos_Up,,-4.7,4.5,5.7,28162,300,253,12,4.7,1.3,608|909|3097|3932|6915|8115|9315|9957|10129|27075|79865|333929,TNFRSF17|CD1A|HIVEP2|LCK|TBXA2R|TCL1A|NREP|HS3ST1|FRY|TSPAN13|TREML2|SNAI3,-1.5,0
1,-4.7,COVID038,M1,1,0,COVID,200,RNA_Sun_Calu-3_12h_Up,,-4.7,4.5,5.7,28162,300,253,12,4.7,1.3,672|675|3097|3437|3620|3627|11274|26512|55279|55601|64108|79898,BRCA1|BRCA2|HIVEP2|IFIT3|IDO1|CXCL10|USP18|INTS6|ZNF654|DDX60|RTP4|ZNF613,-1.5,0
1,-4.7,COVID028,M1,1,0,COVID,200,RNA_Lamers_intestinal-organoid_expansion_Up,,-4.7,6,6.2,28162,167,253,9,3.6,1.2,2537|3437|3627|4172|4495|51090|51650|51728|55601,IFI6|IFIT3|CXCL10|MCM3|MT1G|PLLP|MRPS33|POLR3K|DDX60,-1.5,0
1,-4.6,COVID356,M1,1,0,COVID,200,RNA_Zhang_NK-cells_severe-and-moderate_Up,,-4.6,8.2,6.7,28162,95,253,7,2.8,1,1524|2214|2537|2999|3437|11274|168537,CX3CR1|FCGR3A|IFI6|GZMH|IFIT3|USP18|GIMAP7,-1.5,0
1,-4.5,COVID241,M1,1,0,COVID,200,RNA_Lieberman_Nasopharynx_High_vs_Low_Up,,-4.5,5.8,6,28162,173,253,9,3.6,1.2,1240|2537|3437|3620|3627|11274|64108|65987|91624,CMKLR1|IFI6|IFIT3|IDO1|CXCL10|USP18|RTP4|KCTD14|NEXN,-1.4,0
1,-4.5,COVID315,M1,1,0,COVID,200,RNA_Wilk_CD8+T-cells_patient-C6_Up,,-4.5,14,7.7,28162,41,253,5,2,0.88,1063|2537|3437|7153|55601,CENPF|IFI6|IFIT3|TOP2A|DDX60,-1.4,0
1,-4.2,COVID266,M1,1,0,COVID,200,RNA_Wilk_CD16+Monocytes_patient-C4_Up,,-4.2,8.7,6.4,28162,77,253,6,2.4,0.96,2537|3437|3627|9381|55303|140691,IFI6|IFIT3|CXCL10|OTOF|GIMAP4|TRIM69,-1.2,0
1,-4,COVID050,M1,1,0,COVID,200,RNA_Wyler_Calu-3_24h_Up,,-4,4.1,5.1,28162,300,253,11,4.3,1.3,3097|3437|3620|3627|11274|22806|55601|64108|84706|140691|259307,HIVEP2|IFIT3|IDO1|CXCL10|USP18|IKZF3|DDX60|RTP4|GPT2|TRIM69|IL4I1,-1.2,0
1,-3.7,COVID309,M1,1,0,COVID,200,RNA_Wilk_CD8+T-cells_patient-C3_Up,,-3.7,13,6.8,28162,33,253,4,1.6,0.78,3001|3925|7153|10963,GZMA|STMN1|TOP2A|STIP1,-0.88,0
1,-3.7,COVID071,M1,1,0,COVID,200,Proteome_Bouhaddou_Vero_E6_24h_Down,,-3.7,7,5.6,28162,95,253,6,2.4,0.96,2|1063|5176|7153|7268|11065,A2M|CENPF|SERPINF1|TOP2A|TTC4|UBE2C,-0.88,0
1,-3.4,COVID061,M1,1,0,COVID,200,Phosphoproteome_Bouhaddou_Vero_E6_2h_Down,,-3.4,3.7,4.5,28162,300,253,10,4,1.2,2059|3925|8479|8697|23397|29035|51474|55084|55355|157313,EPS8|STMN1|HIRIP3|CDC23|NCAPH|C16orf72|LIMA1|SOBP|HJURP|CDCA2,-0.71,0
1,-3.3,COVID273,M1,1,0,COVID,200,RNA_Wilk_Dendritic-cells_patient-C1A-mild_Up,,-3.3,11,6.1,28162,40,253,4,1.6,0.78,2537|3437|9381|55601,IFI6|IFIT3|OTOF|DDX60,-0.68,0
1,-2.8,COVID280,M1,1,0,COVID,200,RNA_Wilk_Dendritic-cells_patient-C4_Up,,-2.8,13,5.9,28162,25,253,3,1.2,0.68,2537|3437|9381,IFI6|IFIT3|OTOF,-0.39,0
1,-2.8,COVID030,M1,1,0,COVID,200,RNA_Liao_BALF-mild_Up,,-2.8,3.3,3.9,28162,300,253,9,3.6,1.2,2968|3627|3902|9582|11274|80237|171024|723790|100132948,GTF2H4|CXCL10|LAG3|APOBEC3B|USP18|ELL3|SYNPO2|H2AC19|FAM27C,-0.35,0
1,-2.8,COVID032,M1,1,0,COVID,200,RNA_Liao_BALF-severe_Up,,-2.8,3.3,3.9,28162,300,253,9,3.6,1.2,3620|3902|9582|9957|11274|65987|171024|723790|100132948,IDO1|LAG3|APOBEC3B|HS3ST1|USP18|KCTD14|SYNPO2|H2AC19|FAM27C,-0.35,0
1,-2.8,COVID049,M1,1,0,COVID,200,RNA_Wyler_Calu-3_24h_Down,,-2.8,3.3,3.9,28162,300,253,9,3.6,1.2,1033|1063|3161|3925|7153|9133|10112|24137|83461,CDKN3|CENPF|HMMR|STMN1|TOP2A|CCNB2|KIF20A|KIF4A|CDCA3,-0.35,0
1,-2.8,COVID369,M1,1,0,COVID,200,Interactome_Laurent_HEK293_24h_NSP13,,-2.8,7.8,4.9,28162,57,253,4,1.6,0.78,891|991|51058|55856,CCNB1|CDC20|ZNF691|ACOT13,-0.34,0
1,-2.7,COVID063,M1,1,0,COVID,200,Phosphoproteome_Bouhaddou_Vero_E6_4h_Down,,-2.7,4,4,28162,197,253,7,2.8,1,2059|3925|7153|8697|55084|55355|83879,EPS8|STMN1|TOP2A|CDC23|SOBP|HJURP|CDCA7,-0.28,0
1,-2.6,COVID299,M1,1,0,COVID,200,RNA_Wilk_NK-cells_patient-C6_Up,,-2.6,11,5.3,28162,30,253,3,1.2,0.68,2537|3437|55601,IFI6|IFIT3|DDX60,-0.23,0
1,-2.6,COVID042,M1,1,0,COVID,200,RNA_Sun_Calu-3_7h_Up,,-2.6,7.1,4.6,28162,63,253,4,1.6,0.78,3437|3620|3627|11274,IFIT3|IDO1|CXCL10|USP18,-0.23,0
1,-2.5,COVID287,M1,1,0,COVID,200,RNA_Wilk_NK-cells_patient-C1A-mild_Up,,-2.5,9.8,4.9,28162,34,253,3,1.2,0.68,2537|3437|9172,IFI6|IFIT3|MYOM2,-0.15,0
1,-2.4,COVID014,M1,1,0,COVID,200,RNA_Blanco-Melo_A549-low-MOI_Up,,-2.4,9.5,4.8,28162,35,253,3,1.2,0.68,2537|3437|55601,IFI6|IFIT3|DDX60,-0.13,0
1,-2.4,COVID026,M1,1,0,COVID,200,RNA_Lamers_intestinal-organoid_differentiated_Up,,-2.4,9.3,4.7,28162,36,253,3,1.2,0.68,2537|3437|4495,IFI6|IFIT3|MT1G,-0.12,0
1,-2.3,COVID260,M1,1,0,COVID,200,RNA_Wilk_CD16+Monocytes_patient-C1A-mild_Up,,-2.3,6,4.1,28162,74,253,4,1.6,0.78,2537|3437|9381|9582,IFI6|IFIT3|OTOF|APOBEC3B,-0.1,0
1,-2.3,COVID362,M1,1,0,COVID,200,RNA_Zhang_B-cells_severe-and-moderate_Up,,-2.3,6,4.1,28162,74,253,4,1.6,0.78,2537|3437|11274|51237,IFI6|IFIT3|USP18|MZB1,-0.1,0
1,-2.3,COVID329,M1,1,0,COVID,200,RNA_Wilk_CD4+T-cells_patient-C5_Up,,-2.3,8.8,4.6,28162,38,253,3,1.2,0.68,2537|3437|55601,IFI6|IFIT3|DDX60,-0.076,0
1,-2.3,COVID319,M1,1,0,COVID,200,RNA_Wilk_CD4+T-cells_patient-C1A-mild_Up,,-2.3,8.3,4.4,28162,40,253,3,1.2,0.68,2537|3437|55601,IFI6|IFIT3|DDX60,-0.036,0
1,-2.2,COVID244,M1,1,0,COVID,200,RNA_Wilk_CD14+Monocytes_patient-C1A-mild_Up,,-2.2,5.6,3.9,28162,80,253,4,1.6,0.78,2214|2537|3437|9381,FCGR3A|IFI6|IFIT3|OTOF,-0.036,0
1,-2.2,COVID016,M1,1,0,COVID,200,RNA_Blanco-Melo_Calu-3_Up,,-2.2,3,3.3,28162,300,253,8,3.2,1.1,3097|3437|3620|3627|11274|22806|55601|64108,HIVEP2|IFIT3|IDO1|CXCL10|USP18|IKZF3|DDX60|RTP4,-0.036,0
1,-2.2,COVID048,M1,1,0,COVID,200,RNA_Wyler_Calu-3_12h_Up,,-2.2,3,3.3,28162,300,253,8,3.2,1.1,3097|3437|3620|3627|11274|55601|64108|140691,HIVEP2|IFIT3|IDO1|CXCL10|USP18|DDX60|RTP4|TRIM69,-0.036,0
1,-2.2,COVID057,M1,1,0,COVID,200,Phosphoproteome_Bouhaddou_Vero_E6_12h_Down,,-2.2,3,3.3,28162,300,253,8,3.2,1.1,1063|3925|7153|8697|51474|55084|55355|83879,CENPF|STMN1|TOP2A|CDC23|LIMA1|SOBP|HJURP|CDCA7,-0.036,0
1,-2.2,COVID059,M1,1,0,COVID,200,Phosphoproteome_Bouhaddou_Vero_E6_24h_Down,,-2.2,3,3.3,28162,300,253,8,3.2,1.1,991|1063|3925|7023|7153|8697|55355|83879,CDC20|CENPF|STMN1|TFAP4|TOP2A|CDC23|HJURP|CDCA7,-0.036,0
1,-2.2,COVID378,M1,1,0,COVID,200,Interactome_Laurent_HEK293_24h_NSP7,,-2.2,3,3.3,28162,300,253,8,3.2,1.1,675|7290|10112|23397|25788|51474|55165|84661,BRCA2|HIRA|KIF20A|NCAPH|RAD54B|LIMA1|CEP55|DPY30,-0.036,0
1,-2.1,COVID354,M1,1,0,COVID,200,RNA_Zhang_NK-cells_severe-only_Up,,-2.1,7.4,4.1,28162,45,253,3,1.2,0.68,3001|3579|3925,GZMA|CXCR2|STMN1,0,0
1,-2.1,COVID351,M1,1,0,COVID,200,RNA_Zhang_Monocytes_severe-only_Up,,-2.1,7.1,4,28162,47,253,3,1.2,0.68,4778|51734|723790,NFE2|MSRB1|H2AC19,0,0
1,-2.1,COVID198,M1,1,0,COVID,200,Ubiquitinome_Stukalov_A549-ACE2_24h_Down,,-2.1,3.4,3.2,28162,196,253,6,2.4,0.96,5516|8697|9493|27301|57405|79023,PPP2CB|CDC23|KIF23|APEX2|SPC25|NUP37,0,0
1,-2,COVID158,M1,1,0,COVID,200,Proteome_Stukalov_A549_72h_NSP3_MACROD_Down,,-2,7,3.9,28162,48,253,3,1.2,0.68,983|23397|57405,CDK1|NCAPH|SPC25,0,0
1,-2,COVID262,M1,1,0,COVID,200,RNA_Wilk_CD16+Monocytes_patient-C1B-severe_Up,,-2,6.8,3.9,28162,49,253,3,1.2,0.68,1524|2537|55303,CX3CR1|IFI6|GIMAP4,0,0
