_MEMBER_MyList,_LogP_MyList,GO,_PATTERN_,_RANK_,GiniIndex,Category,CategoryID,Description,PARENT_GO,LogP,Enrichment,Z-score,#TotalGeneInLibrary,#GeneInGO,#GeneInHitList,#GeneInGOAndHitList,%InGO,STDV %InGO,GeneID,Hits,Log(q-value),EvidenceCutoff
1,-7.1,C0025286,M1,1,0,DisGeNET,35,Meningioma,,-7.1,3.9,6.9,28162,634,253,22,8.7,1.8,1|332|672|675|891|983|1063|1524|1672|2214|2305|3620|3925|4172|7153|7290|7298|8115|10112|11065|24137|27306,A1BG|BIRC5|BRCA1|BRCA2|CCNB1|CDK1|CENPF|CX3CR1|DEFB1|FCGR3A|FOXM1|IDO1|STMN1|MCM3|TOP2A|HIRA|TYMS|TCL1A|KIF20A|UBE2C|KIF4A|HPGDS,-3.4,0
1,-5.4,C0149978,M1,1,0,DisGeNET,35,Adenocarcinoma of rectum,,-5.4,8.6,7.4,28162,103,253,8,3.2,1.1,608|672|675|5176|7298|9133|11065|79626,TNFRSF17|BRCA1|BRCA2|SERPINF1|TYMS|CCNB2|UBE2C|TNFAIP8L2,-2,0
1,-5.3,C2363741,M1,1,0,DisGeNET,35,HIV-1 infection,,-5.3,3.2,5.6,28162,695,253,20,7.9,1.7,332|672|890|909|983|1033|1524|1672|2214|3001|3579|3627|3902|3932|5450|6343|9582|11274|55165|81793,BIRC5|BRCA1|CCNA2|CD1A|CDK1|CDKN3|CX3CR1|DEFB1|FCGR3A|GZMA|CXCR2|CXCL10|LAG3|LCK|POU2AF1|SCT|APOBEC3B|USP18|CEP55|TLR10,-1.9,0
1,-5,C0079772,M1,1,0,DisGeNET,35,T-Cell Lymphoma,,-5,3.7,5.7,28162,485,253,16,6.3,1.5,608|2968|3001|3004|3627|3902|3932|5450|6343|6659|7298|8115|9623|50485|55165|94235,TNFRSF17|GTF2H4|GZMA|GZMM|CXCL10|LAG3|LCK|POU2AF1|SCT|SOX4|TYMS|TCL1A|TCL1B|SMARCAL1|CEP55|GNG8,-1.7,0
1,-4.8,C0238122,M1,1,0,DisGeNET,35,Fallopian Tube Carcinoma,,-4.8,25,9.6,28162,18,253,4,1.6,0.78,672|675|3620|29893,BRCA1|BRCA2|IDO1|PSMC3IP,-1.5,0
1,-4.5,C0024301,M1,1,0,DisGeNET,35,"Lymphoma, Follicular",,-4.5,3.5,5.2,28162,477,253,15,5.9,1.5,638|672|675|891|1033|2214|3902|3925|5450|7298|8115|9623|27306|51237|57476,BIK|BRCA1|BRCA2|CCNB1|CDKN3|FCGR3A|LAG3|STMN1|POU2AF1|TYMS|TCL1A|TCL1B|HPGDS|MZB1|GRAMD1B,-1.4,0
1,-4.5,C0221026,M1,1,0,DisGeNET,35,X-linked agammaglobulinemia,,-4.5,9.8,6.9,28162,68,253,6,2.4,0.96,608|2214|2305|3902|27306|29760,TNFRSF17|FCGR3A|FOXM1|LAG3|HPGDS|BLNK,-1.4,0
1,-4.4,C0521158,M1,1,0,DisGeNET,35,Recurrent tumor,,-4.4,2.9,4.9,28162,735,253,19,7.5,1.7,332|672|675|874|891|983|1033|1063|1524|2305|3925|3932|7153|7298|9212|10112|27342|55165|55279,BIRC5|BRCA1|BRCA2|CBR3|CCNB1|CDK1|CDKN3|CENPF|CX3CR1|FOXM1|STMN1|LCK|TOP2A|TYMS|AURKB|KIF20A|RABGEF1|CEP55|ZNF654,-1.3,0
1,-4.3,C0206686,M1,1,0,DisGeNET,35,Adrenocortical carcinoma,,-4.3,4.4,5.4,28162,281,253,11,4.3,1.3,675|933|1033|2305|3627|3925|4172|7153|7298|8045|10911,BRCA2|CD22|CDKN3|FOXM1|CXCL10|STMN1|MCM3|TOP2A|TYMS|RASSF7|UTS2,-1.3,0
1,-4.2,C1301363,M1,1,0,DisGeNET,35,Blastic plasmacytoid dendritic cell neoplasm,,-4.2,12,7.2,28162,46,253,5,2,0.88,909|3563|4298|8115|9623,CD1A|IL3RA|MLLT1|TCL1A|TCL1B,-1.2,0
1,-4.2,C0151779,M1,1,0,DisGeNET,35,Cutaneous Melanoma,,-4.2,3.3,5,28162,507,253,15,5.9,1.5,672|675|1033|3902|4172|5176|6041|6659|7153|7268|7298|9212|10963|27306|90417,BRCA1|BRCA2|CDKN3|LAG3|MCM3|SERPINF1|RNASEL|SOX4|TOP2A|TTC4|TYMS|AURKB|STIP1|HPGDS|KNSTRN,-1.2,0
1,-4.2,C1827293,M1,1,0,DisGeNET,35,"Carcinoma of urinary bladder, invasive",,-4.2,4.3,5.3,28162,287,253,11,4.3,1.3,874|891|1033|1063|2305|3161|3925|9212|11274|27306|55165,CBR3|CCNB1|CDKN3|CENPF|FOXM1|HMMR|STMN1|AURKB|USP18|HPGDS|CEP55,-1.2,0
1,-4.1,C0220597,M1,1,0,DisGeNET,35,Adult Hodgkin Lymphoma,,-4.1,3.6,5,28162,399,253,13,5.1,1.4,332|608|2214|2968|3563|3627|3925|5450|6343|11065|27306|27342|80777,BIRC5|TNFRSF17|FCGR3A|GTF2H4|IL3RA|CXCL10|STMN1|POU2AF1|SCT|UBE2C|HPGDS|RABGEF1|CYB5B,-1.2,0
1,-4.1,C0220644,M1,1,0,DisGeNET,35,Childhood Hodgkin Lymphoma,,-4.1,3.6,5,28162,399,253,13,5.1,1.4,332|608|2214|2968|3563|3627|3925|5450|6343|11065|27306|27342|80777,BIRC5|TNFRSF17|FCGR3A|GTF2H4|IL3RA|CXCL10|STMN1|POU2AF1|SCT|UBE2C|HPGDS|RABGEF1|CYB5B,-1.2,0
1,-4.1,C0153579,M1,1,0,DisGeNET,35,Malignant neoplasm of fallopian tube,,-4.1,33,9.8,28162,10,253,3,1.2,0.68,672|675|3620,BRCA1|BRCA2|IDO1,-1.2,0
1,-4.1,C0334634,M1,1,0,DisGeNET,35,"Malignant lymphoma, lymphocytic, intermediate differentiation, diffuse",,-4.1,4.1,5.2,28162,296,253,11,4.3,1.3,638|891|2214|3932|6659|7153|8115|9212|9582|9623|27306,BIK|CCNB1|FCGR3A|LCK|SOX4|TOP2A|TCL1A|AURKB|APOBEC3B|TCL1B|HPGDS,-1.2,0
1,-4.1,C0019348,M1,1,0,DisGeNET,35,Herpes Simplex Infections,,-4.1,2.9,4.7,28162,645,253,17,6.7,1.6,675|983|1524|2214|3001|3620|3627|3902|5176|6343|7153|7290|7298|9447|9493|9957|140691,BRCA2|CDK1|CX3CR1|FCGR3A|GZMA|IDO1|CXCL10|LAG3|SERPINF1|SCT|TOP2A|HIRA|TYMS|AIM2|KIF23|HS3ST1|TRIM69,-1.2,0
1,-3.9,C0024419,M1,1,0,DisGeNET,35,Waldenstrom Macroglobulinemia,,-3.9,5.5,5.5,28162,162,253,8,3.2,1.1,933|2214|3161|5450|8115|9172|9623|29760,CD22|FCGR3A|HMMR|POU2AF1|TCL1A|MYOM2|TCL1B|BLNK,-1.1,0
1,-3.9,C0024305,M1,1,0,DisGeNET,35,"Lymphoma, Non-Hodgkin",,-3.9,2.7,4.5,28162,733,253,18,7.1,1.6,332|608|672|675|933|1524|2214|2305|3620|7298|8115|9623|11065|25788|27306|50485|81793|113130,BIRC5|TNFRSF17|BRCA1|BRCA2|CD22|CX3CR1|FCGR3A|FOXM1|IDO1|TYMS|TCL1A|TCL1B|UBE2C|RAD54B|HPGDS|SMARCAL1|TLR10|CDCA5,-1,0
1,-3.8,C1292753,M1,1,0,DisGeNET,35,Primary Effusion Lymphoma,,-3.8,5.3,5.3,28162,169,253,8,3.2,1.1,332|983|1033|2968|5450|8115|9623|22806,BIRC5|CDK1|CDKN3|GTF2H4|POU2AF1|TCL1A|TCL1B|IKZF3,-0.97,0
1,-3.7,C0004135,M1,1,0,DisGeNET,35,Ataxia Telangiectasia,,-3.7,3.5,4.7,28162,384,253,12,4.7,1.3,638|672|675|891|983|2968|6915|7153|7298|8115|9133|9623,BIK|BRCA1|BRCA2|CCNB1|CDK1|GTF2H4|TBXA2R|TOP2A|TYMS|TCL1A|CCNB2|TCL1B,-0.88,0
1,-3.7,C0023470,M1,1,0,DisGeNET,35,Myeloid Leukemia,,-3.7,3.5,4.6,28162,385,253,12,4.7,1.3,332|672|675|2235|3563|3925|4298|6343|6659|8697|10112|27306,BIRC5|BRCA1|BRCA2|FECH|IL3RA|STMN1|MLLT1|SCT|SOX4|CDC23|KIF20A|HPGDS,-0.88,0
1,-3.7,C4287589,M1,1,0,DisGeNET,35,Serous Tubal Intraepithelial Carcinoma,,-3.7,13,6.8,28162,33,253,4,1.6,0.78,672|675|3925|7153,BRCA1|BRCA2|STMN1|TOP2A,-0.88,0
1,-3.7,C0023465,M1,1,0,DisGeNET,35,Acute monocytic leukemia,,-3.7,2.8,4.4,28162,633,253,16,6.3,1.5,332|672|1033|2214|3161|3563|3579|3620|3932|4298|4778|6343|7268|9212|9582|27306,BIRC5|BRCA1|CDKN3|FCGR3A|HMMR|IL3RA|CXCR2|IDO1|LCK|MLLT1|NFE2|SCT|TTC4|AURKB|APOBEC3B|HPGDS,-0.88,0
1,-3.6,C1333992,M1,1,0,DisGeNET,35,Hereditary Ovarian Carcinoma,,-3.6,24,8.1,28162,14,253,3,1.2,0.68,672|675|8045,BRCA1|BRCA2|RASSF7,-0.85,0
1,-3.6,C2717836,M1,1,0,DisGeNET,35,Steroid Sulfatase Deficiency Disease,,-3.6,4.9,5,28162,181,253,8,3.2,1.1,672|675|983|3902|7051|7153|7298|27306,BRCA1|BRCA2|CDK1|LAG3|TGM1|TOP2A|TYMS|HPGDS,-0.85,0
1,-3.5,C0023487,M1,1,0,DisGeNET,35,Acute Promyelocytic Leukemia,,-3.5,2.7,4.3,28162,651,253,16,6.3,1.5,332|638|672|890|891|983|1468|3925|4298|6343|7051|7298|9212|11274|27306|100750225,BIRC5|BIK|BRCA1|CCNA2|CCNB1|CDK1|SLC25A10|STMN1|MLLT1|SCT|TGM1|TYMS|AURKB|USP18|HPGDS|PCAT1,-0.79,0
1,-3.5,C1762616,M1,1,0,DisGeNET,35,"Meningioma, benign, no ICD-O subtype",,-3.5,3.3,4.4,28162,404,253,12,4.7,1.3,672|675|891|983|1063|1524|2305|3925|7153|8115|11065|27306,BRCA1|BRCA2|CCNB1|CDK1|CENPF|CX3CR1|FOXM1|STMN1|TOP2A|TCL1A|UBE2C|HPGDS,-0.78,0
1,-3.5,C0278877,M1,1,0,DisGeNET,35,Adult Meningioma,,-3.5,3.3,4.4,28162,405,253,12,4.7,1.3,672|675|891|983|1063|1524|2305|3925|7153|8115|11065|27306,BRCA1|BRCA2|CCNB1|CDK1|CENPF|CX3CR1|FOXM1|STMN1|TOP2A|TCL1A|UBE2C|HPGDS,-0.78,0
1,-3.5,C0040034,M1,1,0,DisGeNET,35,Thrombocytopenia,,-3.5,2.8,4.3,28162,592,253,15,5.9,1.5,672|675|991|1468|3627|4778|5176|6343|6915|7290|7298|11274|50485|157570|259307,BRCA1|BRCA2|CDC20|SLC25A10|CXCL10|NFE2|SERPINF1|SCT|TBXA2R|HIRA|TYMS|USP18|SMARCAL1|ESCO2|IL4I1,-0.78,0
1,-3.5,C1328252,M1,1,0,DisGeNET,35,Mucocutaneous leishmaniasis,,-3.5,12,6.4,28162,37,253,4,1.6,0.78,3001|3579|3627|9447,GZMA|CXCR2|CXCL10|AIM2,-0.78,0
1,-3.5,C3642346,M1,1,0,DisGeNET,35,Luminal B Breast Carcinoma,,-3.5,6.5,5.3,28162,103,253,6,2.4,0.96,672|675|7153|7298|22806|54458,BRCA1|BRCA2|TOP2A|TYMS|IKZF3|PRR13,-0.77,0
1,-3.5,C1868683,M1,1,0,DisGeNET,35,"B-CELL MALIGNANCY, LOW-GRADE",,-3.5,3.5,4.5,28162,350,253,11,4.3,1.3,608|672|675|1033|2214|3161|4064|8115|9623|22806|83416,TNFRSF17|BRCA1|BRCA2|CDKN3|FCGR3A|HMMR|CD180|TCL1A|TCL1B|IKZF3|FCRL5,-0.76,0
1,-3.4,C0333997,M1,1,0,DisGeNET,35,Lymphoid hyperplasia,,-3.4,11,6.2,28162,39,253,4,1.6,0.78,3627|7298|8115|9623,CXCL10|TYMS|TCL1A|TCL1B,-0.71,0
1,-3.3,C4704874,M1,1,0,DisGeNET,35,"Mammary Carcinoma, Human",,-3.3,2.9,4.2,28162,545,253,14,5.5,1.4,332|672|675|983|1063|2305|3161|3620|3925|7153|7298|9582|9623|11065,BIRC5|BRCA1|BRCA2|CDK1|CENPF|FOXM1|HMMR|IDO1|STMN1|TOP2A|TYMS|APOBEC3B|TCL1B|UBE2C,-0.68,0
1,-3.3,C0079588,M1,1,0,DisGeNET,35,"Ichthyosis, X-Linked",,-3.3,4.5,4.7,28162,199,253,8,3.2,1.1,672|675|983|3902|7051|7153|7298|27306,BRCA1|BRCA2|CDK1|LAG3|TGM1|TOP2A|TYMS|HPGDS,-0.68,0
1,-3.3,C3642345,M1,1,0,DisGeNET,35,Luminal A Breast Carcinoma,,-3.3,5.1,4.8,28162,153,253,7,2.8,1,672|2305|3161|7153|22806|25788|55355,BRCA1|FOXM1|HMMR|TOP2A|IKZF3|RAD54B|HJURP,-0.67,0
1,-3.3,C4086152,M1,1,0,DisGeNET,35,Childhood Astrocytoma,,-3.3,2.7,4.1,28162,615,253,15,5.9,1.5,2|991|3161|3579|3627|5031|5270|5998|6659|6915|7153|9212|9447|27306|113130,A2M|CDC20|HMMR|CXCR2|CXCL10|P2RY6|SERPINE2|RGS3|SOX4|TBXA2R|TOP2A|AURKB|AIM2|HPGDS|CDCA5,-0.67,0
1,-3.3,C0014740,M1,1,0,DisGeNET,35,Erythema Chronicum Migrans,,-3.3,11,6,28162,41,253,4,1.6,0.78,3627|27306|79023|113130,CXCL10|HPGDS|NUP37|CDCA5,-0.67,0
1,-3.3,C4023687,M1,1,0,DisGeNET,35,EEG with multifocal slow activity,,-3.3,11,6,28162,41,253,4,1.6,0.78,16|773|25973|64801,AARS1|CACNA1A|PARS2|ARV1,-0.67,0
1,-3.3,C0007138,M1,1,0,DisGeNET,35,"Carcinoma, Transitional Cell",,-3.3,2.7,4,28162,623,253,15,5.9,1.5,672|675|890|991|2305|3161|3925|6659|9582|27306|55165|55279|55635|56413|81793,BRCA1|BRCA2|CCNA2|CDC20|FOXM1|HMMR|STMN1|SOX4|APOBEC3B|HPGDS|CEP55|ZNF654|DEPDC1|LTB4R2|TLR10,-0.64,0
1,-3.2,C0278876,M1,1,0,DisGeNET,35,Adult Medulloblastoma,,-3.2,2.5,4,28162,762,253,17,6.7,1.6,672|675|891|983|2235|2305|3620|3925|4172|6659|7153|7298|8355|9212|27306|54596|83879,BRCA1|BRCA2|CCNB1|CDK1|FECH|FOXM1|IDO1|STMN1|MCM3|SOX4|TOP2A|TYMS|H3C8|AURKB|HPGDS|L1TD1|CDCA7,-0.63,0
1,-3.2,C0035222,M1,1,0,DisGeNET,35,"Respiratory Distress Syndrome, Adult",,-3.2,3.1,4.2,28162,434,253,12,4.7,1.3,891|1033|1672|2305|3001|3627|3982|6915|7153|9133|27306|50485,CCNB1|CDKN3|DEFB1|FOXM1|GZMA|CXCL10|LIM2|TBXA2R|TOP2A|CCNB2|HPGDS|SMARCAL1,-0.61,0
1,-3.2,C4551686,M1,1,0,DisGeNET,35,Malignant neoplasm of soft tissue,,-3.2,2.5,3.9,28162,699,253,16,6.3,1.5,332|672|675|2214|2305|3563|3579|3627|3902|3925|3932|4172|6944|7290|7298|9623,BIRC5|BRCA1|BRCA2|FCGR3A|FOXM1|IL3RA|CXCR2|CXCL10|LAG3|STMN1|LCK|MCM3|VPS72|HIRA|TYMS|TCL1B,-0.6,0
1,-3.2,C1704272,M1,1,0,DisGeNET,35,Benign Prostatic Hyperplasia,,-3.2,2.5,3.9,28162,770,253,17,6.7,1.6,2|672|891|2305|3161|3620|5176|5831|6041|7153|9212|9447|27306|50485|51237|55165|100750225,A2M|BRCA1|CCNB1|FOXM1|HMMR|IDO1|SERPINF1|PYCR1|RNASEL|TOP2A|AURKB|AIM2|HPGDS|SMARCAL1|MZB1|CEP55|PCAT1,-0.6,0
1,-3.2,C0278510,M1,1,0,DisGeNET,35,Childhood Medulloblastoma,,-3.2,2.5,3.9,28162,771,253,17,6.7,1.6,672|675|891|983|2235|2305|3620|3925|4172|6659|7153|7298|8355|9212|27306|54596|83879,BRCA1|BRCA2|CCNB1|CDK1|FECH|FOXM1|IDO1|STMN1|MCM3|SOX4|TOP2A|TYMS|H3C8|AURKB|HPGDS|L1TD1|CDCA7,-0.6,0
1,-3.1,C0677932,M1,1,0,DisGeNET,35,Progressive Neoplastic Disease,,-3.1,3.2,4.1,28162,384,253,11,4.3,1.3,332|608|672|2214|3627|3902|3925|6343|7298|9172|55279,BIRC5|TNFRSF17|BRCA1|FCGR3A|CXCL10|LAG3|STMN1|SCT|TYMS|MYOM2|ZNF654,-0.54,0
1,-3.1,C3539781,M1,1,0,DisGeNET,35,Progressive cGVHD,,-3.1,3.2,4.1,28162,384,253,11,4.3,1.3,332|608|672|2214|3627|3902|3925|6343|7298|9172|55279,BIRC5|TNFRSF17|BRCA1|FCGR3A|CXCL10|LAG3|STMN1|SCT|TYMS|MYOM2|ZNF654,-0.54,0
1,-3.1,C0034103,M1,1,0,DisGeNET,35,Pulpitis,,-3.1,9.5,5.5,28162,47,253,4,1.6,0.78,1240|1672|3627|9447,CMKLR1|DEFB1|CXCL10|AIM2,-0.51,0
1,-3.1,C0162532,M1,1,0,DisGeNET,35,Variegate Porphyria,,-3.1,16,6.5,28162,21,253,3,1.2,0.68,211|2235|8697,ALAS1|FECH|CDC23,-0.51,0
1,-3,C0035304,M1,1,0,DisGeNET,35,Retinal Degeneration,,-3,5.3,4.6,28162,125,253,6,2.4,0.96,16|773|1524|25973|64801|64802,AARS1|CACNA1A|CX3CR1|PARS2|ARV1|NMNAT1,-0.47,0
1,-3,C0023288,M1,1,0,DisGeNET,35,Infection by Leishmania braziliensis,,-3,15,6.3,28162,22,253,3,1.2,0.68,3001|3627|9447,GZMA|CXCL10|AIM2,-0.47,0
1,-3,C1514428,M1,1,0,DisGeNET,35,Primary peritoneal carcinoma,,-3,9.1,5.4,28162,49,253,4,1.6,0.78,672|675|3925|7298,BRCA1|BRCA2|STMN1|TYMS,-0.47,0
1,-3,C1857704,M1,1,0,DisGeNET,35,Abnormal myelination,,-3,9.1,5.4,28162,49,253,4,1.6,0.78,16|773|25973|64801,AARS1|CACNA1A|PARS2|ARV1,-0.47,0
1,-3,C1997217,M1,1,0,DisGeNET,35,Low grade glioma,,-3,6.5,4.9,28162,85,253,5,2,0.88,2305|5176|9447|24137|26292,FOXM1|SERPINF1|AIM2|KIF4A|MYCBP,-0.46,0
1,-3,C1257931,M1,1,0,DisGeNET,35,"Mammary Neoplasms, Human",,-3,2.7,3.9,28162,527,253,13,5.1,1.4,332|672|675|1063|2305|3161|3620|3925|7153|7298|9582|9623|11065,BIRC5|BRCA1|BRCA2|CENPF|FOXM1|HMMR|IDO1|STMN1|TOP2A|TYMS|APOBEC3B|TCL1B|UBE2C,-0.46,0
1,-3,C4721532,M1,1,0,DisGeNET,35,"Lymphoma, Non-Hodgkin, Familial",,-3,2.9,3.9,28162,462,253,12,4.7,1.3,672|675|933|2214|3620|7298|8115|9623|25788|27306|50485|113130,BRCA1|BRCA2|CD22|FCGR3A|IDO1|TYMS|TCL1A|TCL1B|RAD54B|HPGDS|SMARCAL1|CDCA5,-0.46,0
1,-3,C4721414,M1,1,0,DisGeNET,35,Mantle cell lymphoma,,-3,2.9,3.9,28162,466,253,12,4.7,1.3,638|891|933|991|2214|3932|6659|8115|9212|9582|9623|27306,BIK|CCNB1|CD22|CDC20|FCGR3A|LCK|SOX4|TCL1A|AURKB|APOBEC3B|TCL1B|HPGDS,-0.43,0
1,-2.9,C0043144,M1,1,0,DisGeNET,35,Wheezing,,-2.9,5.1,4.5,28162,132,253,6,2.4,0.96,3627|6915|22806|27306|81793|140691,CXCL10|TBXA2R|IKZF3|HPGDS|TLR10|TRIM69,-0.39,0
1,-2.9,C0853879,M1,1,0,DisGeNET,35,Invasive carcinoma of breast,,-2.9,2.8,3.8,28162,473,253,12,4.7,1.3,672|675|890|909|983|2059|7153|7298|9582|27306|84632|201973,BRCA1|BRCA2|CCNA2|CD1A|CDK1|EPS8|TOP2A|TYMS|APOBEC3B|HPGDS|AFAP1L2|PRIMPOL,-0.39,0
1,-2.9,C0017677,M1,1,0,DisGeNET,35,"Glossitis, Benign Migratory",,-2.9,8.4,5.1,28162,53,253,4,1.6,0.78,3627|27306|79023|113130,CXCL10|HPGDS|NUP37|CDCA5,-0.39,0
1,-2.9,C0349636,M1,1,0,DisGeNET,35,Pre B-cell acute lymphoblastic leukemia,,-2.9,6.2,4.7,28162,90,253,5,2,0.88,933|3563|8115|9623|29760,CD22|IL3RA|TCL1A|TCL1B|BLNK,-0.39,0
1,-2.8,C0862506,M1,1,0,DisGeNET,35,Borderline ovarian tumour,,-2.8,8.2,5.1,28162,54,253,4,1.6,0.78,672|675|4172|80010,BRCA1|BRCA2|MCM3|RMI1,-0.39,0
1,-2.8,C0024306,M1,1,0,DisGeNET,35,"Lymphoma, Undifferentiated",,-2.8,13,5.9,28162,25,253,3,1.2,0.68,2214|7298|25788,FCGR3A|TYMS|RAD54B,-0.39,0
1,-2.8,C0524909,M1,1,0,DisGeNET,35,"Hepatitis B, Chronic",,-2.8,3,3.8,28162,415,253,11,4.3,1.3,2214|3579|3627|3902|6343|9172|9447|9582|11274|79626|84706,FCGR3A|CXCR2|CXCL10|LAG3|SCT|MYOM2|AIM2|APOBEC3B|USP18|TNFAIP8L2|GPT2,-0.39,0
1,-2.8,C0008626,M1,1,0,DisGeNET,35,Congenital chromosomal disease,,-2.8,2.4,3.6,28162,757,253,16,6.3,1.5,672|675|933|1468|2305|3925|6343|7298|8115|9172|9212|9623|23397|25788|27306|50485,BRCA1|BRCA2|CD22|SLC25A10|FOXM1|STMN1|SCT|TYMS|TCL1A|MYOM2|AURKB|TCL1B|NCAPH|RAD54B|HPGDS|SMARCAL1,-0.39,0
1,-2.8,C0812413,M1,1,0,DisGeNET,35,Malignant Pleural Mesothelioma,,-2.8,2.9,3.8,28162,421,253,11,4.3,1.3,332|983|2235|3620|3627|3902|3925|4495|7298|9493|113130,BIRC5|CDK1|FECH|IDO1|CXCL10|LAG3|STMN1|MT1G|TYMS|KIF23|CDCA5,-0.35,0
1,-2.8,C0007873,M1,1,0,DisGeNET,35,Uterine Cervical Neoplasm,,-2.8,4.8,4.3,28162,140,253,6,2.4,0.96,332|3627|5176|7153|7298|9582,BIRC5|CXCL10|SERPINF1|TOP2A|TYMS|APOBEC3B,-0.34,0
1,-2.7,C4054726,M1,1,0,DisGeNET,35,Infant Leukemia,,-2.7,12,5.6,28162,27,253,3,1.2,0.68,933|4298|7153,CD22|MLLT1|TOP2A,-0.33,0
1,-2.7,C0343641,M1,1,0,DisGeNET,35,Human papilloma virus infection,,-2.7,2.9,3.7,28162,428,253,11,4.3,1.3,983|1033|1672|3627|3925|6041|7298|9447|9582|10112|27306,CDK1|CDKN3|DEFB1|CXCL10|STMN1|RNASEL|TYMS|AIM2|APOBEC3B|KIF20A|HPGDS,-0.32,0
1,-2.7,C0524910,M1,1,0,DisGeNET,35,"Hepatitis C, Chronic",,-2.7,2.8,3.7,28162,430,253,11,4.3,1.3,1240|1524|1672|2214|2305|3001|3579|3620|3627|6041|27306,CMKLR1|CX3CR1|DEFB1|FCGR3A|FOXM1|GZMA|CXCR2|IDO1|CXCL10|RNASEL|HPGDS,-0.31,0
1,-2.7,C0085669,M1,1,0,DisGeNET,35,Acute leukemia,,-2.7,2.4,3.5,28162,639,253,14,5.5,1.4,672|675|890|933|1033|2305|3925|4298|6343|6659|7153|7298|9212|27306,BRCA1|BRCA2|CCNA2|CD22|CDKN3|FOXM1|STMN1|MLLT1|SCT|SOX4|TOP2A|TYMS|AURKB|HPGDS,-0.28,0
1,-2.7,C0030283,M1,1,0,DisGeNET,35,Pancreatic Cyst,,-2.7,7.4,4.7,28162,60,253,4,1.6,0.78,672|675|6343|55165,BRCA1|BRCA2|SCT|CEP55,-0.28,0
1,-2.7,C0278883,M1,1,0,DisGeNET,35,Metastatic melanoma,,-2.7,2.7,3.6,28162,504,253,12,4.7,1.3,1033|1524|2305|3620|3627|3902|5176|6659|9212|27342|57105|259307,CDKN3|CX3CR1|FOXM1|IDO1|CXCL10|LAG3|SERPINF1|SOX4|AURKB|RABGEF1|CYSLTR2|IL4I1,-0.28,0
1,-2.7,C1332201,M1,1,0,DisGeNET,35,Adult Diffuse Large B-Cell Lymphoma,,-2.7,2.7,3.6,28162,504,253,12,4.7,1.3,332|933|983|2214|2305|3627|3902|8115|9623|27306|51237|80237,BIRC5|CD22|CDK1|FCGR3A|FOXM1|CXCL10|LAG3|TCL1A|TCL1B|HPGDS|MZB1|ELL3,-0.28,0
1,-2.7,C0238093,M1,1,0,DisGeNET,35,Stenosis of duodenum,,-2.7,12,5.4,28162,29,253,3,1.2,0.68,672|675|8318,BRCA1|BRCA2|CDC45,-0.27,0
1,-2.6,C0013589,M1,1,0,DisGeNET,35,Ectromelia,,-2.6,11,5.3,28162,30,253,3,1.2,0.68,3001|113130|157570,GZMA|CDCA5|ESCO2,-0.23,0
1,-2.6,C0555198,M1,1,0,DisGeNET,35,Malignant Glioma,,-2.6,2.3,3.4,28162,724,253,15,5.9,1.5,332|638|675|983|1524|2059|2305|3925|5176|7153|9212|9493|27306|27342|55635,BIRC5|BIK|BRCA2|CDK1|CX3CR1|EPS8|FOXM1|STMN1|SERPINF1|TOP2A|AURKB|KIF23|HPGDS|RABGEF1|DEPDC1,-0.23,0
1,-2.6,C0751690,M1,1,0,DisGeNET,35,Malignant Peripheral Nerve Sheath Tumor,,-2.6,3.4,3.7,28162,261,253,8,3.2,1.1,332|672|675|2305|3161|5176|7153|9623,BIRC5|BRCA1|BRCA2|FOXM1|HMMR|SERPINF1|TOP2A|TCL1B,-0.21,0
1,-2.6,C0002878,M1,1,0,DisGeNET,35,"Anemia, Hemolytic",,-2.6,4.3,4,28162,154,253,6,2.4,0.96,2|608|675|2214|2235|27306,A2M|TNFRSF17|BRCA2|FCGR3A|FECH|HPGDS,-0.2,0
1,-2.6,C0242647,M1,1,0,DisGeNET,35,Mucosa-Associated Lymphoid Tissue Lymphoma,,-2.6,3.4,3.7,28162,264,253,8,3.2,1.1,1524|3579|3925|7298|8115|9435|9623|27306,CX3CR1|CXCR2|STMN1|TYMS|TCL1A|CHST2|TCL1B|HPGDS,-0.19,0
1,-2.6,C0280220,M1,1,0,DisGeNET,35,"stage, ovarian epithelial cancer",,-2.6,6.8,4.5,28162,65,253,4,1.6,0.78,672|675|3579|9212,BRCA1|BRCA2|CXCR2|AURKB,-0.19,0
1,-2.5,C1279296,M1,1,0,DisGeNET,35,Chronic leukemia (category),,-2.5,10,5.1,28162,32,253,3,1.2,0.68,3161|8115|9623,HMMR|TCL1A|TCL1B,-0.18,0
1,-2.5,C1292754,M1,1,0,DisGeNET,35,Mediastinal (Thymic) Large B-Cell Lymphoma,,-2.5,6.7,4.4,28162,66,253,4,1.6,0.78,3563|8115|9623|259307,IL3RA|TCL1A|TCL1B|IL4I1,-0.18,0
1,-2.5,C0238461,M1,1,0,DisGeNET,35,Anaplastic thyroid carcinoma,,-2.5,2.8,3.5,28162,392,253,10,4,1.2,983|1033|2305|3620|3627|3925|9212|11065|55165|147841,CDK1|CDKN3|FOXM1|IDO1|CXCL10|STMN1|AURKB|UBE2C|CEP55|SPC24,-0.17,0
1,-2.5,C0282160,M1,1,0,DisGeNET,35,Aplasia Cutis Congenita,,-2.5,2.8,3.5,28162,393,253,10,4,1.2,672|675|891|983|2305|3925|6659|7153|7298|9582,BRCA1|BRCA2|CCNB1|CDK1|FOXM1|STMN1|SOX4|TOP2A|TYMS|APOBEC3B,-0.17,0
1,-2.5,C0149782,M1,1,0,DisGeNET,35,Squamous cell carcinoma of lung,,-2.5,2.3,3.3,28162,670,253,14,5.5,1.4,675|2305|3620|3925|3932|5998|6659|7153|7298|8355|9133|10129|27306|57405,BRCA2|FOXM1|IDO1|STMN1|LCK|RGS3|SOX4|TOP2A|TYMS|H3C8|CCNB2|FRY|HPGDS|SPC25,-0.17,0
1,-2.5,C0154084,M1,1,0,DisGeNET,35,Stage 0 Breast Carcinoma,,-2.5,10,5,28162,33,253,3,1.2,0.68,672|675|3627,BRCA1|BRCA2|CXCL10,-0.17,0
1,-2.5,C1619738,M1,1,0,DisGeNET,35,Immune Reconstitution Inflammatory Syndrome,,-2.5,10,5,28162,33,253,3,1.2,0.68,672|2214|3627,BRCA1|FCGR3A|CXCL10,-0.17,0
1,-2.5,C1704376,M1,1,0,DisGeNET,35,Uterine Corpus Carcinosarcoma,,-2.5,10,5,28162,33,253,3,1.2,0.68,332|6659|9212,BIRC5|SOX4|AURKB,-0.17,0
1,-2.5,C0010823,M1,1,0,DisGeNET,35,Cytomegalovirus Infections,,-2.5,2.7,3.4,28162,462,253,11,4.3,1.3,909|1524|2214|2968|3004|3620|3627|6343|7153|7298|9447,CD1A|CX3CR1|FCGR3A|GTF2H4|GZMM|IDO1|CXCL10|SCT|TOP2A|TYMS|AIM2,-0.16,0
1,-2.5,C4721579,M1,1,0,DisGeNET,35,Secondary malignant neoplasm of colon and/or rectum,,-2.5,2.8,3.4,28162,397,253,10,4,1.2,672|2214|2305|3579|7153|7298|9172|9212|22806|27306,BRCA1|FCGR3A|FOXM1|CXCR2|TOP2A|TYMS|MYOM2|AURKB|IKZF3|HPGDS,-0.15,0
1,-2.5,C0398623,M1,1,0,DisGeNET,35,Thrombophilia,,-2.5,4.1,3.8,28162,161,253,6,2.4,0.96,2|672|675|1468|5176|6343,A2M|BRCA1|BRCA2|SLC25A10|SERPINF1|SCT,-0.15,0
1,-2.5,C0266999,M1,1,0,DisGeNET,35,Vesicular Stomatitis,,-2.5,5,4,28162,112,253,5,2,0.88,2214|5031|6041|9172|140691,FCGR3A|P2RY6|RNASEL|MYOM2|TRIM69,-0.15,0
1,-2.5,C0278803,M1,1,0,DisGeNET,35,Adenocarcinoma of small intestine,,-2.5,9.8,4.9,28162,34,253,3,1.2,0.68,675|7298|27306,BRCA2|TYMS|HPGDS,-0.15,0
1,-2.5,C4551705,M1,1,0,DisGeNET,35,Abnormality of chromosome stability,,-2.5,9.8,4.9,28162,34,253,3,1.2,0.68,672|675|83879,BRCA1|BRCA2|CDCA7,-0.15,0
1,-2.5,C0021368,M1,1,0,DisGeNET,35,Inflammation,,-2.5,2.6,3.4,28162,467,253,11,4.3,1.3,2|332|608|1524|2214|3001|3579|3620|3627|5176|79865,A2M|BIRC5|TNFRSF17|CX3CR1|FCGR3A|GZMA|CXCR2|IDO1|CXCL10|SERPINF1|TREML2,-0.15,0
1,-2.4,C0016412,M1,1,0,DisGeNET,35,Folic Acid Deficiency,,-2.4,6.4,4.3,28162,70,253,4,1.6,0.78,672|675|3004|7298,BRCA1|BRCA2|GZMM|TYMS,-0.14,0
1,-2.4,C0268138,M1,1,0,DisGeNET,35,"Xeroderma Pigmentosum, Complementation Group D",,-2.4,6.4,4.3,28162,70,253,4,1.6,0.78,2968|7298|9582|27306,GTF2H4|TYMS|APOBEC3B|HPGDS,-0.14,0
1,-2.4,C1842581,M1,1,0,DisGeNET,35,Abnormal corpus callosum morphology,,-2.4,6.4,4.3,28162,70,253,4,1.6,0.78,16|773|25973|64801,AARS1|CACNA1A|PARS2|ARV1,-0.14,0
1,-2.4,C0029925,M1,1,0,DisGeNET,35,Ovarian Carcinoma,,-2.4,2.5,3.3,28162,539,253,12,4.7,1.3,672|675|983|1524|2305|3902|3925|4172|7298|9212|9582|27306,BRCA1|BRCA2|CDK1|CX3CR1|FOXM1|LAG3|STMN1|MCM3|TYMS|AURKB|APOBEC3B|HPGDS,-0.14,0
1,-2.4,C1328504,M1,1,0,DisGeNET,35,Hormone refractory prostate cancer,,-2.4,2.3,3.2,28162,683,253,14,5.5,1.4,672|675|890|983|991|2305|5831|9133|11065|24137|26512|27306|55165|100750225,BRCA1|BRCA2|CCNA2|CDK1|CDC20|FOXM1|PYCR1|CCNB2|UBE2C|KIF4A|INTS6|HPGDS|CEP55|PCAT1,-0.14,0
1,-2.4,C0024530,M1,1,0,DisGeNET,35,Malaria,,-2.4,2.3,3.2,28162,684,253,14,5.5,1.4,675|2214|2235|2968|3620|3627|3755|3902|7298|9447|9582|25973|27306|113130,BRCA2|FCGR3A|FECH|GTF2H4|IDO1|CXCL10|KCNG1|LAG3|TYMS|AIM2|APOBEC3B|PARS2|HPGDS|CDCA5,-0.13,0
1,-2.4,C2677123,M1,1,0,DisGeNET,35,"COLORECTAL CANCER, SUSCEPTIBILITY TO, 3",,-2.4,4,3.7,28162,165,253,6,2.4,0.96,675|10129|51474|54596|84727|100750225,BRCA2|FRY|LIMA1|L1TD1|SPSB2|PCAT1,-0.13,0
1,-2.4,C0175754,M1,1,0,DisGeNET,35,Agenesis of corpus callosum,,-2.4,2.4,3.2,28162,615,253,13,5.1,1.4,672|675|891|983|1063|2305|3925|5831|6659|7153|7298|9582|24137,BRCA1|BRCA2|CCNB1|CDK1|CENPF|FOXM1|STMN1|PYCR1|SOX4|TOP2A|TYMS|APOBEC3B|KIF4A,-0.13,0
1,-2.4,C1837315,M1,1,0,DisGeNET,35,"COLORECTAL CANCER, SUSCEPTIBILITY TO, 1",,-2.4,4,3.7,28162,166,253,6,2.4,0.96,675|10129|51474|54596|84727|100750225,BRCA2|FRY|LIMA1|L1TD1|SPSB2|PCAT1,-0.13,0
1,-2.4,C2675481,M1,1,0,DisGeNET,35,"COLORECTAL CANCER, SUSCEPTIBILITY TO, 10",,-2.4,4,3.7,28162,166,253,6,2.4,0.96,675|10129|51474|54596|84727|100750225,BRCA2|FRY|LIMA1|L1TD1|SPSB2|PCAT1,-0.13,0
1,-2.4,C3554460,M1,1,0,DisGeNET,35,"COLORECTAL CANCER, SUSCEPTIBILITY TO, 12",,-2.4,4,3.7,28162,166,253,6,2.4,0.96,675|10129|51474|54596|84727|100750225,BRCA2|FRY|LIMA1|L1TD1|SPSB2|PCAT1,-0.13,0
1,-2.4,C2931456,M1,1,0,DisGeNET,35,"Prostate cancer, familial",,-2.4,4.8,3.9,28162,116,253,5,2,0.88,672|675|6041|79969|83879,BRCA1|BRCA2|RNASEL|ATAT1|CDCA7,-0.12,0
1,-2.4,C0679427,M1,1,0,DisGeNET,35,myeloblastosis,,-2.4,6.2,4.2,28162,72,253,4,1.6,0.78,891|2305|7153|11065,CCNB1|FOXM1|TOP2A|UBE2C,-0.12,0
1,-2.4,C1292769,M1,1,0,DisGeNET,35,Precursor B-cell lymphoblastic leukemia,,-2.4,2.6,3.3,28162,478,253,11,4.3,1.3,672|675|933|2305|3563|3627|3902|5450|9212|27342|29760,BRCA1|BRCA2|CD22|FOXM1|IL3RA|CXCL10|LAG3|POU2AF1|AURKB|RABGEF1|BLNK,-0.11,0
1,-2.4,C4727838,M1,1,0,DisGeNET,35,Advanced Melanoma,,-2.4,6.1,4.2,28162,73,253,4,1.6,0.78,2214|3620|10112|55279,FCGR3A|IDO1|KIF20A|ZNF654,-0.11,0
1,-2.4,C3839280,M1,1,0,DisGeNET,35,High grade serous carcinoma,,-2.4,4.7,3.9,28162,118,253,5,2,0.88,672|675|2305|3925|7153,BRCA1|BRCA2|FOXM1|STMN1|TOP2A,-0.11,0
1,-2.4,C1850049,M1,1,0,DisGeNET,35,Clinodactyly of the 5th finger,,-2.4,3.1,3.4,28162,284,253,8,3.2,1.1,672|675|6659|8318|55165|79023|150468|157570,BRCA1|BRCA2|SOX4|CDC45|CEP55|NUP37|CKAP2L|ESCO2,-0.11,0
1,-2.3,C0013371,M1,1,0,DisGeNET,35,Shigella Infections,,-2.3,4.6,3.8,28162,121,253,5,2,0.88,891|1672|3620|7153|9447,CCNB1|DEFB1|IDO1|TOP2A|AIM2,-0.076,0
1,-2.3,C0346629,M1,1,0,DisGeNET,35,Malignant neoplasm of large intestine,,-2.3,3.9,3.6,28162,173,253,6,2.4,0.96,675|10129|51474|54596|84727|100750225,BRCA2|FRY|LIMA1|L1TD1|SPSB2|PCAT1,-0.073,0
1,-2.3,C0017152,M1,1,0,DisGeNET,35,Gastritis,,-2.3,3,3.4,28162,292,253,8,3.2,1.1,1672|2214|2968|3627|9435|27306|54596|79626,DEFB1|FCGR3A|GTF2H4|CXCL10|CHST2|HPGDS|L1TD1|TNFAIP8L2,-0.054,0
1,-2.3,C1838391,M1,1,0,DisGeNET,35,Limb hypertonia,,-2.3,5.8,4,28162,77,253,4,1.6,0.78,16|773|25973|64801,AARS1|CACNA1A|PARS2|ARV1,-0.054,0
1,-2.3,C4552766,M1,1,0,DisGeNET,35,Miscarriage,,-2.3,2.6,3.2,28162,426,253,10,4,1.2,672|675|890|1524|2214|2537|3620|3627|3925|27306,BRCA1|BRCA2|CCNA2|CX3CR1|FCGR3A|IFI6|IDO1|CXCL10|STMN1|HPGDS,-0.038,0
1,-2.3,C0011311,M1,1,0,DisGeNET,35,Dengue Fever,,-2.3,2.8,3.2,28162,360,253,9,3.6,1.2,2214|2537|3563|3627|6041|9172|9212|27301|140691,FCGR3A|IFI6|IL3RA|CXCL10|RNASEL|MYOM2|AURKB|APEX2|TRIM69,-0.036,0
1,-2.2,C0278704,M1,1,0,DisGeNET,35,Malignant Childhood Neoplasm,,-2.2,3.7,3.5,28162,179,253,6,2.4,0.96,672|675|874|3925|6343|27306,BRCA1|BRCA2|CBR3|STMN1|SCT|HPGDS,-0.036,0
1,-2.2,C1961099,M1,1,0,DisGeNET,35,Precursor T-Cell Lymphoblastic Leukemia-Lymphoma,,-2.2,2.2,3,28162,644,253,13,5.1,1.4,672|675|909|933|2305|3563|3932|4298|6659|7298|8115|9623|22806,BRCA1|BRCA2|CD1A|CD22|FOXM1|IL3RA|LCK|MLLT1|SOX4|TYMS|TCL1A|TCL1B|IKZF3,-0.036,0
1,-2.2,C4025846,M1,1,0,DisGeNET,35,Abnormality of vision,,-2.2,4.4,3.6,28162,127,253,5,2,0.88,16|773|5831|25973|64801,AARS1|CACNA1A|PYCR1|PARS2|ARV1,-0.036,0
1,-2.2,C0278493,M1,1,0,DisGeNET,35,Breast cancer recurrent,,-2.2,8.1,4.4,28162,41,253,3,1.2,0.68,672|675|7153,BRCA1|BRCA2|TOP2A,-0.036,0
1,-2.2,C0280630,M1,1,0,DisGeNET,35,Uterine Carcinosarcoma,,-2.2,8.1,4.4,28162,41,253,3,1.2,0.68,332|6659|9212,BIRC5|SOX4|AURKB,-0.036,0
1,-2.2,C1531608,M1,1,0,DisGeNET,35,Smoldering myeloma,,-2.2,8.1,4.4,28162,41,253,3,1.2,0.68,1033|3902|9172,CDKN3|LAG3|MYOM2,-0.036,0
1,-2.2,C4520821,M1,1,0,DisGeNET,35,Stage 0 Breast Cancer AJCC v6 and v7,,-2.2,8.1,4.4,28162,41,253,3,1.2,0.68,672|675|3627,BRCA1|BRCA2|CXCL10,-0.036,0
1,-2.2,C0278488,M1,1,0,DisGeNET,35,Carcinoma breast stage IV,,-2.2,2.3,3.1,28162,573,253,12,4.7,1.3,672|675|983|2214|2305|3437|3620|3925|6659|7298|10963|27306,BRCA1|BRCA2|CDK1|FCGR3A|FOXM1|IFIT3|IDO1|STMN1|SOX4|TYMS|STIP1|HPGDS,-0.036,0
1,-2.2,C0024314,M1,1,0,DisGeNET,35,Lymphoproliferative Disorders,,-2.2,3,3.3,28162,300,253,8,3.2,1.1,933|1033|2214|2999|3932|5450|8115|9623,CD22|CDKN3|FCGR3A|GZMH|LCK|POU2AF1|TCL1A|TCL1B,-0.036,0
1,-2.2,C0153690,M1,1,0,DisGeNET,35,Secondary malignant neoplasm of bone,,-2.2,2.2,3,28162,647,253,13,5.1,1.4,2|672|675|933|1063|3437|3579|3620|3627|4172|10203|10963|55635,A2M|BRCA1|BRCA2|CD22|CENPF|IFIT3|CXCR2|IDO1|CXCL10|MCM3|CALCRL|STIP1|DEPDC1,-0.035,0
1,-2.2,C0002895,M1,1,0,DisGeNET,35,"Anemia, Sickle Cell",,-2.2,2.6,3.1,28162,433,253,10,4,1.2,672|909|2214|3004|3579|3627|5031|6343|9582|27306,BRCA1|CD1A|FCGR3A|GZMM|CXCR2|CXCL10|P2RY6|SCT|APOBEC3B|HPGDS,-0.033,0
1,-2.2,C0023524,M1,1,0,DisGeNET,35,"Leukoencephalopathy, Progressive Multifocal",,-2.2,3.2,3.3,28162,240,253,7,2.8,1,672|3627|5450|7290|27306|29760|140691,BRCA1|CXCL10|POU2AF1|HIRA|HPGDS|BLNK|TRIM69,-0.029,0
1,-2.2,C0867389,M1,1,0,DisGeNET,35,Chronic graft-versus-host disease,,-2.2,3.2,3.3,28162,241,253,7,2.8,1,2|675|909|933|3437|3627|6343,A2M|BRCA2|CD1A|CD22|IFIT3|CXCL10|SCT,-0.022,0
1,-2.2,C1609538,M1,1,0,DisGeNET,35,Latent Tuberculosis,,-2.2,3.6,3.4,28162,183,253,6,2.4,0.96,1731|2214|3620|3627|3902|27306,SEPTIN1|FCGR3A|IDO1|CXCL10|LAG3|HPGDS,-0.021,0
1,-2.2,C0267963,M1,1,0,DisGeNET,35,Exocrine pancreatic insufficiency,,-2.2,5.4,3.8,28162,82,253,4,1.6,0.78,672|675|6343|27306,BRCA1|BRCA2|SCT|HPGDS,-0.019,0
1,-2.2,C0001342,M1,1,0,DisGeNET,35,Acute periodontitis,,-2.2,4.3,3.6,28162,130,253,5,2,0.88,1672|2214|3627|9447|150468,DEFB1|FCGR3A|CXCL10|AIM2|CKAP2L,-0.019,0
1,-2.2,C0086692,M1,1,0,DisGeNET,35,Benign Neoplasm,,-2.2,2.7,3.1,28162,371,253,9,3.6,1.2,332|672|1063|2305|5176|7153|9582|10963|27342,BIRC5|BRCA1|CENPF|FOXM1|SERPINF1|TOP2A|APOBEC3B|STIP1|RABGEF1,-0.015,0
1,-2.2,C4523846,M1,1,0,DisGeNET,35,MSI-high,,-2.2,5.4,3.8,28162,83,253,4,1.6,0.78,672|675|3620|7298,BRCA1|BRCA2|IDO1|TYMS,-0.015,0
1,-2.2,C0019158,M1,1,0,DisGeNET,35,Hepatitis,,-2.2,2.2,3,28162,656,253,13,5.1,1.4,332|983|1240|1524|2214|3627|5450|6041|9172|27306|29760|79626|84706,BIRC5|CDK1|CMKLR1|CX3CR1|FCGR3A|CXCL10|POU2AF1|RNASEL|MYOM2|HPGDS|BLNK|TNFAIP8L2|GPT2,-0.015,0
1,-2.2,C0035235,M1,1,0,DisGeNET,35,Respiratory Syncytial Virus Infections,,-2.2,3.2,3.3,28162,244,253,7,2.8,1,1524|2214|3579|3620|3627|27306|140691,CX3CR1|FCGR3A|CXCR2|IDO1|CXCL10|HPGDS|TRIM69,-0.015,0
1,-2.2,C0001768,M1,1,0,DisGeNET,35,Agammaglobulinemia,,-2.2,7.8,4.2,28162,43,253,3,1.2,0.68,5450|29760|83879,POU2AF1|BLNK|CDCA7,-0.015,0
1,-2.2,C2931038,M1,1,0,DisGeNET,35,"Pancreatic carcinoma, familial",,-2.2,7.8,4.2,28162,43,253,3,1.2,0.68,672|675|6041,BRCA1|BRCA2|RNASEL,-0.015,0
1,-2.2,C0027533,M1,1,0,DisGeNET,35,Neck Neoplasms,,-2.2,4.2,3.5,28162,132,253,5,2,0.88,638|675|991|7298|9582,BIK|BRCA2|CDC20|TYMS|APOBEC3B,-0.0093,0
1,-2.2,C1262091,M1,1,0,DisGeNET,35,Lymphocytic infiltration,,-2.2,5.3,3.8,28162,84,253,4,1.6,0.78,672|3620|3627|85025,BRCA1|IDO1|CXCL10|TMEM60,-0.0073,0
1,-2.1,C0266387,M1,1,0,DisGeNET,35,Bicornuate uterus,,-2.1,7.6,4.2,28162,44,253,3,1.2,0.68,672|675|157570,BRCA1|BRCA2|ESCO2,0,0
1,-2.1,C3662483,M1,1,0,DisGeNET,35,Allergic sensitization,,-2.1,5.2,3.7,28162,85,253,4,1.6,0.78,3579|3627|27306|55303,CXCR2|CXCL10|HPGDS|GIMAP4,0,0
1,-2.1,C0035078,M1,1,0,DisGeNET,35,Kidney Failure,,-2.1,2.7,3.1,28162,378,253,9,3.6,1.2,1524|2235|6343|6915|10911|50485|51237|79714|100287932,CX3CR1|FECH|SCT|TBXA2R|UTS2|SMARCAL1|MZB1|CCDC51|TIMM23,0,0
1,-2.1,C0079774,M1,1,0,DisGeNET,35,Peripheral T-Cell Lymphoma,,-2.1,3.5,3.3,28162,190,253,6,2.4,0.96,890|3902|6343|8115|8631|9623,CCNA2|LAG3|SCT|TCL1A|SKAP1|TCL1B,0,0
1,-2.1,C0879615,M1,1,0,DisGeNET,35,Stromal Neoplasm,,-2.1,5.2,3.7,28162,86,253,4,1.6,0.78,3579|9582|10963|29893,CXCR2|APOBEC3B|STIP1|PSMC3IP,0,0
1,-2.1,C0220766,M1,1,0,DisGeNET,35,Congenital hypoplasia of adrenal gland,,-2.1,7.4,4.1,28162,45,253,3,1.2,0.68,773|3627|11274,CACNA1A|CXCL10|USP18,0,0
1,-2.1,C4722328,M1,1,0,DisGeNET,35,Hereditary Prostate Carcinoma,,-2.1,7.4,4.1,28162,45,253,3,1.2,0.68,672|675|6041,BRCA1|BRCA2|RNASEL,0,0
1,-2.1,C2145472,M1,1,0,DisGeNET,35,Urothelial Carcinoma,,-2.1,2.5,3,28162,449,253,10,4,1.2,675|991|2305|3925|6659|9582|27306|55279|55635|81793,BRCA2|CDC20|FOXM1|STMN1|SOX4|APOBEC3B|HPGDS|ZNF654|DEPDC1|TLR10,0,0
1,-2.1,C0699893,M1,1,0,DisGeNET,35,Skin carcinoma,,-2.1,4.1,3.4,28162,136,253,5,2,0.88,332|672|675|6041|27306,BIRC5|BRCA1|BRCA2|RNASEL|HPGDS,0,0
1,-2.1,C0005398,M1,1,0,DisGeNET,35,"Cholestasis, Extrahepatic",,-2.1,5.1,3.7,28162,87,253,4,1.6,0.78,672|675|1524|1672,BRCA1|BRCA2|CX3CR1|DEFB1,0,0
1,-2.1,C0275524,M1,1,0,DisGeNET,35,Coinfection,,-2.1,3.1,3.2,28162,252,253,7,2.8,1,672|2214|3627|9582|25973|56925|140691,BRCA1|FCGR3A|CXCL10|APOBEC3B|PARS2|LXN|TRIM69,0,0
1,-2.1,C0206624,M1,1,0,DisGeNET,35,Hepatoblastoma,,-2.1,2.5,3,28162,452,253,10,4,1.2,2|332|675|890|983|1033|2305|3579|4495|5176,A2M|BIRC5|BRCA2|CCNA2|CDK1|CDKN3|FOXM1|CXCR2|MT1G|SERPINF1,0,0
1,-2.1,C0346156,M1,1,0,DisGeNET,35,Benign neoplasm of breast,,-2.1,7.3,4,28162,46,253,3,1.2,0.68,672|675|9172,BRCA1|BRCA2|MYOM2,0,0
1,-2.1,C0149678,M1,1,0,DisGeNET,35,Epstein-Barr Virus Infections,,-2.1,2.6,3,28162,384,253,9,3.6,1.2,672|3579|3620|3627|3925|8115|9623|27306|29760,BRCA1|CXCR2|IDO1|CXCL10|STMN1|TCL1A|TCL1B|HPGDS|BLNK,0,0
1,-2.1,C0017921,M1,1,0,DisGeNET,35,Glycogen storage disease type II,,-2.1,3.4,3.3,28162,194,253,6,2.4,0.96,1524|2214|2235|3627|5176|27306,CX3CR1|FCGR3A|FECH|CXCL10|SERPINF1|HPGDS,0,0
1,-2.1,C0011615,M1,1,0,DisGeNET,35,"Dermatitis, Atopic",,-2.1,2.1,2.8,28162,751,253,14,5.5,1.4,341|909|1524|1672|3579|3620|3627|6915|7051|22806|27306|27342|56925|84283,APOC1|CD1A|CX3CR1|DEFB1|CXCR2|IDO1|CXCL10|TBXA2R|TGM1|IKZF3|HPGDS|RABGEF1|LXN|TMEM79,0,0
1,-2.1,C0007570,M1,1,0,DisGeNET,35,Celiac Disease,,-2.1,2.3,2.9,28162,527,253,11,4.3,1.3,1524|1672|2214|3627|5176|5270|5450|7051|8269|27306|140691,CX3CR1|DEFB1|FCGR3A|CXCL10|SERPINF1|SERPINE2|POU2AF1|TGM1|TMEM187|HPGDS|TRIM69,0,0
1,-2.1,C0026837,M1,1,0,DisGeNET,35,Muscle Rigidity,,-2.1,2.8,3.1,28162,320,253,8,3.2,1.1,16|773|3982|5831|6659|7298|25973|64801,AARS1|CACNA1A|LIM2|PYCR1|SOX4|TYMS|PARS2|ARV1,0,0
1,-2.1,C0699889,M1,1,0,DisGeNET,35,Malignant Female Reproductive System Neoplasm,,-2.1,7.1,4,28162,47,253,3,1.2,0.68,672|675|27306,BRCA1|BRCA2|HPGDS,0,0
1,-2.1,C0085584,M1,1,0,DisGeNET,35,Encephalopathies,,-2.1,2.4,2.9,28162,457,253,10,4,1.2,2|16|773|3579|7298|25973|27301|27306|64801|84706,A2M|AARS1|CACNA1A|CXCR2|TYMS|PARS2|APEX2|HPGDS|ARV1|GPT2,0,0
1,-2.1,C4721208,M1,1,0,DisGeNET,35,Metastatic castration-resistant prostate cancer,,-2.1,4,3.4,28162,140,253,5,2,0.88,672|675|991|1731|23397,BRCA1|BRCA2|CDC20|SEPTIN1|NCAPH,0,0
1,-2.1,C0206704,M1,1,0,DisGeNET,35,"Carcinoma, Large Cell",,-2.1,4.9,3.6,28162,90,253,4,1.6,0.78,672|675|3925|11065,BRCA1|BRCA2|STMN1|UBE2C,0,0
1,-2,C4551687,M1,1,0,DisGeNET,35,Sarcoma of soft tissue,,-2,3,3.1,28162,258,253,7,2.8,1,672|675|3627|3902|7153|55279|55635,BRCA1|BRCA2|CXCL10|LAG3|TOP2A|ZNF654|DEPDC1,0,0
1,-2,C0003962,M1,1,0,DisGeNET,35,Ascites,,-2,3.4,3.2,28162,198,253,6,2.4,0.96,675|3627|5450|7298|11274|55165,BRCA2|CXCL10|POU2AF1|TYMS|USP18|CEP55,0,0
1,-2,C0023281,M1,1,0,DisGeNET,35,Leishmaniasis,,-2,3.4,3.2,28162,198,253,6,2.4,0.96,672|909|2235|3627|9447|113130,BRCA1|CD1A|FECH|CXCL10|AIM2|CDCA5,0,0
1,-2,C0034902,M1,1,0,DisGeNET,35,Pure Red-Cell Aplasia,,-2,7,3.9,28162,48,253,3,1.2,0.68,672|675|6041,BRCA1|BRCA2|RNASEL,0,0
1,-2,C0343752,M1,1,0,DisGeNET,35,Acute HIV infection,,-2,7,3.9,28162,48,253,3,1.2,0.68,2214|3001|3627,FCGR3A|GZMA|CXCL10,0,0
1,-2,C0853112,M1,1,0,DisGeNET,35,Chronic infection with HIV,,-2,7,3.9,28162,48,253,3,1.2,0.68,2214|3627|3902,FCGR3A|CXCL10|LAG3,0,0
1,-2,C0206716,M1,1,0,DisGeNET,35,Ganglioglioma,,-2,4.9,3.5,28162,91,253,4,1.6,0.78,890|891|983|113130,CCNA2|CCNB1|CDK1|CDCA5,0,0
1,-2,C0220636,M1,1,0,DisGeNET,35,Malignant neoplasm of salivary gland,,-2,4.9,3.5,28162,91,253,4,1.6,0.78,1033|5176|6659|7153,CDKN3|SERPINF1|SOX4|TOP2A,0,0
1,-2,C0276496,M1,1,0,DisGeNET,35,Familial Alzheimer Disease (FAD),,-2,3,3.1,28162,260,253,7,2.8,1,2|341|672|675|5831|27342|113130,A2M|APOC1|BRCA1|BRCA2|PYCR1|RABGEF1|CDCA5,0,0
1,-2,C0015625,M1,1,0,DisGeNET,35,Fanconi Anemia,,-2,2.5,2.9,28162,393,253,9,3.6,1.2,638|672|675|891|983|3563|3925|6343|27306,BIK|BRCA1|BRCA2|CCNB1|CDK1|IL3RA|STMN1|SCT|HPGDS,0,0
1,-2,C0023443,M1,1,0,DisGeNET,35,Hairy Cell Leukemia,,-2,3.9,3.3,28162,143,253,5,2,0.88,933|3563|8631|83416|100750225,CD22|IL3RA|SKAP1|FCRL5|PCAT1,0,0
1,-2,C0260037,M1,1,0,DisGeNET,35,Multiple tumors,,-2,3.9,3.3,28162,143,253,5,2,0.88,672|675|991|55165|100750225,BRCA1|BRCA2|CDC20|CEP55|PCAT1,0,0
1,-2,C1335177,M1,1,0,DisGeNET,35,Ovarian Serous Adenocarcinoma,,-2,3.9,3.3,28162,143,253,5,2,0.88,672|675|8631|9212|10129,BRCA1|BRCA2|SKAP1|AURKB|FRY,0,0
1,-2,C0036646,M1,1,0,DisGeNET,35,Age-related cataract,,-2,4.8,3.5,28162,92,253,4,1.6,0.78,3620|3982|5176|27306,IDO1|LIM2|SERPINF1|HPGDS,0,0
1,-2,C0014170,M1,1,0,DisGeNET,35,Endometrial Neoplasms,,-2,3,3.1,28162,261,253,7,2.8,1,332|672|675|3161|3627|5176|9212,BIRC5|BRCA1|BRCA2|HMMR|CXCL10|SERPINF1|AURKB,0,0
1,-2,C0078918,M1,1,0,DisGeNET,35,"Albinism, Oculocutaneous",,-2,6.8,3.9,28162,49,253,3,1.2,0.68,672|675|9212,BRCA1|BRCA2|AURKB,0,0
1,-2,C1332153,M1,1,0,DisGeNET,35,acute myeloid leukemia with multilineage dysplasia following myelodysplastic syndrome,,-2,6.8,3.9,28162,49,253,3,1.2,0.68,3579|6343|80010,CXCR2|SCT|RMI1,0,0
1,-2,C3714542,M1,1,0,DisGeNET,35,"Lymphoma, Diffuse",,-2,6.8,3.9,28162,49,253,3,1.2,0.68,4495|7298|25788,MT1G|TYMS|RAD54B,0,0
1,-2,C1136382,M1,1,0,DisGeNET,35,Sclerocystic Ovaries,,-2,3.9,3.3,28162,144,253,5,2,0.88,891|3161|6343|7153|55165,CCNB1|HMMR|SCT|TOP2A|CEP55,0,0
