_MEMBER_MyList,_LogP_MyList,GO,_PATTERN_,_RANK_,GiniIndex,Category,CategoryID,Description,PARENT_GO,LogP,Enrichment,Z-score,#TotalGeneInLibrary,#GeneInGO,#GeneInHitList,#GeneInGOAndHitList,%InGO,STDV %InGO,GeneID,Hits,Log(q-value),EvidenceCutoff
1,-9,PGB:00011,M1,1,0,PaGenBase,36,Tissue-specific: spleen,,-9,4.9,8.4,28162,499,253,22,8.7,1.8,1240|2214|2999|3004|3579|3902|4064|4778|5031|5450|5998|8115|9047|9447|22806|23547|55957|79626|79865|81793|83416|84632,CMKLR1|FCGR3A|GZMH|GZMM|CXCR2|LAG3|CD180|NFE2|P2RY6|POU2AF1|RGS3|TCL1A|SH2D2A|AIM2|IKZF3|LILRA4|LIN37|TNFAIP8L2|TREML2|TLR10|FCRL5|AFAP1L2,-5.1,0
1,-3.7,PGB:00064,M1,1,0,PaGenBase,36,Cell-specific: RPMI 8226,,-3.7,13,6.8,28162,33,253,4,1.6,0.78,608|1524|10203|51237,TNFRSF17|CX3CR1|CALCRL|MZB1,-0.88,0
1,-3.6,PGB:00043,M1,1,0,PaGenBase,36,Cell-specific: CD56+ NKCells,,-3.6,8.8,5.9,28162,63,253,5,2,0.88,1524|2999|5998|9047|9172,CX3CR1|GZMH|RGS3|SH2D2A|MYOM2,-0.84,0
1,-3,PGB:00048,M1,1,0,PaGenBase,36,Tissue-specific: bone marrow,,-3,3.9,4.2,28162,227,253,8,3.2,1.1,332|890|2235|2999|4778|9212|9582|25853,BIRC5|CCNA2|FECH|GZMH|NFE2|AURKB|APOBEC3B|DCAF12,-0.44,0
1,-2.5,PGB:00016,M1,1,0,PaGenBase,36,Tissue-specific: thymus,,-2.5,3.7,3.7,28162,211,253,7,2.8,1,608|909|3755|3932|4064|6659|51237,TNFRSF17|CD1A|KCNG1|LCK|CD180|SOX4|MZB1,-0.17,0
1,-2.3,PGB:00055,M1,1,0,PaGenBase,36,Cell-specific: CD19+ Bcells neg.sel.,,-2.3,8.6,4.5,28162,39,253,3,1.2,0.68,773|4064|81793,CACNA1A|CD180|TLR10,-0.054,0
1,-2.2,PGB:00101,M1,1,0,PaGenBase,36,Tissue-specific: Colorectal adenocarcinoma,,-2.2,8.1,4.4,28162,41,253,3,1.2,0.68,1063|7153|9582,CENPF|TOP2A|APOBEC3B,-0.036,0
1,-2,PGB:00022,M1,1,0,PaGenBase,36,Tissue-specific: adrenal gland,,-2,3.3,3.1,28162,201,253,6,2.4,0.96,211|8115|22806|23547|80777|81793,ALAS1|TCL1A|IKZF3|LILRA4|CYB5B|TLR10,0,0
