_MEMBER_MyList,_LogP_MyList,GO,_PATTERN_,_RANK_,GiniIndex,Category,CategoryID,Description,PARENT_GO,LogP,Enrichment,Z-score,#TotalGeneInLibrary,#GeneInGO,#GeneInHitList,#GeneInGOAndHitList,%InGO,STDV %InGO,GeneID,Hits,Log(q-value),EvidenceCutoff
1,-7.2,TRR00230,M1,1,0,TRRUST,34,Regulated by: E2F1,,-7.2,8.6,8.7,28162,142,253,11,4.3,1.3,332|672|891|983|2305|4495|7153|7298|9212|55723|83879,BIRC5|BRCA1|CCNB1|CDK1|FOXM1|MT1G|TOP2A|TYMS|AURKB|ASF1B|CDCA7,-3.4,0
1,-4.8,TRR01546,M1,1,0,TRRUST,34,Regulated by: YBX1,,-4.8,15,8.3,28162,36,253,5,2,0.88,891|991|1033|7153|7298,CCNB1|CDC20|CDKN3|TOP2A|TYMS,-1.5,0
1,-4.5,TRR01419,M1,1,0,TRRUST,34,Regulated by: TP53,,-4.5,5.8,6,28162,174,253,9,3.6,1.2,332|672|675|890|891|983|2305|7298|9133,BIRC5|BRCA1|BRCA2|CCNA2|CCNB1|CDK1|FOXM1|TYMS|CCNB2,-1.4,0
1,-4.2,TRR00780,M1,1,0,TRRUST,34,Regulated by: MYC,,-4.2,7.1,6.1,28162,110,253,7,2.8,1,890|891|2305|4778|7023|11065|83879,CCNA2|CCNB1|FOXM1|NFE2|TFAP4|UBE2C|CDCA7,-1.2,0
1,-4.2,TRR00233,M1,1,0,TRRUST,34,Regulated by: E2F4,,-4.2,18,8,28162,25,253,4,1.6,0.78,332|672|891|9212,BIRC5|BRCA1|CCNB1|AURKB,-1.2,0
1,-3.7,TRR00232,M1,1,0,TRRUST,34,Regulated by: E2F3,,-3.7,26,8.5,28162,13,253,3,1.2,0.68,890|891|983,CCNA2|CCNB1|CDK1,-0.88,0
1,-2.8,TRR00602,M1,1,0,TRRUST,34,Regulated by: IRF1,,-2.8,8.2,5.1,28162,54,253,4,1.6,0.78,891|983|3437|3627,CCNB1|CDK1|IFIT3|CXCL10,-0.39,0
1,-2.4,TRR01150,M1,1,0,TRRUST,34,Regulated by: RB1,,-2.4,9.3,4.7,28162,36,253,3,1.2,0.68,332|672|983,BIRC5|BRCA1|CDK1,-0.12,0
1,-2.1,TRR00674,M1,1,0,TRRUST,34,Regulated by: KLF4,,-2.1,7.1,4,28162,47,253,3,1.2,0.68,332|891|56925,BIRC5|CCNB1|LXN,0,0
