Category,CategoryID,GO,Description,PARENT_GO,LogP,Enrichment,Z-score,#TotalGeneInLibrary,#GeneInGO,#GeneInHitList,#GeneInGOAndHitList,%InGO,STDV %InGO,GeneID,Hits,Log(q-value),GeneList
GO Biological Processes,19,GO:0051090,regulation of DNA-binding transcription factor activity,,-8.4,7.8,9.2,28162,444,114,14,12,3.1,825|1545|2353|3280|4092|6279|7128|8061|23082|28984|51132|57162|114548|149951,CAPN3|CYP1B1|FOS|HES1|SMAD7|S100A8|TNFAIP3|FOSL1|PPRC1|RGCC|RLIM|PELI1|NLRP3|COMMD7,-4.1,MyList
GO Biological Processes,19,GO:0010942,positive regulation of cell death,,-7.2,5.7,7.7,28162,652,114,15,13,3.2,467|1545|1843|2353|5366|6279|6533|8061|10018|22822|28984|51330|54541|64581|79845,ATF3|CYP1B1|DUSP1|FOS|PMAIP1|S100A8|SLC6A6|FOSL1|BCL2L11|PHLDA1|RGCC|TNFRSF12A|DDIT4|CLEC7A|RNF122,-3.1,MyList
Canonical Pathways,11,M167,PID AP1 PATHWAY,,-6.4,21,11,28162,70,114,6,5.3,2.1,467|1843|2353|2354|8061|10018,ATF3|DUSP1|FOS|FOSB|FOSL1|BCL2L11,-2.5,MyList
GO Biological Processes,19,GO:0043433,negative regulation of DNA-binding transcription factor activity,,-6.2,11,8.6,28162,177,114,8,7,2.4,1545|3280|4092|7128|51132|57162|114548|149951,CYP1B1|HES1|SMAD7|TNFAIP3|RLIM|PELI1|NLRP3|COMMD7,-2.5,MyList
GO Biological Processes,19,GO:0097190,apoptotic signaling pathway,,-6.2,5.5,7,28162,580,114,13,11,3,467|929|1545|3090|3685|4929|5366|6279|6615|7128|10018|51330|54541,ATF3|CD14|CYP1B1|HIC1|ITGAV|NR4A2|PMAIP1|S100A8|SNAI1|TNFAIP3|BCL2L11|TNFRSF12A|DDIT4,-2.5,MyList
GO Biological Processes,19,GO:0061041,regulation of wound healing,,-6,13,8.9,28162,131,114,7,6.1,2.2,5055|7056|7128|7852|51330|64581|135228,SERPINB2|THBD|TNFAIP3|CXCR4|TNFRSF12A|CLEC7A|CD109,-2.4,MyList
GO Biological Processes,19,GO:0051384,response to glucocorticoid,,-5.9,13,8.8,28162,135,114,7,6.1,2.2,1843|2353|2354|7538|8061|10018|54541,DUSP1|FOS|FOSB|ZFP36|FOSL1|BCL2L11|DDIT4,-2.4,MyList
GO Biological Processes,19,GO:0050865,regulation of cell activation,,-5.7,5.1,6.6,28162,633,114,13,11,3,825|1880|3280|4092|6385|7056|7128|8013|57162|64581|84807|114548|100423062,CAPN3|GPR183|HES1|SMAD7|SDC4|THBD|TNFAIP3|NR4A3|PELI1|CLEC7A|NFKBID|NLRP3|IGLL5,-2.3,MyList
GO Biological Processes,19,GO:0031960,response to corticosteroid,,-5.5,11,8.2,28162,152,114,7,6.1,2.2,1843|2353|2354|7538|8061|10018|54541,DUSP1|FOS|FOSB|ZFP36|FOSL1|BCL2L11|DDIT4,-2.1,MyList
GO Biological Processes,19,GO:1903034,regulation of response to wounding,,-5.3,11,7.8,28162,164,114,7,6.1,2.2,5055|7056|7128|7852|51330|64581|135228,SERPINB2|THBD|TNFAIP3|CXCR4|TNFRSF12A|CLEC7A|CD109,-2,MyList
GO Biological Processes,19,GO:0043068,positive regulation of programmed cell death,,-5.3,5,6.3,28162,590,114,12,11,2.9,467|1545|1843|5366|6279|8061|10018|22822|28984|51330|64581|79845,ATF3|CYP1B1|DUSP1|PMAIP1|S100A8|FOSL1|BCL2L11|PHLDA1|RGCC|TNFRSF12A|CLEC7A|RNF122,-2,MyList
GO Biological Processes,19,GO:0032496,response to lipopolysaccharide,,-5.1,6.8,6.7,28162,326,114,9,7.9,2.5,728|929|2353|6279|7056|7128|7538|57162|114548,C5AR1|CD14|FOS|S100A8|THBD|TNFAIP3|ZFP36|PELI1|NLRP3,-1.9,MyList
GO Biological Processes,19,GO:0009629,response to gravity,,-5.1,74,15,28162,10,114,3,2.6,1.5,2353|6804|8061,FOS|STX1A|FOSL1,-1.9,MyList
GO Biological Processes,19,GO:0030162,regulation of proteolysis,,-5,4.4,5.9,28162,737,114,13,11,3,2|444|825|1475|4092|5055|5366|6279|10018|51429|64581|114548|135228,A2M|ASPH|CAPN3|CSTA|SMAD7|SERPINB2|PMAIP1|S100A8|BCL2L11|SNX9|CLEC7A|NLRP3|CD109,-1.8,MyList
GO Biological Processes,19,GO:0052548,regulation of endopeptidase activity,,-5,5.8,6.3,28162,429,114,10,8.8,2.6,2|444|1475|5055|5366|6279|10018|64581|114548|135228,A2M|ASPH|CSTA|SERPINB2|PMAIP1|S100A8|BCL2L11|CLEC7A|NLRP3|CD109,-1.8,MyList
GO Biological Processes,19,GO:0002237,response to molecule of bacterial origin,,-4.9,6.4,6.5,28162,346,114,9,7.9,2.5,728|929|2353|6279|7056|7128|7538|57162|114548,C5AR1|CD14|FOS|S100A8|THBD|TNFAIP3|ZFP36|PELI1|NLRP3,-1.8,MyList
GO Biological Processes,19,GO:0042060,wound healing,,-4.9,5.1,6,28162,538,114,11,9.6,2.8,2|2769|5055|6279|6385|7056|7128|7852|51330|64581|135228,A2M|GNA15|SERPINB2|S100A8|SDC4|THBD|TNFAIP3|CXCR4|TNFRSF12A|CLEC7A|CD109,-1.8,MyList
GO Biological Processes,19,GO:2001233,regulation of apoptotic signaling pathway,,-4.9,6.4,6.4,28162,348,114,9,7.9,2.5,467|3685|4929|5366|6279|6615|7128|10018|51330,ATF3|ITGAV|NR4A2|PMAIP1|S100A8|SNAI1|TNFAIP3|BCL2L11|TNFRSF12A,-1.8,MyList
GO Biological Processes,19,GO:0009611,response to wounding,,-4.8,4.5,5.8,28162,658,114,12,11,2.9,2|2769|5055|6279|6385|7056|7128|7538|7852|51330|64581|135228,A2M|GNA15|SERPINB2|S100A8|SDC4|THBD|TNFAIP3|ZFP36|CXCR4|TNFRSF12A|CLEC7A|CD109,-1.7,MyList
GO Biological Processes,19,GO:0001817,regulation of cytokine production,,-4.8,4.1,5.6,28162,782,114,13,11,3,728|929|1545|3685|4092|5144|7128|7538|8013|28984|57162|64581|114548,C5AR1|CD14|CYP1B1|ITGAV|SMAD7|PDE4D|TNFAIP3|ZFP36|NR4A3|RGCC|PELI1|CLEC7A|NLRP3,-1.7,MyList
GO Biological Processes,19,GO:0001776,leukocyte homeostasis,,-4.8,16,8.3,28162,79,114,5,4.4,1.9,1831|1880|5366|7128|10018,TSC22D3|GPR183|PMAIP1|TNFAIP3|BCL2L11,-1.7,MyList
GO Biological Processes,19,GO:0052547,regulation of peptidase activity,,-4.8,5.4,6,28162,458,114,10,8.8,2.6,2|444|1475|5055|5366|6279|10018|64581|114548|135228,A2M|ASPH|CSTA|SERPINB2|PMAIP1|S100A8|BCL2L11|CLEC7A|NLRP3|CD109,-1.7,MyList
Reactome Gene Sets,6,R-HSA-9031628,NGF-stimulated transcription,,-4.7,25,9.7,28162,39,114,4,3.5,1.7,2353|2354|4665|8061,FOS|FOSB|NAB2|FOSL1,-1.7,MyList
Canonical Pathways,11,M145,PID P53 DOWNSTREAM PATHWAY,,-4.7,11,7.3,28162,137,114,6,5.3,2.1,467|1843|3090|5366|28984|54541,ATF3|DUSP1|HIC1|PMAIP1|RGCC|DDIT4,-1.7,MyList
GO Biological Processes,19,GO:0045862,positive regulation of proteolysis,,-4.7,6,6.2,28162,371,114,9,7.9,2.5,444|825|4092|5366|6279|10018|51429|64581|114548,ASPH|CAPN3|SMAD7|PMAIP1|S100A8|BCL2L11|SNX9|CLEC7A|NLRP3,-1.7,MyList
GO Biological Processes,19,GO:0043065,positive regulation of apoptotic process,,-4.7,4.7,5.8,28162,574,114,11,9.6,2.8,467|1545|1843|5366|6279|8061|10018|22822|28984|51330|79845,ATF3|CYP1B1|DUSP1|PMAIP1|S100A8|FOSL1|BCL2L11|PHLDA1|RGCC|TNFRSF12A|RNF122,-1.7,MyList
KEGG Pathway,24,ko05418,Fluid shear stress and atherosclerosis,,-4.6,10,7.2,28162,142,114,6,5.3,2.1,1843|2353|3685|4688|6385|7056,DUSP1|FOS|ITGAV|NCF2|SDC4|THBD,-1.7,MyList
GO Biological Processes,19,GO:0050678,regulation of epithelial cell proliferation,,-4.6,5.8,6,28162,383,114,9,7.9,2.5,374|728|3280|7128|7538|8013|28984|79805|135228,AREG|C5AR1|HES1|TNFAIP3|ZFP36|NR4A3|RGCC|VASH2|CD109,-1.7,MyList
GO Biological Processes,19,GO:0002694,regulation of leukocyte activation,,-4.5,4.6,5.6,28162,594,114,11,9.6,2.8,1880|3280|4092|6385|7128|8013|57162|64581|84807|114548|100423062,GPR183|HES1|SMAD7|SDC4|TNFAIP3|NR4A3|PELI1|CLEC7A|NFKBID|NLRP3|IGLL5,-1.6,MyList
KEGG Pathway,24,hsa05418,Fluid shear stress and atherosclerosis,,-4.5,10,7,28162,148,114,6,5.3,2.1,1843|2353|3685|4688|6385|7056,DUSP1|FOS|ITGAV|NCF2|SDC4|THBD,-1.6,MyList
GO Biological Processes,19,GO:0002366,leukocyte activation involved in immune response,,-4.4,4.1,5.4,28162,720,114,12,11,2.9,1|728|929|1880|2204|3685|4092|6279|8013|64581|84807|114548,A1BG|C5AR1|CD14|GPR183|FCAR|ITGAV|SMAD7|S100A8|NR4A3|CLEC7A|NFKBID|NLRP3,-1.6,MyList
GO Biological Processes,19,GO:0032088,negative regulation of NF-kappaB transcription factor activity,,-4.4,13,7.6,28162,92,114,5,4.4,1.9,1545|7128|57162|114548|149951,CYP1B1|TNFAIP3|PELI1|NLRP3|COMMD7,-1.6,MyList
GO Biological Processes,19,GO:0002263,cell activation involved in immune response,,-4.4,4.1,5.4,28162,724,114,12,11,2.9,1|728|929|1880|2204|3685|4092|6279|8013|64581|84807|114548,A1BG|C5AR1|CD14|GPR183|FCAR|ITGAV|SMAD7|S100A8|NR4A3|CLEC7A|NFKBID|NLRP3,-1.6,MyList
KEGG Pathway,24,ko04657,IL-17 signaling pathway,,-4.4,13,7.6,28162,93,114,5,4.4,1.9,2353|2354|6279|7128|8061,FOS|FOSB|S100A8|TNFAIP3|FOSL1,-1.6,MyList
KEGG Pathway,24,ko04145,Phagosome,,-4.4,9.6,6.8,28162,154,114,6,5.3,2.1,929|2204|3685|4688|64581|84617,CD14|FCAR|ITGAV|NCF2|CLEC7A|TUBB6,-1.6,MyList
GO Biological Processes,19,GO:2001056,positive regulation of cysteine-type endopeptidase activity,,-4.4,9.6,6.8,28162,154,114,6,5.3,2.1,444|5366|6279|10018|64581|114548,ASPH|PMAIP1|S100A8|BCL2L11|CLEC7A|NLRP3,-1.6,MyList
GO Biological Processes,19,GO:0051591,response to cAMP,,-4.4,13,7.5,28162,94,114,5,4.4,1.9,1843|2353|2354|7056|8061,DUSP1|FOS|FOSB|THBD|FOSL1,-1.6,MyList
GO Biological Processes,19,GO:0051249,regulation of lymphocyte activation,,-4.4,4.9,5.6,28162,508,114,10,8.8,2.6,1880|3280|4092|6385|7128|57162|64581|84807|114548|100423062,GPR183|HES1|SMAD7|SDC4|TNFAIP3|PELI1|CLEC7A|NFKBID|NLRP3|IGLL5,-1.6,MyList
KEGG Pathway,24,hsa04657,IL-17 signaling pathway,,-4.4,13,7.5,28162,95,114,5,4.4,1.9,2353|2354|6279|7128|8061,FOS|FOSB|S100A8|TNFAIP3|FOSL1,-1.6,MyList
GO Biological Processes,19,GO:0030155,regulation of cell adhesion,,-4.4,4,5.3,28162,734,114,12,11,2.9,1545|1843|3280|3685|4092|6385|7852|8013|28984|57162|84807|114548,CYP1B1|DUSP1|HES1|ITGAV|SMAD7|SDC4|CXCR4|NR4A3|RGCC|PELI1|NFKBID|NLRP3,-1.6,MyList
GO Biological Processes,19,GO:0050867,positive regulation of cell activation,,-4.3,5.4,5.7,28162,412,114,9,7.9,2.5,825|1880|3280|8013|57162|64581|84807|114548|100423062,CAPN3|GPR183|HES1|NR4A3|PELI1|CLEC7A|NFKBID|NLRP3|IGLL5,-1.6,MyList
GO Biological Processes,19,GO:0048545,response to steroid hormone,,-4.2,6,5.8,28162,330,114,8,7,2.4,1843|2353|2354|7538|8013|8061|10018|54541,DUSP1|FOS|FOSB|ZFP36|NR4A3|FOSL1|BCL2L11|DDIT4,-1.5,MyList
KEGG Pathway,24,hsa04145,Phagosome,,-4.2,8.8,6.5,28162,168,114,6,5.3,2.1,929|2204|3685|4688|64581|84617,CD14|FCAR|ITGAV|NCF2|CLEC7A|TUBB6,-1.5,MyList
GO Biological Processes,19,GO:0051412,response to corticosterone,,-4.2,37,10,28162,20,114,3,2.6,1.5,2353|2354|8061,FOS|FOSB|FOSL1,-1.4,MyList
GO Biological Processes,19,GO:0010035,response to inorganic substance,,-4.1,4.6,5.3,28162,542,114,10,8.8,2.6,825|929|1545|1843|2353|2354|6279|7128|8013|8061,CAPN3|CD14|CYP1B1|DUSP1|FOS|FOSB|S100A8|TNFAIP3|NR4A3|FOSL1,-1.4,MyList
GO Biological Processes,19,GO:0001819,positive regulation of cytokine production,,-4.1,5.1,5.5,28162,437,114,9,7.9,2.5,728|929|1545|5144|8013|28984|57162|64581|114548,C5AR1|CD14|CYP1B1|PDE4D|NR4A3|RGCC|PELI1|CLEC7A|NLRP3,-1.4,MyList
GO Biological Processes,19,GO:0050673,epithelial cell proliferation,,-4.1,5.1,5.5,28162,439,114,9,7.9,2.5,374|728|3280|7128|7538|8013|28984|79805|135228,AREG|C5AR1|HES1|TNFAIP3|ZFP36|NR4A3|RGCC|VASH2|CD109,-1.4,MyList
GO Biological Processes,19,GO:0051345,positive regulation of hydrolase activity,,-4.1,3.8,5.1,28162,779,114,12,11,2.9,444|728|2769|5366|6004|6279|10018|23232|51429|64581|89839|114548,ASPH|C5AR1|GNA15|PMAIP1|RGS16|S100A8|BCL2L11|TBC1D12|SNX9|CLEC7A|ARHGAP11B|NLRP3,-1.4,MyList
GO Biological Processes,19,GO:0002260,lymphocyte homeostasis,,-4.1,17,7.9,28162,57,114,4,3.5,1.7,1831|5366|7128|10018,TSC22D3|PMAIP1|TNFAIP3|BCL2L11,-1.4,MyList
Canonical Pathways,11,M166,PID ATF2 PATHWAY,,-4,17,7.7,28162,59,114,4,3.5,1.7,467|1843|2353|3280,ATF3|DUSP1|FOS|HES1,-1.4,MyList
GO Biological Processes,19,GO:0032663,regulation of interleukin-2 production,,-4,17,7.7,28162,59,114,4,3.5,1.7,5144|7128|7538|64581,PDE4D|TNFAIP3|ZFP36|CLEC7A,-1.4,MyList
Reactome Gene Sets,6,R-HSA-187037,Signaling by NTRK1 (TRKA),,-4,11,6.7,28162,115,114,5,4.4,1.9,2353|2354|4665|5900|8061,FOS|FOSB|NAB2|RALGDS|FOSL1,-1.3,MyList
GO Biological Processes,19,GO:0010950,positive regulation of endopeptidase activity,,-4,8,6.1,28162,185,114,6,5.3,2.1,444|5366|6279|10018|64581|114548,ASPH|PMAIP1|S100A8|BCL2L11|CLEC7A|NLRP3,-1.3,MyList
Reactome Gene Sets,6,R-HSA-198725,Nuclear Events (kinase and transcription factor activation),,-4,16,7.6,28162,61,114,4,3.5,1.7,2353|2354|4665|8061,FOS|FOSB|NAB2|FOSL1,-1.3,MyList
GO Biological Processes,19,GO:0032623,interleukin-2 production,,-4,16,7.6,28162,61,114,4,3.5,1.7,5144|7128|7538|64581,PDE4D|TNFAIP3|ZFP36|CLEC7A,-1.3,MyList
GO Biological Processes,19,GO:0007159,leukocyte cell-cell adhesion,,-3.9,5.4,5.4,28162,366,114,8,7,2.4,3280|4092|6279|6385|8013|57162|84807|114548,HES1|SMAD7|S100A8|SDC4|NR4A3|PELI1|NFKBID|NLRP3,-1.3,MyList
GO Biological Processes,19,GO:0042093,T-helper cell differentiation,,-3.9,15,7.4,28162,64,114,4,3.5,1.7,1880|4092|84807|114548,GPR183|SMAD7|NFKBID|NLRP3,-1.3,MyList
GO Biological Processes,19,GO:0002294,"CD4-positive, alpha-beta T cell differentiation involved in immune response",,-3.8,15,7.2,28162,66,114,4,3.5,1.7,1880|4092|84807|114548,GPR183|SMAD7|NFKBID|NLRP3,-1.2,MyList
GO Biological Processes,19,GO:0097193,intrinsic apoptotic signaling pathway,,-3.8,6.1,5.5,28162,283,114,7,6.1,2.2,1545|3090|5366|6279|6615|10018|54541,CYP1B1|HIC1|PMAIP1|S100A8|SNAI1|BCL2L11|DDIT4,-1.2,MyList
GO Biological Processes,19,GO:0002293,alpha-beta T cell differentiation involved in immune response,,-3.8,15,7.2,28162,67,114,4,3.5,1.7,1880|4092|84807|114548,GPR183|SMAD7|NFKBID|NLRP3,-1.2,MyList
GO Biological Processes,19,GO:0002287,alpha-beta T cell activation involved in immune response,,-3.8,15,7.2,28162,67,114,4,3.5,1.7,1880|4092|84807|114548,GPR183|SMAD7|NFKBID|NLRP3,-1.2,MyList
GO Biological Processes,19,GO:2001235,positive regulation of apoptotic signaling pathway,,-3.8,9.8,6.3,28162,126,114,5,4.4,1.9,467|5366|6279|10018|51330,ATF3|PMAIP1|S100A8|BCL2L11|TNFRSF12A,-1.2,MyList
GO Biological Processes,19,GO:0045682,regulation of epidermis development,,-3.7,14,7.1,28162,69,114,4,3.5,1.7,3280|4665|7538|135228,HES1|NAB2|ZFP36|CD109,-1.2,MyList
GO Biological Processes,19,GO:0010952,positive regulation of peptidase activity,,-3.7,7.3,5.7,28162,203,114,6,5.3,2.1,444|5366|6279|10018|64581|114548,ASPH|PMAIP1|S100A8|BCL2L11|CLEC7A|NLRP3,-1.2,MyList
GO Biological Processes,19,GO:0046683,response to organophosphorus,,-3.7,9.4,6.2,28162,131,114,5,4.4,1.9,1843|2353|2354|7056|8061,DUSP1|FOS|FOSB|THBD|FOSL1,-1.2,MyList
GO Biological Processes,19,GO:0032102,negative regulation of response to external stimulus,,-3.7,5,5.1,28162,394,114,8,7,2.4,2|1843|5055|7056|7128|10501|114548|135228,A2M|DUSP1|SERPINB2|THBD|TNFAIP3|SEMA6B|NLRP3|CD109,-1.1,MyList
WikiPathways,27,WP366,TGF-beta Signaling Pathway,,-3.7,9.3,6.1,28162,133,114,5,4.4,1.9,467|1316|2353|2354|4092,ATF3|KLF6|FOS|FOSB|SMAD7,-1.1,MyList
Canonical Pathways,11,M55,PID S1P S1P3 PATHWAY,,-3.7,26,8.4,28162,29,114,3,2.6,1.5,2769|3685|7852,GNA15|ITGAV|CXCR4,-1.1,MyList
Reactome Gene Sets,6,R-HSA-166520,Signaling by NTRKs,,-3.7,9.2,6.1,28162,134,114,5,4.4,1.9,2353|2354|4665|5900|8061,FOS|FOSB|NAB2|RALGDS|FOSL1,-1.1,MyList
GO Biological Processes,19,GO:0002292,T cell differentiation involved in immune response,,-3.7,14,6.8,28162,73,114,4,3.5,1.7,1880|4092|84807|114548,GPR183|SMAD7|NFKBID|NLRP3,-1.1,MyList
GO Biological Processes,19,GO:0042542,response to hydrogen peroxide,,-3.6,9.1,6.1,28162,135,114,5,4.4,1.9,1545|1843|7128|8013|8061,CYP1B1|DUSP1|TNFAIP3|NR4A3|FOSL1,-1.1,MyList
GO Biological Processes,19,GO:0002696,positive regulation of leukocyte activation,,-3.6,4.9,5.1,28162,401,114,8,7,2.4,1880|3280|8013|57162|64581|84807|114548|100423062,GPR183|HES1|NR4A3|PELI1|CLEC7A|NFKBID|NLRP3|IGLL5,-1.1,MyList
WikiPathways,27,WP4216,Chromosomal and microsatellite instability in colorectal cancer ,,-3.6,13,6.8,28162,74,114,4,3.5,1.7,2353|5366|5900|10018,FOS|PMAIP1|RALGDS|BCL2L11,-1.1,MyList
GO Biological Processes,19,GO:0050900,leukocyte migration,,-3.6,4.4,4.9,28162,511,114,9,7.9,2.5,728|1843|1880|3685|6279|6385|7056|7852|114548,C5AR1|DUSP1|GPR183|ITGAV|S100A8|SDC4|THBD|CXCR4|NLRP3,-1.1,MyList
GO Biological Processes,19,GO:0060674,placenta blood vessel development,,-3.6,25,8.3,28162,30,114,3,2.6,1.5,3280|8061|79805,HES1|FOSL1|VASH2,-1.1,MyList
GO Biological Processes,19,GO:0033137,negative regulation of peptidyl-serine phosphorylation,,-3.6,25,8.3,28162,30,114,3,2.6,1.5,4092|5144|54541,SMAD7|PDE4D|DDIT4,-1.1,MyList
GO Biological Processes,19,GO:0008285,negative regulation of cell population proliferation,,-3.6,3.6,4.6,28162,753,114,11,9.6,2.8,1545|3280|4092|4883|6385|7128|8061|28984|54984|57162|135228,CYP1B1|HES1|SMAD7|NPR3|SDC4|TNFAIP3|FOSL1|RGCC|PINX1|PELI1|CD109,-1.1,MyList
GO Biological Processes,19,GO:0046649,lymphocyte activation,,-3.6,3.6,4.6,28162,754,114,11,9.6,2.8,1316|1880|3280|4092|6385|7128|57162|64581|84807|114548|100423062,KLF6|GPR183|HES1|SMAD7|SDC4|TNFAIP3|PELI1|CLEC7A|NFKBID|NLRP3|IGLL5,-1.1,MyList
GO Biological Processes,19,GO:0043280,positive regulation of cysteine-type endopeptidase activity involved in apoptotic process,,-3.6,9,6,28162,138,114,5,4.4,1.9,5366|6279|10018|64581|114548,PMAIP1|S100A8|BCL2L11|CLEC7A|NLRP3,-1.1,MyList
GO Biological Processes,19,GO:0001568,blood vessel development,,-3.6,3.6,4.6,28162,755,114,11,9.6,2.8,728|1545|3280|3685|4092|7128|7852|8061|28984|51330|79805,C5AR1|CYP1B1|HES1|ITGAV|SMAD7|TNFAIP3|CXCR4|FOSL1|RGCC|TNFRSF12A|VASH2,-1.1,MyList
GO Biological Processes,19,GO:0097191,extrinsic apoptotic signaling pathway,,-3.6,6.8,5.5,28162,217,114,6,5.3,2.1,467|3685|5366|7128|10018|51330,ATF3|ITGAV|PMAIP1|TNFAIP3|BCL2L11|TNFRSF12A,-1.1,MyList
GO Biological Processes,19,GO:0051385,response to mineralocorticoid,,-3.5,23,8,28162,32,114,3,2.6,1.5,2353|2354|8061,FOS|FOSB|FOSL1,-1.1,MyList
KEGG Pathway,24,hsa04610,Complement and coagulation cascades ,,-3.5,13,6.5,28162,79,114,4,3.5,1.7,2|728|5055|7056,A2M|C5AR1|SERPINB2|THBD,-1.1,MyList
KEGG Pathway,24,ko04610,Complement and coagulation cascades,,-3.5,13,6.5,28162,79,114,4,3.5,1.7,2|728|5055|7056,A2M|C5AR1|SERPINB2|THBD,-1.1,MyList
GO Biological Processes,19,GO:0014074,response to purine-containing compound,,-3.5,8.5,5.8,28162,145,114,5,4.4,1.9,1843|2353|2354|7056|8061,DUSP1|FOS|FOSB|THBD|FOSL1,-1.1,MyList
GO Biological Processes,19,GO:0000302,response to reactive oxygen species,,-3.5,6.6,5.4,28162,225,114,6,5.3,2.1,1545|1843|2353|7128|8013|8061,CYP1B1|DUSP1|FOS|TNFAIP3|NR4A3|FOSL1,-1.1,MyList
GO Biological Processes,19,GO:0006954,inflammatory response,,-3.5,3.5,4.5,28162,778,114,11,9.6,2.8,728|929|2353|6279|7128|7852|8460|9332|64581|84807|114548,C5AR1|CD14|FOS|S100A8|TNFAIP3|CXCR4|TPST1|CD163|CLEC7A|NFKBID|NLRP3,-1.1,MyList
GO Biological Processes,19,GO:0043367,"CD4-positive, alpha-beta T cell differentiation",,-3.5,12,6.4,28162,81,114,4,3.5,1.7,1880|4092|84807|114548,GPR183|SMAD7|NFKBID|NLRP3,-1.1,MyList
WikiPathways,27,WP2882,Nuclear Receptors Meta-Pathway,,-3.5,5.4,5,28162,322,114,7,6.1,2.2,1545|1831|3280|5055|6533|7056|7128,CYP1B1|TSC22D3|HES1|SERPINB2|SLC6A6|THBD|TNFAIP3,-1.1,MyList
GO Biological Processes,19,GO:0043516,"regulation of DNA damage response, signal transduction by p53 class mediator",,-3.5,22,7.7,28162,34,114,3,2.6,1.5,3090|5366|6615,HIC1|PMAIP1|SNAI1,-1,MyList
GO Biological Processes,19,GO:0001944,vasculature development,,-3.4,3.5,4.4,28162,787,114,11,9.6,2.8,728|1545|3280|3685|4092|7128|7852|8061|28984|51330|79805,C5AR1|CYP1B1|HES1|ITGAV|SMAD7|TNFAIP3|CXCR4|FOSL1|RGCC|TNFRSF12A|VASH2,-1,MyList
GO Biological Processes,19,GO:2000116,regulation of cysteine-type endopeptidase activity,,-3.4,6.4,5.2,28162,233,114,6,5.3,2.1,444|5366|6279|10018|64581|114548,ASPH|PMAIP1|S100A8|BCL2L11|CLEC7A|NLRP3,-1,MyList
GO Biological Processes,19,GO:0071216,cellular response to biotic stimulus,,-3.4,6.4,5.2,28162,233,114,6,5.3,2.1,929|7128|7538|10018|64581|114548,CD14|TNFAIP3|ZFP36|BCL2L11|CLEC7A|NLRP3,-1,MyList
GO Biological Processes,19,GO:0002718,regulation of cytokine production involved in immune response,,-3.4,12,6.3,28162,84,114,4,3.5,1.7,4092|8013|64581|114548,SMAD7|NR4A3|CLEC7A|NLRP3,-1,MyList
GO Biological Processes,19,GO:0097305,response to alcohol,,-3.4,6.3,5.2,28162,234,114,6,5.3,2.1,929|2353|2354|6279|8061|114548,CD14|FOS|FOSB|S100A8|FOSL1|NLRP3,-1,MyList
GO Biological Processes,19,GO:1903037,regulation of leukocyte cell-cell adhesion,,-3.4,5.2,4.9,28162,330,114,7,6.1,2.2,3280|4092|6385|8013|57162|84807|114548,HES1|SMAD7|SDC4|NR4A3|PELI1|NFKBID|NLRP3,-1,MyList
GO Biological Processes,19,GO:2001236,regulation of extrinsic apoptotic signaling pathway,,-3.4,8,5.6,28162,154,114,5,4.4,1.9,467|3685|5366|7128|51330,ATF3|ITGAV|PMAIP1|TNFAIP3|TNFRSF12A,-1,MyList
GO Biological Processes,19,GO:0043029,T cell homeostasis,,-3.4,21,7.5,28162,36,114,3,2.6,1.5,1831|5366|10018,TSC22D3|PMAIP1|BCL2L11,-1,MyList
GO Biological Processes,19,GO:0022407,regulation of cell-cell adhesion,,-3.4,4.5,4.7,28162,439,114,8,7,2.4,3280|4092|6385|8013|28984|57162|84807|114548,HES1|SMAD7|SDC4|NR4A3|RGCC|PELI1|NFKBID|NLRP3,-1,MyList
GO Biological Processes,19,GO:0048514,blood vessel morphogenesis,,-3.4,3.6,4.4,28162,678,114,10,8.8,2.6,728|1545|3280|3685|4092|7128|7852|28984|51330|79805,C5AR1|CYP1B1|HES1|ITGAV|SMAD7|TNFAIP3|CXCR4|RGCC|TNFRSF12A|VASH2,-1,MyList
GO Biological Processes,19,GO:0031400,negative regulation of protein modification process,,-3.4,4,4.6,28162,556,114,9,7.9,2.5,825|1843|4092|5144|7128|23435|54541|54984|135228,CAPN3|DUSP1|SMAD7|PDE4D|TNFAIP3|TARDBP|DDIT4|PINX1|CD109,-1,MyList
GO Biological Processes,19,GO:0006979,response to oxidative stress,,-3.3,4.4,4.6,28162,447,114,8,7,2.4,1545|1843|2353|4688|4929|7128|8013|8061,CYP1B1|DUSP1|FOS|NCF2|NR4A2|TNFAIP3|NR4A3|FOSL1,-0.97,MyList
GO Biological Processes,19,GO:0010837,regulation of keratinocyte proliferation,,-3.3,20,7.3,28162,38,114,3,2.6,1.5,374|7538|135228,AREG|ZFP36|CD109,-0.96,MyList
GO Biological Processes,19,GO:1903321,negative regulation of protein modification by small protein conjugation or removal,,-3.3,11,6,28162,91,114,4,3.5,1.7,825|4092|7128|54984,CAPN3|SMAD7|TNFAIP3|PINX1,-0.94,MyList
GO Biological Processes,19,GO:0045622,regulation of T-helper cell differentiation,,-3.3,19,7.2,28162,39,114,3,2.6,1.5,4092|84807|114548,SMAD7|NFKBID|NLRP3,-0.94,MyList
GO Biological Processes,19,GO:0048872,homeostasis of number of cells,,-3.3,5.9,5,28162,250,114,6,5.3,2.1,1831|1880|5366|7128|7538|10018,TSC22D3|GPR183|PMAIP1|TNFAIP3|ZFP36|BCL2L11,-0.92,MyList
GO Biological Processes,19,GO:0062197,cellular response to chemical stress,,-3.3,5,4.7,28162,349,114,7,6.1,2.2,825|1545|2353|4688|4929|7128|8013,CAPN3|CYP1B1|FOS|NCF2|NR4A2|TNFAIP3|NR4A3,-0.92,MyList
WikiPathways,27,WP2355,Corticotropin-releasing hormone signaling pathway,,-3.2,11,5.9,28162,93,114,4,3.5,1.7,2353|2354|4929|8061,FOS|FOSB|NR4A2|FOSL1,-0.92,MyList
GO Biological Processes,19,GO:0002367,cytokine production involved in immune response,,-3.2,11,5.9,28162,94,114,4,3.5,1.7,4092|8013|64581|114548,SMAD7|NR4A3|CLEC7A|NLRP3,-0.91,MyList
GO Biological Processes,19,GO:0051251,positive regulation of lymphocyte activation,,-3.2,4.9,4.7,28162,356,114,7,6.1,2.2,1880|3280|57162|64581|84807|114548|100423062,GPR183|HES1|PELI1|CLEC7A|NFKBID|NLRP3|IGLL5,-0.88,MyList
GO Biological Processes,19,GO:0002697,regulation of immune effector process,,-3.2,4.2,4.5,28162,467,114,8,7,2.4,2|728|4092|7128|8013|64581|84807|114548,A2M|C5AR1|SMAD7|TNFAIP3|NR4A3|CLEC7A|NFKBID|NLRP3,-0.88,MyList
GO Biological Processes,19,GO:0001933,negative regulation of protein phosphorylation,,-3.2,4.8,4.6,28162,363,114,7,6.1,2.2,1843|4092|5144|7128|23435|54541|135228,DUSP1|SMAD7|PDE4D|TNFAIP3|TARDBP|DDIT4|CD109,-0.84,MyList
GO Biological Processes,19,GO:0042110,T cell activation,,-3.1,4.2,4.4,28162,475,114,8,7,2.4,1880|3280|4092|6385|57162|64581|84807|114548,GPR183|HES1|SMAD7|SDC4|PELI1|CLEC7A|NFKBID|NLRP3,-0.84,MyList
GO Biological Processes,19,GO:0072331,signal transduction by p53 class mediator,,-3.1,5.6,4.8,28162,264,114,6,5.3,2.1,3090|5366|6615|7862|28984|54541,HIC1|PMAIP1|SNAI1|BRPF1|RGCC|DDIT4,-0.84,MyList
GO Biological Processes,19,GO:0008630,intrinsic apoptotic signaling pathway in response to DNA damage,,-3.1,9.9,5.7,28162,100,114,4,3.5,1.7,3090|6615|10018|54541,HIC1|SNAI1|BCL2L11|DDIT4,-0.84,MyList
GO Biological Processes,19,GO:0035710,"CD4-positive, alpha-beta T cell activation",,-3.1,9.9,5.7,28162,100,114,4,3.5,1.7,1880|4092|84807|114548,GPR183|SMAD7|NFKBID|NLRP3,-0.84,MyList
GO Biological Processes,19,GO:0009617,response to bacterium,,-3.1,3.4,4.2,28162,728,114,10,8.8,2.6,728|929|2353|6279|7056|7128|7538|57162|114548|100423062,C5AR1|CD14|FOS|S100A8|THBD|TNFAIP3|ZFP36|PELI1|NLRP3|IGLL5,-0.83,MyList
GO Biological Processes,19,GO:0051091,positive regulation of DNA-binding transcription factor activity,,-3.1,5.6,4.8,28162,266,114,6,5.3,2.1,825|6279|8061|23082|28984|114548,CAPN3|S100A8|FOSL1|PPRC1|RGCC|NLRP3,-0.83,MyList
Reactome Gene Sets,6,R-HSA-168188,Toll Like Receptor TLR6:TLR2 Cascade,,-3.1,9.8,5.6,28162,101,114,4,3.5,1.7,929|2353|6279|57162,CD14|FOS|S100A8|PELI1,-0.83,MyList
Reactome Gene Sets,6,R-HSA-166058,MyD88:MAL(TIRAP) cascade initiated on plasma membrane,,-3.1,9.8,5.6,28162,101,114,4,3.5,1.7,929|2353|6279|57162,CD14|FOS|S100A8|PELI1,-0.83,MyList
GO Biological Processes,19,GO:0034142,toll-like receptor 4 signaling pathway,,-3.1,16,6.6,28162,45,114,3,2.6,1.5,929|7128|57162,CD14|TNFAIP3|PELI1,-0.82,MyList
GO Biological Processes,19,GO:0032570,response to progesterone,,-3.1,16,6.6,28162,45,114,3,2.6,1.5,2353|2354|8061,FOS|FOSB|FOSL1,-0.82,MyList
Reactome Gene Sets,6,R-HSA-168179,Toll Like Receptor TLR1:TLR2 Cascade,,-3.1,9.5,5.5,28162,104,114,4,3.5,1.7,929|2353|6279|57162,CD14|FOS|S100A8|PELI1,-0.8,MyList
Reactome Gene Sets,6,R-HSA-181438,Toll Like Receptor 2 (TLR2) Cascade,,-3.1,9.5,5.5,28162,104,114,4,3.5,1.7,929|2353|6279|57162,CD14|FOS|S100A8|PELI1,-0.8,MyList
Reactome Gene Sets,6,R-HSA-1236975,Antigen processing-Cross presentation,,-3.1,9.4,5.5,28162,105,114,4,3.5,1.7,929|3685|4688|6279,CD14|ITGAV|NCF2|S100A8,-0.79,MyList
Canonical Pathways,11,M164,PID ERBB1 DOWNSTREAM PATHWAY,,-3.1,9.4,5.5,28162,105,114,4,3.5,1.7,1843|2353|5900|7538,DUSP1|FOS|RALGDS|ZFP36,-0.79,MyList
GO Biological Processes,19,GO:0030330,"DNA damage response, signal transduction by p53 class mediator",,-3,9.3,5.5,28162,106,114,4,3.5,1.7,3090|5366|6615|28984,HIC1|PMAIP1|SNAI1|RGCC,-0.78,MyList
GO Biological Processes,19,GO:0046632,alpha-beta T cell differentiation,,-3,9.2,5.4,28162,107,114,4,3.5,1.7,1880|4092|84807|114548,GPR183|SMAD7|NFKBID|NLRP3,-0.78,MyList
WikiPathways,27,WP2877,Vitamin D Receptor Pathway,,-3,6.7,4.9,28162,185,114,5,4.4,1.9,929|4814|6279|7056|7128,CD14|NINJ1|S100A8|THBD|TNFAIP3,-0.78,MyList
Canonical Pathways,11,M5885,NABA MATRISOME ASSOCIATED,,-3,3.3,4.1,28162,751,114,10,8.8,2.6,2|374|1475|5055|6279|6385|9509|10501|64581|135228,A2M|AREG|CSTA|SERPINB2|S100A8|SDC4|ADAMTS2|SEMA6B|CLEC7A|CD109,-0.78,MyList
Reactome Gene Sets,6,R-HSA-109582,Hemostasis,,-3,3.6,4.1,28162,621,114,9,7.9,2.5,1|2|2769|3685|5055|6385|7056|84617|135228,A1BG|A2M|GNA15|ITGAV|SERPINB2|SDC4|THBD|TUBB6|CD109,-0.78,MyList
WikiPathways,27,WP4754,IL-18 signaling pathway,,-3,5.3,4.6,28162,279,114,6,5.3,2.1,467|2353|4688|6004|6385|7128,ATF3|FOS|NCF2|RGS16|SDC4|TNFAIP3,-0.78,MyList
WikiPathways,27,WP2873,Aryl Hydrocarbon Receptor Pathway,,-3,15,6.4,28162,48,114,3,2.6,1.5,1545|3280|5055,CYP1B1|HES1|SERPINB2,-0.78,MyList
GO Biological Processes,19,GO:2001238,positive regulation of extrinsic apoptotic signaling pathway,,-3,15,6.4,28162,48,114,3,2.6,1.5,467|5366|51330,ATF3|PMAIP1|TNFRSF12A,-0.78,MyList
GO Biological Processes,19,GO:0031331,positive regulation of cellular catabolic process,,-3,4.5,4.4,28162,385,114,7,6.1,2.2,4092|5209|7128|7538|10018|23435|51429,SMAD7|PFKFB3|TNFAIP3|ZFP36|BCL2L11|TARDBP|SNX9,-0.77,MyList
GO Biological Processes,19,GO:0043616,keratinocyte proliferation,,-3,15,6.3,28162,49,114,3,2.6,1.5,374|7538|135228,AREG|ZFP36|CD109,-0.76,MyList
GO Biological Processes,19,GO:0042063,gliogenesis,,-3,5.2,4.6,28162,283,114,6,5.3,2.1,728|1880|3280|4665|6279|7852,C5AR1|GPR183|HES1|NAB2|S100A8|CXCR4,-0.76,MyList
Reactome Gene Sets,6,R-HSA-9006934,Signaling by Receptor Tyrosine Kinases,,-3,3.9,4.2,28162,506,114,8,7,2.4,374|2353|2354|3685|4665|4688|5900|8061,AREG|FOS|FOSB|ITGAV|NAB2|NCF2|RALGDS|FOSL1,-0.75,MyList
GO Biological Processes,19,GO:0002286,T cell activation involved in immune response,,-3,8.9,5.3,28162,111,114,4,3.5,1.7,1880|4092|84807|114548,GPR183|SMAD7|NFKBID|NLRP3,-0.74,MyList
GO Biological Processes,19,GO:1901654,response to ketone,,-2.9,6.4,4.8,28162,193,114,5,4.4,1.9,1843|2353|2354|8061|54541,DUSP1|FOS|FOSB|FOSL1|DDIT4,-0.73,MyList
GO Biological Processes,19,GO:0043370,"regulation of CD4-positive, alpha-beta T cell differentiation",,-2.9,15,6.2,28162,51,114,3,2.6,1.5,4092|84807|114548,SMAD7|NFKBID|NLRP3,-0.72,MyList
GO Biological Processes,19,GO:0045055,regulated exocytosis,,-2.9,3.2,3.9,28162,780,114,10,8.8,2.6,1|2|728|929|2204|3685|6279|6804|8013|135228,A1BG|A2M|C5AR1|CD14|FCAR|ITGAV|S100A8|STX1A|NR4A3|CD109,-0.69,MyList
GO Biological Processes,19,GO:0002683,negative regulation of immune system process,,-2.9,4.3,4.2,28162,403,114,7,6.1,2.2,2|1831|1843|4092|6385|7128|57162,A2M|TSC22D3|DUSP1|SMAD7|SDC4|TNFAIP3|PELI1,-0.69,MyList
GO Biological Processes,19,GO:0007162,negative regulation of cell adhesion,,-2.9,5,4.4,28162,295,114,6,5.3,2.1,1545|1843|4092|6385|28984|57162,CYP1B1|DUSP1|SMAD7|SDC4|RGCC|PELI1,-0.69,MyList
GO Biological Processes,19,GO:0002720,positive regulation of cytokine production involved in immune response,,-2.9,14,6,28162,53,114,3,2.6,1.5,8013|64581|114548,NR4A3|CLEC7A|NLRP3,-0.69,MyList
GO Biological Processes,19,GO:0050866,negative regulation of cell activation,,-2.9,6.2,4.7,28162,200,114,5,4.4,1.9,4092|6385|7056|7128|57162,SMAD7|SDC4|THBD|TNFAIP3|PELI1,-0.67,MyList
GO Biological Processes,19,GO:0050801,ion homeostasis,,-2.9,3.1,3.9,28162,787,114,10,8.8,2.6,728|825|2273|2769|3685|4092|5144|6279|7852|9997,C5AR1|CAPN3|FHL1|GNA15|ITGAV|SMAD7|PDE4D|S100A8|CXCR4|SCO2,-0.67,MyList
GO Biological Processes,19,GO:0006968,cellular defense response,,-2.9,14,6,28162,54,114,3,2.6,1.5,728|4688|8061,C5AR1|NCF2|FOSL1,-0.67,MyList
GO Biological Processes,19,GO:0042326,negative regulation of phosphorylation,,-2.9,4.2,4.2,28162,408,114,7,6.1,2.2,1843|4092|5144|7128|23435|54541|135228,DUSP1|SMAD7|PDE4D|TNFAIP3|TARDBP|DDIT4|CD109,-0.67,MyList
GO Biological Processes,19,GO:0045860,positive regulation of protein kinase activity,,-2.8,3.7,4,28162,530,114,8,7,2.4,374|728|4665|6385|7852|28984|51429|60370,AREG|C5AR1|NAB2|SDC4|CXCR4|RGCC|SNX9|AVPI1,-0.67,MyList
GO Biological Processes,19,GO:0050679,positive regulation of epithelial cell proliferation,,-2.8,6.1,4.6,28162,203,114,5,4.4,1.9,374|728|7128|8013|79805,AREG|C5AR1|TNFAIP3|NR4A3|VASH2,-0.67,MyList
GO Biological Processes,19,GO:0034599,cellular response to oxidative stress,,-2.8,4.9,4.4,28162,301,114,6,5.3,2.1,1545|2353|4688|4929|7128|8013,CYP1B1|FOS|NCF2|NR4A2|TNFAIP3|NR4A3,-0.67,MyList
Reactome Gene Sets,6,R-HSA-1474244,Extracellular matrix organization,,-2.8,4.9,4.4,28162,301,114,6,5.3,2.1,2|825|3685|4146|6385|9509,A2M|CAPN3|ITGAV|MATN1|SDC4|ADAMTS2,-0.67,MyList
GO Biological Processes,19,GO:0071385,cellular response to glucocorticoid stimulus,,-2.8,13,5.9,28162,55,114,3,2.6,1.5,7538|10018|54541,ZFP36|BCL2L11|DDIT4,-0.67,MyList
GO Biological Processes,19,GO:1901214,regulation of neuron death,,-2.8,4.9,4.4,28162,302,114,6,5.3,2.1,728|2353|4929|8013|10018|54541,C5AR1|FOS|NR4A2|NR4A3|BCL2L11|DDIT4,-0.66,MyList
GO Biological Processes,19,GO:0045859,regulation of protein kinase activity,,-2.8,3.1,3.8,28162,798,114,10,8.8,2.6,374|728|1843|4665|6385|7128|7852|28984|51429|60370,AREG|C5AR1|DUSP1|NAB2|SDC4|TNFAIP3|CXCR4|RGCC|SNX9|AVPI1,-0.65,MyList
GO Biological Processes,19,GO:0043281,regulation of cysteine-type endopeptidase activity involved in apoptotic process,,-2.8,5.9,4.6,28162,208,114,5,4.4,1.9,5366|6279|10018|64581|114548,PMAIP1|S100A8|BCL2L11|CLEC7A|NLRP3,-0.63,MyList
Reactome Gene Sets,6,R-HSA-5357801,Programmed Cell Death,,-2.8,5.9,4.5,28162,210,114,5,4.4,1.9,929|5366|9414|10018|57162,CD14|PMAIP1|TJP2|BCL2L11|PELI1,-0.62,MyList
GO Biological Processes,19,GO:0010001,glial cell differentiation,,-2.8,5.9,4.5,28162,210,114,5,4.4,1.9,728|3280|4665|6279|7852,C5AR1|HES1|NAB2|S100A8|CXCR4,-0.62,MyList
GO Biological Processes,19,GO:0007204,positive regulation of cytosolic calcium ion concentration,,-2.8,4.8,4.3,28162,310,114,6,5.3,2.1,728|825|2769|3685|5144|7852,C5AR1|CAPN3|GNA15|ITGAV|PDE4D|CXCR4,-0.62,MyList
GO Biological Processes,19,GO:0045785,positive regulation of cell adhesion,,-2.8,4.1,4.1,28162,425,114,7,6.1,2.2,3280|3685|4092|6385|8013|84807|114548,HES1|ITGAV|SMAD7|SDC4|NR4A3|NFKBID|NLRP3,-0.61,MyList
GO Biological Processes,19,GO:0070661,leukocyte proliferation,,-2.8,4.7,4.2,28162,313,114,6,5.3,2.1,1880|3280|4883|6385|7128|57162,GPR183|HES1|NPR3|SDC4|TNFAIP3|PELI1,-0.61,MyList
GO Biological Processes,19,GO:0090303,positive regulation of wound healing,,-2.7,13,5.7,28162,59,114,3,2.6,1.5,7056|7852|64581,THBD|CXCR4|CLEC7A,-0.6,MyList
GO Biological Processes,19,GO:1902041,regulation of extrinsic apoptotic signaling pathway via death domain receptors,,-2.7,13,5.7,28162,59,114,3,2.6,1.5,467|5366|7128,ATF3|PMAIP1|TNFAIP3,-0.6,MyList
GO Biological Processes,19,GO:0071384,cellular response to corticosteroid stimulus,,-2.7,12,5.6,28162,60,114,3,2.6,1.5,7538|10018|54541,ZFP36|BCL2L11|DDIT4,-0.59,MyList
GO Biological Processes,19,GO:2001244,positive regulation of intrinsic apoptotic signaling pathway,,-2.7,12,5.6,28162,60,114,3,2.6,1.5,5366|6279|10018,PMAIP1|S100A8|BCL2L11,-0.59,MyList
Reactome Gene Sets,6,R-HSA-418594,G alpha (i) signalling events,,-2.7,4.7,4.2,28162,318,114,6,5.3,2.1,728|1880|2769|5144|6004|7852,C5AR1|GPR183|GNA15|PDE4D|RGS16|CXCR4,-0.58,MyList
KEGG Pathway,24,ko04380,Osteoclast differentiation,,-2.7,7.6,4.8,28162,130,114,4,3.5,1.7,2353|2354|4688|8061,FOS|FOSB|NCF2|FOSL1,-0.57,MyList
GO Biological Processes,19,GO:0042770,signal transduction in response to DNA damage,,-2.7,7.5,4.8,28162,131,114,4,3.5,1.7,3090|5366|6615|28984,HIC1|PMAIP1|SNAI1|RGCC,-0.57,MyList
GO Biological Processes,19,GO:0045604,regulation of epidermal cell differentiation,,-2.7,12,5.5,28162,62,114,3,2.6,1.5,3280|7538|135228,HES1|ZFP36|CD109,-0.56,MyList
WikiPathways,27,WP2849,Hematopoietic Stem Cell Differentiation,,-2.7,12,5.5,28162,63,114,3,2.6,1.5,2353|2354|7852,FOS|FOSB|CXCR4,-0.54,MyList
GO Biological Processes,19,GO:0050863,regulation of T cell activation,,-2.7,4.5,4.1,28162,327,114,6,5.3,2.1,3280|4092|6385|57162|84807|114548,HES1|SMAD7|SDC4|PELI1|NFKBID|NLRP3,-0.54,MyList
GO Biological Processes,19,GO:0050920,regulation of chemotaxis,,-2.7,5.5,4.3,28162,224,114,5,4.4,1.9,728|1843|1880|7852|10501,C5AR1|DUSP1|GPR183|CXCR4|SEMA6B,-0.53,MyList
GO Biological Processes,19,GO:0048598,embryonic morphogenesis,,-2.6,3.5,3.8,28162,569,114,8,7,2.4,1843|3280|3685|6385|6615|8013|10018|64388,DUSP1|HES1|ITGAV|SDC4|SNAI1|NR4A3|BCL2L11|GREM2,-0.53,MyList
Reactome Gene Sets,6,R-HSA-166016,Toll Like Receptor 4 (TLR4) Cascade,,-2.6,7.3,4.7,28162,135,114,4,3.5,1.7,929|2353|6279|57162,CD14|FOS|S100A8|PELI1,-0.53,MyList
GO Biological Processes,19,GO:0001890,placenta development,,-2.6,7.3,4.7,28162,136,114,4,3.5,1.7,3280|6615|8061|79805,HES1|SNAI1|FOSL1|VASH2,-0.52,MyList
GO Biological Processes,19,GO:0030595,leukocyte chemotaxis,,-2.6,5.4,4.3,28162,227,114,5,4.4,1.9,728|1843|1880|6279|7852,C5AR1|DUSP1|GPR183|S100A8|CXCR4,-0.52,MyList
GO Biological Processes,19,GO:0032729,positive regulation of interferon-gamma production,,-2.6,11,5.4,28162,65,114,3,2.6,1.5,929|5144|64581,CD14|PDE4D|CLEC7A,-0.52,MyList
GO Biological Processes,19,GO:0006875,cellular metal ion homeostasis,,-2.6,3.4,3.8,28162,576,114,8,7,2.4,728|825|2769|3685|5144|6279|7852|9997,C5AR1|CAPN3|GNA15|ITGAV|PDE4D|S100A8|CXCR4|SCO2,-0.51,MyList
KEGG Pathway,24,hsa04380,Osteoclast differentiation,,-2.6,7.2,4.6,28162,138,114,4,3.5,1.7,2353|2354|4688|8061,FOS|FOSB|NCF2|FOSL1,-0.51,MyList
GO Biological Processes,19,GO:0009896,positive regulation of catabolic process,,-2.6,3.8,3.9,28162,451,114,7,6.1,2.2,4092|5209|7128|7538|10018|23435|51429,SMAD7|PFKFB3|TNFAIP3|ZFP36|BCL2L11|TARDBP|SNX9,-0.51,MyList
GO Biological Processes,19,GO:0070265,necrotic cell death,,-2.6,11,5.3,28162,66,114,3,2.6,1.5,929|6533|57162,CD14|SLC6A6|PELI1,-0.51,MyList
Canonical Pathways,11,M255,PID HIF1 TFPATHWAY,,-2.6,11,5.3,28162,66,114,3,2.6,1.5,2353|5209|7852,FOS|PFKFB3|CXCR4,-0.51,MyList
GO Biological Processes,19,GO:0001701,in utero embryonic development,,-2.6,4.4,4,28162,337,114,6,5.3,2.1,3280|6615|8061|9997|10018|79805,HES1|SNAI1|FOSL1|SCO2|BCL2L11|VASH2,-0.5,MyList
GO Biological Processes,19,GO:0045765,regulation of angiogenesis,,-2.6,4.4,4,28162,337,114,6,5.3,2.1,728|1545|7128|7852|28984|79805,C5AR1|CYP1B1|TNFAIP3|CXCR4|RGCC|VASH2,-0.5,MyList
GO Biological Processes,19,GO:2000514,"regulation of CD4-positive, alpha-beta T cell activation",,-2.6,11,5.3,28162,67,114,3,2.6,1.5,4092|84807|114548,SMAD7|NFKBID|NLRP3,-0.5,MyList
GO Biological Processes,19,GO:0046637,regulation of alpha-beta T cell differentiation,,-2.6,11,5.3,28162,67,114,3,2.6,1.5,4092|84807|114548,SMAD7|NFKBID|NLRP3,-0.5,MyList
GO Biological Processes,19,GO:0048762,mesenchymal cell differentiation,,-2.6,5.3,4.2,28162,233,114,5,4.4,1.9,3280|4092|6615|10501|28984,HES1|SMAD7|SNAI1|SEMA6B|RGCC,-0.5,MyList
WikiPathways,27,WP2032,Human Thyroid Stimulating Hormone (TSH) signaling pathway,,-2.6,11,5.2,28162,68,114,3,2.6,1.5,2353|5144|5900,FOS|PDE4D|RALGDS,-0.49,MyList
KEGG Pathway,24,ko05031,Amphetamine addiction,,-2.6,11,5.2,28162,68,114,3,2.6,1.5,2353|2354|6804,FOS|FOSB|STX1A,-0.49,MyList
GO Biological Processes,19,GO:0031668,cellular response to extracellular stimulus,,-2.6,5.3,4.2,28162,235,114,5,4.4,1.9,467|2353|4929|5366|8061,ATF3|FOS|NR4A2|PMAIP1|FOSL1,-0.49,MyList
GO Biological Processes,19,GO:0070997,neuron death,,-2.6,4.3,4,28162,342,114,6,5.3,2.1,728|2353|4929|8013|10018|54541,C5AR1|FOS|NR4A2|NR4A3|BCL2L11|DDIT4,-0.49,MyList
GO Biological Processes,19,GO:0001525,angiogenesis,,-2.6,3.4,3.7,28162,589,114,8,7,2.4,728|1545|3685|7128|7852|28984|51330|79805,C5AR1|CYP1B1|ITGAV|TNFAIP3|CXCR4|RGCC|TNFRSF12A|VASH2,-0.49,MyList
GO Biological Processes,19,GO:1901342,regulation of vasculature development,,-2.6,4.3,3.9,28162,343,114,6,5.3,2.1,728|1545|7128|7852|28984|79805,C5AR1|CYP1B1|TNFAIP3|CXCR4|RGCC|VASH2,-0.49,MyList
GO Biological Processes,19,GO:0014823,response to activity,,-2.6,11,5.2,28162,69,114,3,2.6,1.5,825|7852|9997,CAPN3|CXCR4|SCO2,-0.49,MyList
GO Biological Processes,19,GO:1903320,regulation of protein modification by small protein conjugation or removal,,-2.5,5.2,4.2,28162,237,114,5,4.4,1.9,825|4092|7128|54984|57162,CAPN3|SMAD7|TNFAIP3|PINX1|PELI1,-0.48,MyList
GO Biological Processes,19,GO:0051480,regulation of cytosolic calcium ion concentration,,-2.5,4.3,3.9,28162,345,114,6,5.3,2.1,728|825|2769|3685|5144|7852,C5AR1|CAPN3|GNA15|ITGAV|PDE4D|CXCR4,-0.48,MyList
Canonical Pathways,11,M3468,NABA ECM REGULATORS,,-2.5,5.2,4.1,28162,238,114,5,4.4,1.9,2|1475|5055|9509|135228,A2M|CSTA|SERPINB2|ADAMTS2|CD109,-0.48,MyList
WikiPathways,27,WP1449,Regulation of toll-like receptor signaling pathway,,-2.5,6.8,4.5,28162,145,114,4,3.5,1.7,929|2353|7128|57162,CD14|FOS|TNFAIP3|PELI1,-0.48,MyList
GO Biological Processes,19,GO:0051592,response to calcium ion,,-2.5,6.8,4.5,28162,146,114,4,3.5,1.7,825|1843|2353|2354,CAPN3|DUSP1|FOS|FOSB,-0.47,MyList
KEGG Pathway,24,hsa05031,Amphetamine addiction,,-2.5,10,5.1,28162,71,114,3,2.6,1.5,2353|2354|6804,FOS|FOSB|STX1A,-0.47,MyList
WikiPathways,27,WP2880,Glucocorticoid Receptor Pathway,,-2.5,10,5.1,28162,71,114,3,2.6,1.5,1831|7056|7128,TSC22D3|THBD|TNFAIP3,-0.47,MyList
GO Biological Processes,19,GO:0070663,regulation of leukocyte proliferation,,-2.5,5.1,4.1,28162,241,114,5,4.4,1.9,1880|3280|6385|7128|57162,GPR183|HES1|SDC4|TNFAIP3|PELI1,-0.47,MyList
GO Biological Processes,19,GO:0002700,regulation of production of molecular mediator of immune response,,-2.5,6.7,4.4,28162,147,114,4,3.5,1.7,4092|8013|64581|114548,SMAD7|NR4A3|CLEC7A|NLRP3,-0.47,MyList
GO Biological Processes,19,GO:1903036,positive regulation of response to wounding,,-2.5,10,5,28162,72,114,3,2.6,1.5,7056|7852|64581,THBD|CXCR4|CLEC7A,-0.46,MyList
GO Biological Processes,19,GO:0048708,astrocyte differentiation,,-2.5,10,5,28162,72,114,3,2.6,1.5,728|3280|6279,C5AR1|HES1|S100A8,-0.46,MyList
GO Biological Processes,19,GO:0010038,response to metal ion,,-2.5,4.2,3.9,28162,352,114,6,5.3,2.1,825|929|1843|2353|2354|6279,CAPN3|CD14|DUSP1|FOS|FOSB|S100A8,-0.46,MyList
GO Biological Processes,19,GO:0033674,positive regulation of kinase activity,,-2.5,3.3,3.6,28162,603,114,8,7,2.4,374|728|4665|6385|7852|28984|51429|60370,AREG|C5AR1|NAB2|SDC4|CXCR4|RGCC|SNX9|AVPI1,-0.46,MyList
GO Biological Processes,19,GO:0046631,alpha-beta T cell activation,,-2.5,6.6,4.4,28162,149,114,4,3.5,1.7,1880|4092|84807|114548,GPR183|SMAD7|NFKBID|NLRP3,-0.46,MyList
GO Biological Processes,19,GO:0061045,negative regulation of wound healing,,-2.5,10,5,28162,74,114,3,2.6,1.5,5055|7056|135228,SERPINB2|THBD|CD109,-0.43,MyList
GO Biological Processes,19,GO:0072503,cellular divalent inorganic cation homeostasis,,-2.5,3.6,3.7,28162,481,114,7,6.1,2.2,728|825|2769|3685|5144|6279|7852,C5AR1|CAPN3|GNA15|ITGAV|PDE4D|S100A8|CXCR4,-0.42,MyList
GO Biological Processes,19,GO:0051250,negative regulation of lymphocyte activation,,-2.5,6.5,4.3,28162,153,114,4,3.5,1.7,4092|6385|7128|57162,SMAD7|SDC4|TNFAIP3|PELI1,-0.42,MyList
KEGG Pathway,24,ko05133,Pertussis,,-2.4,9.8,4.9,28162,76,114,3,2.6,1.5,929|2353|114548,CD14|FOS|NLRP3,-0.41,MyList
GO Biological Processes,19,GO:0002822,regulation of adaptive immune response based on somatic recombination of immune receptors built from immunoglobulin superfamily domains,,-2.4,6.4,4.3,28162,155,114,4,3.5,1.7,4092|7128|84807|114548,SMAD7|TNFAIP3|NFKBID|NLRP3,-0.4,MyList
Reactome Gene Sets,6,R-HSA-3700989,Transcriptional Regulation by TP53,,-2.4,4.1,3.8,28162,365,114,6,5.3,2.1,2353|5366|7862|9997|28984|54541,FOS|PMAIP1|BRPF1|SCO2|RGCC|DDIT4,-0.4,MyList
GO Biological Processes,19,GO:0032870,cellular response to hormone stimulus,,-2.4,3.2,3.5,28162,621,114,8,7,2.4,1843|2353|2354|4929|7538|8013|10018|54541,DUSP1|FOS|FOSB|NR4A2|ZFP36|NR4A3|BCL2L11|DDIT4,-0.39,MyList
Reactome Gene Sets,6,R-HSA-168898,Toll-like Receptor Cascades,,-2.4,6.3,4.2,28162,157,114,4,3.5,1.7,929|2353|6279|57162,CD14|FOS|S100A8|PELI1,-0.39,MyList
GO Biological Processes,19,GO:0034121,regulation of toll-like receptor signaling pathway,,-2.4,9.5,4.8,28162,78,114,3,2.6,1.5,929|7128|57162,CD14|TNFAIP3|PELI1,-0.38,MyList
WikiPathways,27,WP289,Myometrial Relaxation and Contraction Pathways,,-2.4,6.3,4.2,28162,158,114,4,3.5,1.7,467|2353|5144|6004,ATF3|FOS|PDE4D|RGS16,-0.38,MyList
GO Biological Processes,19,GO:0034614,cellular response to reactive oxygen species,,-2.4,6.2,4.2,28162,159,114,4,3.5,1.7,1545|2353|7128|8013,CYP1B1|FOS|TNFAIP3|NR4A3,-0.38,MyList
Canonical Pathways,11,M66,PID MYC ACTIV PATHWAY,,-2.4,9.4,4.8,28162,79,114,3,2.6,1.5,5366|6615|8061,PMAIP1|SNAI1|FOSL1,-0.38,MyList
GO Biological Processes,19,GO:0031397,negative regulation of protein ubiquitination,,-2.4,9.4,4.8,28162,79,114,3,2.6,1.5,4092|7128|54984,SMAD7|TNFAIP3|PINX1,-0.38,MyList
GO Biological Processes,19,GO:0032680,regulation of tumor necrosis factor production,,-2.4,6.2,4.2,28162,160,114,4,3.5,1.7,929|7128|7538|64581,CD14|TNFAIP3|ZFP36|CLEC7A,-0.38,MyList
GO Biological Processes,19,GO:0002224,toll-like receptor signaling pathway,,-2.4,6.2,4.2,28162,160,114,4,3.5,1.7,929|6279|7128|57162,CD14|S100A8|TNFAIP3|PELI1,-0.38,MyList
GO Biological Processes,19,GO:2001242,regulation of intrinsic apoptotic signaling pathway,,-2.4,6.2,4.2,28162,160,114,4,3.5,1.7,5366|6279|6615|10018,PMAIP1|S100A8|SNAI1|BCL2L11,-0.38,MyList
GO Biological Processes,19,GO:0001892,embryonic placenta development,,-2.4,9.3,4.7,28162,80,114,3,2.6,1.5,3280|6615|79805,HES1|SNAI1|VASH2,-0.37,MyList
GO Biological Processes,19,GO:0072507,divalent inorganic cation homeostasis,,-2.4,3.5,3.5,28162,500,114,7,6.1,2.2,728|825|2769|3685|5144|6279|7852,C5AR1|CAPN3|GNA15|ITGAV|PDE4D|S100A8|CXCR4,-0.36,MyList
GO Biological Processes,19,GO:0032640,tumor necrosis factor production,,-2.4,6.1,4.1,28162,162,114,4,3.5,1.7,929|7128|7538|64581,CD14|TNFAIP3|ZFP36|CLEC7A,-0.36,MyList
KEGG Pathway,24,hsa05133,Pertussis,,-2.4,9.1,4.7,28162,81,114,3,2.6,1.5,929|2353|114548,CD14|FOS|NLRP3,-0.36,MyList
Canonical Pathways,11,M2,PID SMAD2 3NUCLEAR PATHWAY,,-2.3,9,4.6,28162,82,114,3,2.6,1.5,467|2353|4092,ATF3|FOS|SMAD7,-0.35,MyList
GO Biological Processes,19,GO:0071277,cellular response to calcium ion,,-2.3,9,4.6,28162,82,114,3,2.6,1.5,825|2353|2354,CAPN3|FOS|FOSB,-0.35,MyList
GO Biological Processes,19,GO:1903555,regulation of tumor necrosis factor superfamily cytokine production,,-2.3,6,4.1,28162,165,114,4,3.5,1.7,929|7128|7538|64581,CD14|TNFAIP3|ZFP36|CLEC7A,-0.34,MyList
GO Biological Processes,19,GO:0006959,humoral immune response,,-2.3,3.9,3.6,28162,382,114,6,5.3,2.1,2|728|1880|6279|28984|100423062,A2M|C5AR1|GPR183|S100A8|RGCC|IGLL5,-0.34,MyList
GO Biological Processes,19,GO:0006935,chemotaxis,,-2.3,3.1,3.4,28162,644,114,8,7,2.4,728|1843|1880|3685|6279|7852|8061|10501,C5AR1|DUSP1|GPR183|ITGAV|S100A8|CXCR4|FOSL1|SEMA6B,-0.33,MyList
GO Biological Processes,19,GO:0042330,taxis,,-2.3,3.1,3.4,28162,646,114,8,7,2.4,728|1843|1880|3685|6279|7852|8061|10501,C5AR1|DUSP1|GPR183|ITGAV|S100A8|CXCR4|FOSL1|SEMA6B,-0.33,MyList
GO Biological Processes,19,GO:0008625,extrinsic apoptotic signaling pathway via death domain receptors,,-2.3,8.8,4.6,28162,84,114,3,2.6,1.5,467|5366|7128,ATF3|PMAIP1|TNFAIP3,-0.33,MyList
GO Biological Processes,19,GO:0071706,tumor necrosis factor superfamily cytokine production,,-2.3,5.9,4,28162,168,114,4,3.5,1.7,929|7128|7538|64581,CD14|TNFAIP3|ZFP36|CLEC7A,-0.33,MyList
GO Biological Processes,19,GO:0055065,metal ion homeostasis,,-2.3,3,3.4,28162,648,114,8,7,2.4,728|825|2769|3685|5144|6279|7852|9997,C5AR1|CAPN3|GNA15|ITGAV|PDE4D|S100A8|CXCR4|SCO2,-0.33,MyList
GO Biological Processes,19,GO:0002819,regulation of adaptive immune response,,-2.3,5.8,4,28162,170,114,4,3.5,1.7,4092|7128|84807|114548,SMAD7|TNFAIP3|NFKBID|NLRP3,-0.31,MyList
GO Biological Processes,19,GO:0001657,ureteric bud development,,-2.3,8.6,4.5,28162,86,114,3,2.6,1.5,3280|4092|6385,HES1|SMAD7|SDC4,-0.31,MyList
GO Biological Processes,19,GO:0030003,cellular cation homeostasis,,-2.3,3,3.3,28162,655,114,8,7,2.4,728|825|2769|3685|5144|6279|7852|9997,C5AR1|CAPN3|GNA15|ITGAV|PDE4D|S100A8|CXCR4|SCO2,-0.3,MyList
GO Biological Processes,19,GO:0072163,mesonephric epithelium development,,-2.3,8.5,4.5,28162,87,114,3,2.6,1.5,3280|4092|6385,HES1|SMAD7|SDC4,-0.3,MyList
GO Biological Processes,19,GO:0072164,mesonephric tubule development,,-2.3,8.5,4.5,28162,87,114,3,2.6,1.5,3280|4092|6385,HES1|SMAD7|SDC4,-0.3,MyList
GO Biological Processes,19,GO:0022409,positive regulation of cell-cell adhesion,,-2.3,4.5,3.7,28162,276,114,5,4.4,1.9,3280|4092|8013|84807|114548,HES1|SMAD7|NR4A3|NFKBID|NLRP3,-0.3,MyList
GO Biological Processes,19,GO:0018205,peptidyl-lysine modification,,-2.3,3.8,3.5,28162,394,114,6,5.3,2.1,825|6804|7862|9767|10847|26276,CAPN3|STX1A|BRPF1|JADE3|SRCAP|VPS33B,-0.3,MyList
GO Biological Processes,19,GO:0030198,extracellular matrix organization,,-2.3,3.8,3.5,28162,395,114,6,5.3,2.1,2|1545|3685|4146|9509|28984,A2M|CYP1B1|ITGAV|MATN1|ADAMTS2|RGCC,-0.29,MyList
GO Biological Processes,19,GO:0070664,negative regulation of leukocyte proliferation,,-2.3,8.4,4.4,28162,88,114,3,2.6,1.5,6385|7128|57162,SDC4|TNFAIP3|PELI1,-0.29,MyList
GO Biological Processes,19,GO:0006091,generation of precursor metabolites and energy,,-2.3,3.3,3.4,28162,524,114,7,6.1,2.2,444|4509|4688|5209|8013|9997|54541,ASPH|ATP8|NCF2|PFKFB3|NR4A3|SCO2|DDIT4,-0.29,MyList
GO Biological Processes,19,GO:0043062,extracellular structure organization,,-2.3,3.7,3.5,28162,396,114,6,5.3,2.1,2|1545|3685|4146|9509|28984,A2M|CYP1B1|ITGAV|MATN1|ADAMTS2|RGCC,-0.29,MyList
GO Biological Processes,19,GO:1902532,negative regulation of intracellular signal transduction,,-2.3,3.3,3.4,28162,525,114,7,6.1,2.2,467|1843|5144|6615|7128|54541|114548,ATF3|DUSP1|PDE4D|SNAI1|TNFAIP3|DDIT4|NLRP3,-0.29,MyList
GO Biological Processes,19,GO:0002521,leukocyte differentiation,,-2.2,3.3,3.4,28162,526,114,7,6.1,2.2,1316|1880|2353|4092|84807|114548|135228,KLF6|GPR183|FOS|SMAD7|NFKBID|NLRP3|CD109,-0.29,MyList
GO Biological Processes,19,GO:0045936,negative regulation of phosphate metabolic process,,-2.2,3.3,3.4,28162,526,114,7,6.1,2.2,1843|4092|5144|7128|23435|54541|135228,DUSP1|SMAD7|PDE4D|TNFAIP3|TARDBP|DDIT4|CD109,-0.29,MyList
GO Biological Processes,19,GO:0045766,positive regulation of angiogenesis,,-2.2,5.6,3.9,28162,175,114,4,3.5,1.7,728|1545|7852|79805,C5AR1|CYP1B1|CXCR4|VASH2,-0.29,MyList
GO Biological Processes,19,GO:1904018,positive regulation of vasculature development,,-2.2,5.6,3.9,28162,175,114,4,3.5,1.7,728|1545|7852|79805,C5AR1|CYP1B1|CXCR4|VASH2,-0.29,MyList
GO Biological Processes,19,GO:0045229,external encapsulating structure organization,,-2.2,3.7,3.5,28162,398,114,6,5.3,2.1,2|1545|3685|4146|9509|28984,A2M|CYP1B1|ITGAV|MATN1|ADAMTS2|RGCC,-0.29,MyList
GO Biological Processes,19,GO:0010563,negative regulation of phosphorus metabolic process,,-2.2,3.3,3.4,28162,527,114,7,6.1,2.2,1843|4092|5144|7128|23435|54541|135228,DUSP1|SMAD7|PDE4D|TNFAIP3|TARDBP|DDIT4|CD109,-0.29,MyList
WikiPathways,27,WP2840,Hair Follicle Development: Cytodifferentiation - Part 3 of 3,,-2.2,8.3,4.4,28162,89,114,3,2.6,1.5,2353|2354|22822,FOS|FOSB|PHLDA1,-0.29,MyList
GO Biological Processes,19,GO:0072593,reactive oxygen species metabolic process,,-2.2,4.4,3.6,28162,281,114,5,4.4,1.9,1545|4688|5366|54541|64581,CYP1B1|NCF2|PMAIP1|DDIT4|CLEC7A,-0.29,MyList
GO Biological Processes,19,GO:0006873,cellular ion homeostasis,,-2.2,3,3.3,28162,668,114,8,7,2.4,728|825|2769|3685|5144|6279|7852|9997,C5AR1|CAPN3|GNA15|ITGAV|PDE4D|S100A8|CXCR4|SCO2,-0.29,MyList
GO Biological Processes,19,GO:1903035,negative regulation of response to wounding,,-2.2,8.2,4.4,28162,90,114,3,2.6,1.5,5055|7056|135228,SERPINB2|THBD|CD109,-0.29,MyList
GO Biological Processes,19,GO:0070301,cellular response to hydrogen peroxide,,-2.2,8.2,4.4,28162,90,114,3,2.6,1.5,1545|7128|8013,CYP1B1|TNFAIP3|NR4A3,-0.29,MyList
GO Biological Processes,19,GO:0090559,regulation of membrane permeability,,-2.2,8.2,4.4,28162,90,114,3,2.6,1.5,5366|9414|10018,PMAIP1|TJP2|BCL2L11,-0.29,MyList
GO Biological Processes,19,GO:0007565,female pregnancy,,-2.2,5.6,3.9,28162,177,114,4,3.5,1.7,2353|2354|7056|8061,FOS|FOSB|THBD|FOSL1,-0.29,MyList
GO Biological Processes,19,GO:1901796,regulation of signal transduction by p53 class mediator,,-2.2,5.6,3.9,28162,177,114,4,3.5,1.7,3090|5366|6615|7862,HIC1|PMAIP1|SNAI1|BRPF1,-0.29,MyList
GO Biological Processes,19,GO:0030510,regulation of BMP signaling pathway,,-2.2,8.1,4.4,28162,91,114,3,2.6,1.5,3280|4092|64388,HES1|SMAD7|GREM2,-0.28,MyList
Reactome Gene Sets,6,R-HSA-975138,TRAF6 mediated induction of NFkB and MAP kinases upon TLR7/8 or 9 activation,,-2.2,8.1,4.4,28162,91,114,3,2.6,1.5,929|2353|57162,CD14|FOS|PELI1,-0.28,MyList
GO Biological Processes,19,GO:0001823,mesonephros development,,-2.2,8.1,4.4,28162,91,114,3,2.6,1.5,3280|4092|6385,HES1|SMAD7|SDC4,-0.28,MyList
GO Biological Processes,19,GO:0007369,gastrulation,,-2.2,5.5,3.9,28162,179,114,4,3.5,1.7,1843|3685|6615|8013,DUSP1|ITGAV|SNAI1|NR4A3,-0.28,MyList
GO Biological Processes,19,GO:0006956,complement activation,,-2.2,5.5,3.9,28162,179,114,4,3.5,1.7,2|728|28984|100423062,A2M|C5AR1|RGCC|IGLL5,-0.28,MyList
Reactome Gene Sets,6,R-HSA-109581,Apoptosis,,-2.2,5.5,3.9,28162,180,114,4,3.5,1.7,929|5366|9414|10018,CD14|PMAIP1|TJP2|BCL2L11,-0.28,MyList
GO Biological Processes,19,GO:1901216,positive regulation of neuron death,,-2.2,8.1,4.3,28162,92,114,3,2.6,1.5,2353|10018|54541,FOS|BCL2L11|DDIT4,-0.28,MyList
Reactome Gene Sets,6,R-HSA-975155,MyD88 dependent cascade initiated on endosome,,-2.2,8.1,4.3,28162,92,114,3,2.6,1.5,929|2353|57162,CD14|FOS|PELI1,-0.28,MyList
GO Biological Processes,19,GO:0030316,osteoclast differentiation,,-2.2,8.1,4.3,28162,92,114,3,2.6,1.5,1880|2353|135228,GPR183|FOS|CD109,-0.28,MyList
GO Biological Processes,19,GO:0043299,leukocyte degranulation,,-2.2,3.2,3.3,28162,537,114,7,6.1,2.2,1|728|929|2204|3685|6279|8013,A1BG|C5AR1|CD14|FCAR|ITGAV|S100A8|NR4A3,-0.28,MyList
GO Biological Processes,19,GO:0060485,mesenchyme development,,-2.2,4.3,3.6,28162,288,114,5,4.4,1.9,3280|4092|6615|10501|28984,HES1|SMAD7|SNAI1|SEMA6B|RGCC,-0.27,MyList
Reactome Gene Sets,6,R-HSA-168181,Toll Like Receptor 7/8 (TLR7/8) Cascade,,-2.2,8,4.3,28162,93,114,3,2.6,1.5,929|2353|57162,CD14|FOS|PELI1,-0.27,MyList
WikiPathways,27,WP1772,Apoptosis Modulation and Signaling,,-2.2,8,4.3,28162,93,114,3,2.6,1.5,2353|5366|10018,FOS|PMAIP1|BCL2L11,-0.27,MyList
GO Biological Processes,19,GO:0009150,purine ribonucleotide metabolic process,,-2.2,3.6,3.4,28162,409,114,6,5.3,2.1,4509|5144|5209|8460|9414|54541,ATP8|PDE4D|PFKFB3|TPST1|TJP2|DDIT4,-0.27,MyList
GO Biological Processes,19,GO:0002695,negative regulation of leukocyte activation,,-2.2,5.4,3.8,28162,182,114,4,3.5,1.7,4092|6385|7128|57162,SMAD7|SDC4|TNFAIP3|PELI1,-0.27,MyList
GO Biological Processes,19,GO:0051347,positive regulation of transferase activity,,-2.2,2.9,3.2,28162,681,114,8,7,2.4,374|728|4665|6385|7852|28984|51429|60370,AREG|C5AR1|NAB2|SDC4|CXCR4|RGCC|SNX9|AVPI1,-0.27,MyList
Reactome Gene Sets,6,R-HSA-168138,Toll Like Receptor 9 (TLR9) Cascade,,-2.2,7.7,4.2,28162,96,114,3,2.6,1.5,929|2353|57162,CD14|FOS|PELI1,-0.24,MyList
GO Biological Processes,19,GO:0051047,positive regulation of secretion,,-2.1,4.2,3.5,28162,295,114,5,4.4,1.9,6279|6385|6804|23435|28984,S100A8|SDC4|STX1A|TARDBP|RGCC,-0.24,MyList
GO Biological Processes,19,GO:1903706,regulation of hemopoiesis,,-2.1,3.6,3.4,28162,417,114,6,5.3,2.1,2353|4092|7538|8013|84807|114548,FOS|SMAD7|ZFP36|NR4A3|NFKBID|NLRP3,-0.24,MyList
GO Biological Processes,19,GO:0002275,myeloid cell activation involved in immune response,,-2.1,3.1,3.2,28162,550,114,7,6.1,2.2,1|728|929|2204|3685|6279|8013,A1BG|C5AR1|CD14|FCAR|ITGAV|S100A8|NR4A3,-0.24,MyList
GO Biological Processes,19,GO:0030335,positive regulation of cell migration,,-2.1,3.1,3.2,28162,550,114,7,6.1,2.2,728|3685|6615|7852|8013|10501|64581,C5AR1|ITGAV|SNAI1|CXCR4|NR4A3|SEMA6B|CLEC7A,-0.24,MyList
GO Biological Processes,19,GO:0002444,myeloid leukocyte mediated immunity,,-2.1,3.1,3.2,28162,553,114,7,6.1,2.2,1|728|929|2204|3685|6279|8013,A1BG|C5AR1|CD14|FCAR|ITGAV|S100A8|NR4A3,-0.23,MyList
GO Biological Processes,19,GO:0051348,negative regulation of transferase activity,,-2.1,4.1,3.5,28162,298,114,5,4.4,1.9,1843|4092|7128|7538|54984,DUSP1|SMAD7|TNFAIP3|ZFP36|PINX1,-0.23,MyList
GO Biological Processes,19,GO:0022408,negative regulation of cell-cell adhesion,,-2.1,5.2,3.7,28162,189,114,4,3.5,1.7,4092|6385|28984|57162,SMAD7|SDC4|RGCC|PELI1,-0.23,MyList
GO Biological Processes,19,GO:1904035,regulation of epithelial cell apoptotic process,,-2.1,7.6,4.1,28162,98,114,3,2.6,1.5,7128|7538|28984,TNFAIP3|ZFP36|RGCC,-0.23,MyList
GO Biological Processes,19,GO:0002285,lymphocyte activation involved in immune response,,-2.1,5.2,3.7,28162,190,114,4,3.5,1.7,1880|4092|84807|114548,GPR183|SMAD7|NFKBID|NLRP3,-0.23,MyList
GO Biological Processes,19,GO:0071396,cellular response to lipid,,-2.1,3.1,3.2,28162,556,114,7,6.1,2.2,929|7128|7538|8013|10018|54541|114548,CD14|TNFAIP3|ZFP36|NR4A3|BCL2L11|DDIT4|NLRP3,-0.23,MyList
KEGG Pathway,24,ko05231,Choline metabolism in cancer,,-2.1,7.5,4.1,28162,99,114,3,2.6,1.5,1119|2353|5900,CHKA|FOS|RALGDS,-0.22,MyList
GO Biological Processes,19,GO:0031124,mRNA 3'-end processing,,-2.1,7.5,4.1,28162,99,114,3,2.6,1.5,9877|55197|58490,ZC3H11A|RPRD1A|RPRD1B,-0.22,MyList
GO Biological Processes,19,GO:0071674,mononuclear cell migration,,-2.1,5.2,3.7,28162,191,114,4,3.5,1.7,728|1843|1880|7852,C5AR1|DUSP1|GPR183|CXCR4,-0.22,MyList
GO Biological Processes,19,GO:0031099,regeneration,,-2.1,5.1,3.7,28162,192,114,4,3.5,1.7,728|825|4814|8013,C5AR1|CAPN3|NINJ1|NR4A3,-0.22,MyList
GO Biological Processes,19,GO:0009259,ribonucleotide metabolic process,,-2.1,3.5,3.3,28162,426,114,6,5.3,2.1,4509|5144|5209|8460|9414|54541,ATP8|PDE4D|PFKFB3|TPST1|TJP2|DDIT4,-0.22,MyList
GO Biological Processes,19,GO:0002702,positive regulation of production of molecular mediator of immune response,,-2.1,7.4,4.1,28162,100,114,3,2.6,1.5,8013|64581|114548,NR4A3|CLEC7A|NLRP3,-0.22,MyList
GO Biological Processes,19,GO:0010717,regulation of epithelial to mesenchymal transition,,-2.1,7.4,4.1,28162,100,114,3,2.6,1.5,4092|6615|28984,SMAD7|SNAI1|RGCC,-0.22,MyList
GO Biological Processes,19,GO:0071496,cellular response to external stimulus,,-2.1,4.1,3.4,28162,303,114,5,4.4,1.9,467|2353|4929|5366|8061,ATF3|FOS|NR4A2|PMAIP1|FOSL1,-0.22,MyList
GO Biological Processes,19,GO:0050864,regulation of B cell activation,,-2.1,5.1,3.7,28162,193,114,4,3.5,1.7,1880|7128|57162|100423062,GPR183|TNFAIP3|PELI1|IGLL5,-0.22,MyList
GO Biological Processes,19,GO:0046634,regulation of alpha-beta T cell activation,,-2.1,7.3,4.1,28162,101,114,3,2.6,1.5,4092|84807|114548,SMAD7|NFKBID|NLRP3,-0.21,MyList
GO Biological Processes,19,GO:0042391,regulation of membrane potential,,-2.1,3.4,3.3,28162,431,114,6,5.3,2.1,2273|2769|4092|5366|6804|79845,FHL1|GNA15|SMAD7|PMAIP1|STX1A|RNF122,-0.2,MyList
GO Biological Processes,19,GO:0060326,cell chemotaxis,,-2.1,4,3.4,28162,307,114,5,4.4,1.9,728|1843|1880|6279|7852,C5AR1|DUSP1|GPR183|S100A8|CXCR4,-0.2,MyList
GO Biological Processes,19,GO:0007200,phospholipase C-activating G protein-coupled receptor signaling pathway,,-2.1,7.2,4,28162,103,114,3,2.6,1.5,728|2769|4883,C5AR1|GNA15|NPR3,-0.19,MyList
GO Biological Processes,19,GO:0071222,cellular response to lipopolysaccharide,,-2.1,5,3.6,28162,197,114,4,3.5,1.7,929|7128|7538|114548,CD14|TNFAIP3|ZFP36|NLRP3,-0.19,MyList
GO Biological Processes,19,GO:0019693,ribose phosphate metabolic process,,-2.1,3.4,3.2,28162,436,114,6,5.3,2.1,4509|5144|5209|8460|9414|54541,ATP8|PDE4D|PFKFB3|TPST1|TJP2|DDIT4,-0.19,MyList
GO Biological Processes,19,GO:0032651,regulation of interleukin-1 beta production,,-2.1,7.1,4,28162,104,114,3,2.6,1.5,7128|64581|114548,TNFAIP3|CLEC7A|NLRP3,-0.19,MyList
GO Biological Processes,19,GO:0002253,activation of immune response,,-2.1,3,3.1,28162,573,114,7,6.1,2.2,2|728|5144|8013|28984|84807|100423062,A2M|C5AR1|PDE4D|NR4A3|RGCC|NFKBID|IGLL5,-0.18,MyList
GO Biological Processes,19,GO:2000147,positive regulation of cell motility,,-2,3,3.1,28162,574,114,7,6.1,2.2,728|3685|6615|7852|8013|10501|64581,C5AR1|ITGAV|SNAI1|CXCR4|NR4A3|SEMA6B|CLEC7A,-0.18,MyList
GO Biological Processes,19,GO:0043009,chordate embryonic development,,-2,3,3.1,28162,575,114,7,6.1,2.2,3280|6385|6615|8061|9997|10018|79805,HES1|SDC4|SNAI1|FOSL1|SCO2|BCL2L11|VASH2,-0.18,MyList
GO Biological Processes,19,GO:0071383,cellular response to steroid hormone stimulus,,-2,4.9,3.6,28162,201,114,4,3.5,1.7,7538|8013|10018|54541,ZFP36|NR4A3|BCL2L11|DDIT4,-0.17,MyList
GO Biological Processes,19,GO:0062207,regulation of pattern recognition receptor signaling pathway,,-2,7,3.9,28162,106,114,3,2.6,1.5,929|7128|57162,CD14|TNFAIP3|PELI1,-0.17,MyList
GO Biological Processes,19,GO:0009612,response to mechanical stimulus,,-2,4.9,3.5,28162,202,114,4,3.5,1.7,2353|2354|7852|8061,FOS|FOSB|CXCR4|FOSL1,-0.17,MyList
GO Biological Processes,19,GO:0006163,purine nucleotide metabolic process,,-2,3.4,3.2,28162,442,114,6,5.3,2.1,4509|5144|5209|8460|9414|54541,ATP8|PDE4D|PFKFB3|TPST1|TJP2|DDIT4,-0.17,MyList
GO Biological Processes,19,GO:0006874,cellular calcium ion homeostasis,,-2,3.3,3.2,28162,443,114,6,5.3,2.1,728|825|2769|3685|5144|7852,C5AR1|CAPN3|GNA15|ITGAV|PDE4D|CXCR4,-0.17,MyList
GO Biological Processes,19,GO:0002526,acute inflammatory response,,-2,6.9,3.9,28162,107,114,3,2.6,1.5,6279|9332|114548,S100A8|CD163|NLRP3,-0.17,MyList
GO Biological Processes,19,GO:0032649,regulation of interferon-gamma production,,-2,6.9,3.9,28162,107,114,3,2.6,1.5,929|5144|64581,CD14|PDE4D|CLEC7A,-0.17,MyList
KEGG Pathway,24,hsa05231,Choline metabolism in cancer,,-2,6.9,3.9,28162,107,114,3,2.6,1.5,1119|2353|5900,CHKA|FOS|RALGDS,-0.17,MyList
GO Biological Processes,19,GO:0007517,muscle organ development,,-2,3.9,3.3,28162,317,114,5,4.4,1.9,467|825|2273|2353|4092,ATF3|CAPN3|FHL1|FOS|SMAD7,-0.17,MyList
GO Biological Processes,19,GO:0044706,multi-multicellular organism process,,-2,4.8,3.5,28162,204,114,4,3.5,1.7,2353|2354|7056|8061,FOS|FOSB|THBD|FOSL1,-0.16,MyList
GO Biological Processes,19,GO:0048638,regulation of developmental growth,,-2,3.9,3.3,28162,319,114,5,4.4,1.9,825|4092|7852|10018|10501,CAPN3|SMAD7|CXCR4|BCL2L11|SEMA6B,-0.16,MyList
GO Biological Processes,19,GO:0055080,cation homeostasis,,-2,2.7,3,28162,730,114,8,7,2.4,728|825|2769|3685|5144|6279|7852|9997,C5AR1|CAPN3|GNA15|ITGAV|PDE4D|S100A8|CXCR4|SCO2,-0.16,MyList
GO Biological Processes,19,GO:0031396,regulation of protein ubiquitination,,-2,4.8,3.5,28162,205,114,4,3.5,1.7,4092|7128|54984|57162,SMAD7|TNFAIP3|PINX1|PELI1,-0.16,MyList
GO Biological Processes,19,GO:0034612,response to tumor necrosis factor,,-2,3.9,3.3,28162,320,114,5,4.4,1.9,929|7128|7538|51330|149951,CD14|TNFAIP3|ZFP36|TNFRSF12A|COMMD7,-0.16,MyList
GO Biological Processes,19,GO:0051272,positive regulation of cellular component movement,,-2,3,3,28162,586,114,7,6.1,2.2,728|3685|6615|7852|8013|10501|64581,C5AR1|ITGAV|SNAI1|CXCR4|NR4A3|SEMA6B|CLEC7A,-0.16,MyList
GO Biological Processes,19,GO:0032963,collagen metabolic process,,-2,6.8,3.9,28162,109,114,3,2.6,1.5,9509|26276|28984,ADAMTS2|VPS33B|RGCC,-0.16,MyList
GO Biological Processes,19,GO:0032611,interleukin-1 beta production,,-2,6.8,3.9,28162,109,114,3,2.6,1.5,7128|64581|114548,TNFAIP3|CLEC7A|NLRP3,-0.16,MyList
