_MEMBER_MyList,_LogP_MyList,GO,Description,_PATTERN_,_RANK_,GiniIndex
1,-2.8,GO:0045860,positive regulation of protein kinase activity,M1,1,0
1,-2.7,GO:2001244,positive regulation of intrinsic apoptotic signaling pathway,M1,1,0
1,-2.3,GO:0006091,generation of precursor metabolites and energy,M1,1,0
1,-2.4,GO:0001892,embryonic placenta development,M1,1,0
1,-2.5,GO:0072503,cellular divalent inorganic cation homeostasis,M1,1,0
1,-3.2,GO:0051251,positive regulation of lymphocyte activation,M1,1,0
1,-2.1,GO:0002702,positive regulation of production of molecular mediator of immune response,M1,1,0
1,-3.3,GO:0048872,homeostasis of number of cells,M1,1,0
1,-2.2,WP2840,Hair Follicle Development: Cytodifferentiation - Part 3 of 3,M1,1,0
1,-2.9,GO:0043370,"regulation of CD4-positive, alpha-beta T cell differentiation",M1,1,0
1,-4.8,GO:0001817,regulation of cytokine production,M1,1,0
1,-2.2,GO:0090559,regulation of membrane permeability,M1,1,0
1,-2.1,ko05231,Choline metabolism in cancer,M1,1,0
1,-3.4,GO:2000116,regulation of cysteine-type endopeptidase activity,M1,1,0
1,-4.9,GO:0002237,response to molecule of bacterial origin,M1,1,0
1,-2.1,GO:0071222,cellular response to lipopolysaccharide,M1,1,0
1,-3.7,GO:0032102,negative regulation of response to external stimulus,M1,1,0
1,-2.6,GO:0030595,leukocyte chemotaxis,M1,1,0
1,-2.6,GO:1901342,regulation of vasculature development,M1,1,0
1,-2.2,GO:0045936,negative regulation of phosphate metabolic process,M1,1,0
1,-4.1,GO:0010035,response to inorganic substance,M1,1,0
1,-2.9,GO:0045055,regulated exocytosis,M1,1,0
1,-2.5,GO:1903320,regulation of protein modification by small protein conjugation or removal,M1,1,0
1,-3.8,GO:0002293,alpha-beta T cell differentiation involved in immune response,M1,1,0
1,-2.5,WP1449,Regulation of toll-like receptor signaling pathway,M1,1,0
1,-4.4,GO:0051249,regulation of lymphocyte activation,M1,1,0
1,-3,GO:2001238,positive regulation of extrinsic apoptotic signaling pathway,M1,1,0
1,-3.6,GO:0008285,negative regulation of cell population proliferation,M1,1,0
1,-2.5,GO:0002700,regulation of production of molecular mediator of immune response,M1,1,0
1,-2.2,R-HSA-168181,Toll Like Receptor 7/8 (TLR7/8) Cascade,M1,1,0
1,-2.9,GO:0002683,negative regulation of immune system process,M1,1,0
1,-4.8,GO:0001776,leukocyte homeostasis,M1,1,0
1,-4.4,GO:0002263,cell activation involved in immune response,M1,1,0
1,-3.5,GO:0014074,response to purine-containing compound,M1,1,0
1,-2,GO:0071383,cellular response to steroid hormone stimulus,M1,1,0
1,-2.9,GO:0002720,positive regulation of cytokine production involved in immune response,M1,1,0
1,-2.6,hsa04380,Osteoclast differentiation,M1,1,0
1,-2.2,R-HSA-168138,Toll Like Receptor 9 (TLR9) Cascade,M1,1,0
1,-2,GO:0002526,acute inflammatory response,M1,1,0
1,-3.3,GO:0062197,cellular response to chemical stress,M1,1,0
1,-3.1,GO:0008630,intrinsic apoptotic signaling pathway in response to DNA damage,M1,1,0
1,-2.3,GO:0055065,metal ion homeostasis,M1,1,0
1,-3.3,GO:0006979,response to oxidative stress,M1,1,0
1,-3.4,GO:0002718,regulation of cytokine production involved in immune response,M1,1,0
1,-4.7,GO:0045862,positive regulation of proteolysis,M1,1,0
1,-2.6,GO:0070265,necrotic cell death,M1,1,0
1,-2.1,GO:0051047,positive regulation of secretion,M1,1,0
1,-3.6,GO:0097191,extrinsic apoptotic signaling pathway,M1,1,0
1,-5,GO:0030162,regulation of proteolysis,M1,1,0
1,-2.9,GO:0006968,cellular defense response,M1,1,0
1,-2.5,GO:0051250,negative regulation of lymphocyte activation,M1,1,0
1,-2.6,R-HSA-166016,Toll Like Receptor 4 (TLR4) Cascade,M1,1,0
1,-2.2,R-HSA-975138,TRAF6 mediated induction of NFkB and MAP kinases upon TLR7/8 or 9 activation,M1,1,0
1,-3.7,GO:0045682,regulation of epidermis development,M1,1,0
1,-2.5,GO:1903036,positive regulation of response to wounding,M1,1,0
1,-2.6,GO:0001525,angiogenesis,M1,1,0
1,-2.1,GO:0002285,lymphocyte activation involved in immune response,M1,1,0
1,-2.2,GO:0060485,mesenchyme development,M1,1,0
1,-2.1,GO:0022408,negative regulation of cell-cell adhesion,M1,1,0
1,-2.4,hsa05133,Pertussis,M1,1,0
1,-2.1,GO:0002275,myeloid cell activation involved in immune response,M1,1,0
1,-2.2,GO:0051347,positive regulation of transferase activity,M1,1,0
1,-7.2,GO:0010942,positive regulation of cell death,M1,1,0
1,-2.6,GO:0001701,in utero embryonic development,M1,1,0
1,-2.2,R-HSA-975155,MyD88 dependent cascade initiated on endosome,M1,1,0
1,-2.7,GO:0050863,regulation of T cell activation,M1,1,0
1,-3.4,GO:0043029,T cell homeostasis,M1,1,0
1,-2.2,GO:0010563,negative regulation of phosphorus metabolic process,M1,1,0
1,-2,GO:0009612,response to mechanical stimulus,M1,1,0
1,-2.9,GO:0042326,negative regulation of phosphorylation,M1,1,0
1,-2.3,GO:0006935,chemotaxis,M1,1,0
1,-3.5,hsa04610,Complement and coagulation cascades ,M1,1,0
1,-3.5,GO:0006954,inflammatory response,M1,1,0
1,-2.8,GO:0045785,positive regulation of cell adhesion,M1,1,0
1,-3.4,GO:0022407,regulation of cell-cell adhesion,M1,1,0
1,-4.4,hsa04657,IL-17 signaling pathway,M1,1,0
1,-3.1,GO:0051091,positive regulation of DNA-binding transcription factor activity,M1,1,0
1,-5.1,GO:0032496,response to lipopolysaccharide,M1,1,0
1,-2.5,GO:0033674,positive regulation of kinase activity,M1,1,0
1,-4.4,GO:0030155,regulation of cell adhesion,M1,1,0
1,-2.4,ko05133,Pertussis,M1,1,0
1,-4.2,hsa04145,Phagosome,M1,1,0
1,-2.8,GO:0007204,positive regulation of cytosolic calcium ion concentration,M1,1,0
1,-3.1,GO:0009617,response to bacterium,M1,1,0
1,-4,GO:0010950,positive regulation of endopeptidase activity,M1,1,0
1,-3.5,GO:0043367,"CD4-positive, alpha-beta T cell differentiation",M1,1,0
1,-4.6,ko05418,Fluid shear stress and atherosclerosis,M1,1,0
1,-2.3,GO:0030003,cellular cation homeostasis,M1,1,0
1,-4.5,GO:0002694,regulation of leukocyte activation,M1,1,0
1,-3.4,GO:0031400,negative regulation of protein modification process,M1,1,0
1,-2.6,WP2032,Human Thyroid Stimulating Hormone (TSH) signaling pathway,M1,1,0
1,-2.8,R-HSA-5357801,Programmed Cell Death,M1,1,0
1,-2.2,R-HSA-109581,Apoptosis,M1,1,0
1,-2.8,GO:0050679,positive regulation of epithelial cell proliferation,M1,1,0
1,-4.4,GO:0032088,negative regulation of NF-kappaB transcription factor activity,M1,1,0
1,-2.8,GO:0045859,regulation of protein kinase activity,M1,1,0
1,-3.5,GO:0000302,response to reactive oxygen species,M1,1,0
1,-2.8,GO:0071385,cellular response to glucocorticoid stimulus,M1,1,0
1,-2.5,M3468,NABA ECM REGULATORS,M1,1,0
1,-3.1,GO:0042110,T cell activation,M1,1,0
1,-3.4,GO:0071216,cellular response to biotic stimulus,M1,1,0
1,-3,R-HSA-9006934,Signaling by Receptor Tyrosine Kinases,M1,1,0
1,-3.6,GO:0060674,placenta blood vessel development,M1,1,0
1,-2.3,GO:1903555,regulation of tumor necrosis factor superfamily cytokine production,M1,1,0
1,-2.6,GO:0001890,placenta development,M1,1,0
1,-2.4,R-HSA-168898,Toll-like Receptor Cascades,M1,1,0
1,-2.1,GO:0019693,ribose phosphate metabolic process,M1,1,0
1,-2.2,GO:0045229,external encapsulating structure organization,M1,1,0
1,-2.7,GO:0071384,cellular response to corticosteroid stimulus,M1,1,0
1,-2.5,GO:0051480,regulation of cytosolic calcium ion concentration,M1,1,0
1,-2.3,GO:0043062,extracellular structure organization,M1,1,0
1,-2.4,GO:0032640,tumor necrosis factor production,M1,1,0
1,-2.7,GO:0050920,regulation of chemotaxis,M1,1,0
1,-2.3,GO:0072163,mesonephric epithelium development,M1,1,0
1,-2.2,GO:0002695,negative regulation of leukocyte activation,M1,1,0
1,-2.4,GO:0032870,cellular response to hormone stimulus,M1,1,0
1,-2.9,GO:0050866,negative regulation of cell activation,M1,1,0
1,-3,WP2873,Aryl Hydrocarbon Receptor Pathway,M1,1,0
1,-2.6,GO:0048598,embryonic morphogenesis,M1,1,0
1,-2.1,GO:0050864,regulation of B cell activation,M1,1,0
1,-3,GO:0030330,"DNA damage response, signal transduction by p53 class mediator",M1,1,0
1,-2.3,GO:0071277,cellular response to calcium ion,M1,1,0
1,-2.3,GO:0072164,mesonephric tubule development,M1,1,0
1,-4,R-HSA-187037,Signaling by NTRK1 (TRKA),M1,1,0
1,-2.4,R-HSA-3700989,Transcriptional Regulation by TP53,M1,1,0
1,-2.2,GO:0072593,reactive oxygen species metabolic process,M1,1,0
1,-2.4,GO:2001242,regulation of intrinsic apoptotic signaling pathway,M1,1,0
1,-2,GO:0032963,collagen metabolic process,M1,1,0
1,-3.9,GO:0042093,T-helper cell differentiation,M1,1,0
1,-2.3,GO:0018205,peptidyl-lysine modification,M1,1,0
1,-2.2,GO:0001823,mesonephros development,M1,1,0
1,-2.9,GO:1901654,response to ketone,M1,1,0
1,-2.1,GO:0060326,cell chemotaxis,M1,1,0
1,-3,GO:0031331,positive regulation of cellular catabolic process,M1,1,0
1,-4.4,ko04657,IL-17 signaling pathway,M1,1,0
1,-2.6,GO:0046637,regulation of alpha-beta T cell differentiation,M1,1,0
1,-6.2,GO:0043433,negative regulation of DNA-binding transcription factor activity,M1,1,0
1,-2.4,GO:0034121,regulation of toll-like receptor signaling pathway,M1,1,0
1,-2.4,GO:0072507,divalent inorganic cation homeostasis,M1,1,0
1,-2.6,GO:0045765,regulation of angiogenesis,M1,1,0
1,-2.5,GO:0051592,response to calcium ion,M1,1,0
1,-2.6,GO:0009896,positive regulation of catabolic process,M1,1,0
1,-5.7,GO:0050865,regulation of cell activation,M1,1,0
1,-3.4,GO:2001236,regulation of extrinsic apoptotic signaling pathway,M1,1,0
1,-3,GO:0043616,keratinocyte proliferation,M1,1,0
1,-5.3,GO:1903034,regulation of response to wounding,M1,1,0
1,-2,GO:0031396,regulation of protein ubiquitination,M1,1,0
1,-3,R-HSA-109582,Hemostasis,M1,1,0
1,-2.1,GO:0071396,cellular response to lipid,M1,1,0
1,-4.5,hsa05418,Fluid shear stress and atherosclerosis,M1,1,0
1,-2,GO:0032649,regulation of interferon-gamma production,M1,1,0
1,-3.1,R-HSA-168188,Toll Like Receptor TLR6:TLR2 Cascade,M1,1,0
1,-2.6,GO:0032729,positive regulation of interferon-gamma production,M1,1,0
1,-3.8,GO:2001235,positive regulation of apoptotic signaling pathway,M1,1,0
1,-3.2,GO:0001933,negative regulation of protein phosphorylation,M1,1,0
1,-2.6,GO:0031668,cellular response to extracellular stimulus,M1,1,0
1,-2,GO:0006163,purine nucleotide metabolic process,M1,1,0
1,-2.6,GO:2000514,"regulation of CD4-positive, alpha-beta T cell activation",M1,1,0
1,-2.8,GO:0043281,regulation of cysteine-type endopeptidase activity involved in apoptotic process,M1,1,0
1,-2.5,hsa05031,Amphetamine addiction,M1,1,0
1,-3.6,GO:0042542,response to hydrogen peroxide,M1,1,0
1,-2.8,GO:0010001,glial cell differentiation,M1,1,0
1,-3.5,ko04610,Complement and coagulation cascades,M1,1,0
1,-3.1,GO:0072331,signal transduction by p53 class mediator,M1,1,0
1,-3.1,GO:0034142,toll-like receptor 4 signaling pathway,M1,1,0
1,-3.4,GO:0048514,blood vessel morphogenesis,M1,1,0
1,-2.1,GO:0010717,regulation of epithelial to mesenchymal transition,M1,1,0
1,-2.1,GO:0032651,regulation of interleukin-1 beta production,M1,1,0
1,-4.1,GO:0002260,lymphocyte homeostasis,M1,1,0
1,-2,hsa05231,Choline metabolism in cancer,M1,1,0
1,-2.7,GO:0090303,positive regulation of wound healing,M1,1,0
1,-2.6,M255,PID HIF1 TFPATHWAY,M1,1,0
1,-6,GO:0061041,regulation of wound healing,M1,1,0
1,-2.4,WP289,Myometrial Relaxation and Contraction Pathways,M1,1,0
1,-3.6,GO:0043280,positive regulation of cysteine-type endopeptidase activity involved in apoptotic process,M1,1,0
1,-2.1,GO:0002253,activation of immune response,M1,1,0
1,-2.6,GO:0006875,cellular metal ion homeostasis,M1,1,0
1,-2.2,GO:0006873,cellular ion homeostasis,M1,1,0
1,-3.6,GO:0046649,lymphocyte activation,M1,1,0
1,-4.4,GO:0002366,leukocyte activation involved in immune response,M1,1,0
1,-4.7,M145,PID P53 DOWNSTREAM PATHWAY,M1,1,0
1,-4.7,R-HSA-9031628,NGF-stimulated transcription,M1,1,0
1,-2.2,GO:0006956,complement activation,M1,1,0
1,-2.8,GO:0070661,leukocyte proliferation,M1,1,0
1,-2.3,GO:0002819,regulation of adaptive immune response,M1,1,0
1,-3.8,GO:0097193,intrinsic apoptotic signaling pathway,M1,1,0
1,-2.1,GO:0071496,cellular response to external stimulus,M1,1,0
1,-4.2,GO:0051412,response to corticosterone,M1,1,0
1,-2.3,GO:0008625,extrinsic apoptotic signaling pathway via death domain receptors,M1,1,0
1,-2.4,GO:0032680,regulation of tumor necrosis factor production,M1,1,0
1,-2.1,GO:1903706,regulation of hemopoiesis,M1,1,0
1,-2.7,GO:1902041,regulation of extrinsic apoptotic signaling pathway via death domain receptors,M1,1,0
1,-4,GO:0032623,interleukin-2 production,M1,1,0
1,-4.2,GO:0048545,response to steroid hormone,M1,1,0
1,-4.4,GO:0051591,response to cAMP,M1,1,0
1,-6.2,GO:0097190,apoptotic signaling pathway,M1,1,0
1,-2.5,GO:0010038,response to metal ion,M1,1,0
1,-4.8,GO:0052547,regulation of peptidase activity,M1,1,0
1,-2.9,GO:0007162,negative regulation of cell adhesion,M1,1,0
1,-3.9,GO:0007159,leukocyte cell-cell adhesion,M1,1,0
1,-5.5,GO:0031960,response to corticosteroid,M1,1,0
1,-2.7,GO:0045604,regulation of epidermal cell differentiation,M1,1,0
1,-2.3,GO:0042330,taxis,M1,1,0
1,-8.4,GO:0051090,regulation of DNA-binding transcription factor activity,M1,1,0
1,-2.1,GO:0042391,regulation of membrane potential,M1,1,0
1,-2.5,GO:0061045,negative regulation of wound healing,M1,1,0
1,-2.3,GO:0030198,extracellular matrix organization,M1,1,0
1,-2,GO:0043009,chordate embryonic development,M1,1,0
1,-2.1,GO:0030335,positive regulation of cell migration,M1,1,0
1,-2.8,GO:0034599,cellular response to oxidative stress,M1,1,0
1,-3,GO:0046632,alpha-beta T cell differentiation,M1,1,0
1,-3.7,GO:0010952,positive regulation of peptidase activity,M1,1,0
1,-3.6,GO:0002696,positive regulation of leukocyte activation,M1,1,0
1,-2.2,GO:1901216,positive regulation of neuron death,M1,1,0
1,-2.5,GO:0048708,astrocyte differentiation,M1,1,0
1,-2.5,GO:0070663,regulation of leukocyte proliferation,M1,1,0
1,-3.8,GO:0002287,alpha-beta T cell activation involved in immune response,M1,1,0
1,-3,GO:0002286,T cell activation involved in immune response,M1,1,0
1,-3.4,GO:1903037,regulation of leukocyte cell-cell adhesion,M1,1,0
1,-3.1,R-HSA-166058,MyD88:MAL(TIRAP) cascade initiated on plasma membrane,M1,1,0
1,-4.9,GO:2001233,regulation of apoptotic signaling pathway,M1,1,0
1,-3.2,WP2355,Corticotropin-releasing hormone signaling pathway,M1,1,0
1,-2.2,GO:1904018,positive regulation of vasculature development,M1,1,0
1,-2.1,GO:0071674,mononuclear cell migration,M1,1,0
1,-2.4,M66,PID MYC ACTIV PATHWAY,M1,1,0
1,-4.7,GO:0043065,positive regulation of apoptotic process,M1,1,0
1,-2,GO:0034612,response to tumor necrosis factor,M1,1,0
1,-2.4,GO:0002822,regulation of adaptive immune response based on somatic recombination of immune receptors built from immunoglobulin superfamily domains,M1,1,0
1,-2,GO:0044706,multi-multicellular organism process,M1,1,0
1,-3.4,GO:0097305,response to alcohol,M1,1,0
1,-2.5,GO:0046631,alpha-beta T cell activation,M1,1,0
1,-2.3,GO:0070664,negative regulation of leukocyte proliferation,M1,1,0
1,-2,GO:0048638,regulation of developmental growth,M1,1,0
1,-4,M166,PID ATF2 PATHWAY,M1,1,0
1,-2.6,GO:0070997,neuron death,M1,1,0
1,-4.6,GO:0050678,regulation of epithelial cell proliferation,M1,1,0
1,-3.7,R-HSA-166520,Signaling by NTRKs,M1,1,0
1,-2.8,GO:1901214,regulation of neuron death,M1,1,0
1,-3.8,GO:0002294,"CD4-positive, alpha-beta T cell differentiation involved in immune response",M1,1,0
1,-2.2,GO:1903035,negative regulation of response to wounding,M1,1,0
1,-2.4,GO:0031397,negative regulation of protein ubiquitination,M1,1,0
1,-2.1,GO:0046634,regulation of alpha-beta T cell activation,M1,1,0
1,-2.2,GO:0043299,leukocyte degranulation,M1,1,0
1,-2,GO:2000147,positive regulation of cell motility,M1,1,0
1,-3.5,WP2882,Nuclear Receptors Meta-Pathway,M1,1,0
1,-2.1,GO:0002444,myeloid leukocyte mediated immunity,M1,1,0
1,-3.1,R-HSA-1236975,Antigen processing-Cross presentation,M1,1,0
1,-2.9,GO:0050801,ion homeostasis,M1,1,0
1,-2.7,ko04380,Osteoclast differentiation,M1,1,0
1,-5,GO:0052548,regulation of endopeptidase activity,M1,1,0
1,-2.2,GO:0030510,regulation of BMP signaling pathway,M1,1,0
1,-2.2,GO:0007565,female pregnancy,M1,1,0
1,-3.2,GO:0002367,cytokine production involved in immune response,M1,1,0
1,-2.2,GO:1901796,regulation of signal transduction by p53 class mediator,M1,1,0
1,-2.2,GO:0045766,positive regulation of angiogenesis,M1,1,0
1,-3.1,GO:0035710,"CD4-positive, alpha-beta T cell activation",M1,1,0
1,-2.1,GO:0031099,regeneration,M1,1,0
1,-4.8,GO:0009611,response to wounding,M1,1,0
1,-3.1,GO:0032570,response to progesterone,M1,1,0
1,-4.4,GO:2001056,positive regulation of cysteine-type endopeptidase activity,M1,1,0
1,-2.5,WP2880,Glucocorticoid Receptor Pathway,M1,1,0
1,-3,GO:0042063,gliogenesis,M1,1,0
1,-2,GO:0032611,interleukin-1 beta production,M1,1,0
1,-2,GO:0006874,cellular calcium ion homeostasis,M1,1,0
1,-4.1,GO:0051345,positive regulation of hydrolase activity,M1,1,0
1,-3.1,R-HSA-181438,Toll Like Receptor 2 (TLR2) Cascade,M1,1,0
1,-6.4,M167,PID AP1 PATHWAY,M1,1,0
1,-2.3,GO:0071706,tumor necrosis factor superfamily cytokine production,M1,1,0
1,-2.1,GO:0009259,ribonucleotide metabolic process,M1,1,0
1,-2.2,GO:0030316,osteoclast differentiation,M1,1,0
1,-2.7,WP2849,Hematopoietic Stem Cell Differentiation,M1,1,0
1,-2.4,GO:0002224,toll-like receptor signaling pathway,M1,1,0
1,-3.6,GO:0001568,blood vessel development,M1,1,0
1,-3.7,GO:0046683,response to organophosphorus,M1,1,0
1,-2.6,GO:0014823,response to activity,M1,1,0
1,-3.2,GO:0002697,regulation of immune effector process,M1,1,0
1,-3.4,GO:0001944,vasculature development,M1,1,0
1,-2.7,GO:0042770,signal transduction in response to DNA damage,M1,1,0
1,-4.1,GO:0050673,epithelial cell proliferation,M1,1,0
1,-2.3,M2,PID SMAD2 3NUCLEAR PATHWAY,M1,1,0
1,-2.2,GO:0002521,leukocyte differentiation,M1,1,0
1,-2.7,R-HSA-418594,G alpha (i) signalling events,M1,1,0
1,-2,GO:0055080,cation homeostasis,M1,1,0
1,-3.1,M164,PID ERBB1 DOWNSTREAM PATHWAY,M1,1,0
1,-2.3,GO:0022409,positive regulation of cell-cell adhesion,M1,1,0
1,-3,WP2877,Vitamin D Receptor Pathway,M1,1,0
1,-3.7,GO:0002292,T cell differentiation involved in immune response,M1,1,0
1,-2.8,R-HSA-1474244,Extracellular matrix organization,M1,1,0
1,-3.5,GO:0043516,"regulation of DNA damage response, signal transduction by p53 class mediator",M1,1,0
1,-3.6,WP4216,Chromosomal and microsatellite instability in colorectal cancer ,M1,1,0
1,-5.1,GO:0009629,response to gravity,M1,1,0
1,-2.2,WP1772,Apoptosis Modulation and Signaling,M1,1,0
1,-3,WP4754,IL-18 signaling pathway,M1,1,0
1,-2.3,GO:1902532,negative regulation of intracellular signal transduction,M1,1,0
1,-2.1,GO:0031124,mRNA 3'-end processing,M1,1,0
1,-2.3,GO:0001657,ureteric bud development,M1,1,0
1,-3.6,GO:0033137,negative regulation of peptidyl-serine phosphorylation,M1,1,0
1,-3.3,GO:1903321,negative regulation of protein modification by small protein conjugation or removal,M1,1,0
1,-2.6,GO:0048762,mesenchymal cell differentiation,M1,1,0
1,-3.5,GO:0051385,response to mineralocorticoid,M1,1,0
1,-3.6,GO:0050900,leukocyte migration,M1,1,0
1,-4.3,GO:0050867,positive regulation of cell activation,M1,1,0
1,-2.2,GO:0007369,gastrulation,M1,1,0
1,-2.2,GO:0009150,purine ribonucleotide metabolic process,M1,1,0
1,-2,GO:0051272,positive regulation of cellular component movement,M1,1,0
1,-4.1,GO:0001819,positive regulation of cytokine production,M1,1,0
1,-3.1,R-HSA-168179,Toll Like Receptor TLR1:TLR2 Cascade,M1,1,0
1,-2.1,GO:0007200,phospholipase C-activating G protein-coupled receptor signaling pathway,M1,1,0
1,-2.4,GO:0034614,cellular response to reactive oxygen species,M1,1,0
1,-2.1,GO:0051348,negative regulation of transferase activity,M1,1,0
1,-4.4,ko04145,Phagosome,M1,1,0
1,-2.1,GO:1904035,regulation of epithelial cell apoptotic process,M1,1,0
1,-3,M5885,NABA MATRISOME ASSOCIATED,M1,1,0
1,-2,GO:0062207,regulation of pattern recognition receptor signaling pathway,M1,1,0
1,-4,R-HSA-198725,Nuclear Events (kinase and transcription factor activation),M1,1,0
1,-2,GO:0007517,muscle organ development,M1,1,0
1,-5.9,GO:0051384,response to glucocorticoid,M1,1,0
1,-3.3,GO:0045622,regulation of T-helper cell differentiation,M1,1,0
1,-2.6,ko05031,Amphetamine addiction,M1,1,0
1,-4,GO:0032663,regulation of interleukin-2 production,M1,1,0
1,-3.7,WP366,TGF-beta Signaling Pathway,M1,1,0
1,-4.9,GO:0042060,wound healing,M1,1,0
1,-2.3,GO:0006959,humoral immune response,M1,1,0
1,-2.2,GO:0070301,cellular response to hydrogen peroxide,M1,1,0
1,-5.3,GO:0043068,positive regulation of programmed cell death,M1,1,0
1,-3.3,GO:0010837,regulation of keratinocyte proliferation,M1,1,0
1,-3.7,M55,PID S1P S1P3 PATHWAY,M1,1,0
